4807 11140
0 1370 900 32
1 2011 1600 17
2 2401 1100 20
3 1874 800 12
4 1879 800 17
5 1893 800 23
6 1969 800 48
7 1976 600 44
8 3447 600 33
9 2011 1600 17
10 2866 600 49
11 3626 400 27
12 3498 1800 26
13 3498 1800 26
14 3440 700 16
15 3575 800 36
16 3838 400 231
17 2451 1800 67
18 2794 1800 110
19 2165 1800 55
20 3842 1800 55
21 3308 1800 70
22 3349 1800 72
23 3727 1800 50
24 3418 1800 87
24 3717 1800 90
25 4768 1800 87
26 3884 1800 20
27 3709 1800 45
28 2790 1800 112
29 3729 1800 120
30 3881 1800 85
31 2798 1800 57
32 1068 1800 72
33 2164 1800 52
34 2981 1800 65
35 2980 1800 25
36 2977 1800 47
37 3173 1800 50
38 2851 1800 70
39 2179 1800 55
40 1890 1800 77
41 3201 1800 80
42 1967 1800 57
43 2530 1800 47
44 2815 1800 87
45 1977 1800 100
46 3291 1800 332
47 3292 1800 155
48 3408 1800 165
49 2190 1800 40
50 3234 1800 77
51 3232 1800 80
52 3233 1800 80
53 1348 1800 37
54 2755 1800 65
55 2193 1800 45
56 3170 1800 47
57 2594 1800 37
58 2185 1800 27
59 2754 1800 30
60 2184 1800 90
61 2859 1800 37
62 2554 1800 30
63 3355 1800 67
64 3231 1800 62
65 3339 1800 57
66 2752 1800 47
67 3338 1800 65
68 3359 1800 25
69 3340 1800 60
70 2532 1800 47
71 2762 1800 45
72 2589 1800 42
73 2112 1800 45
74 2110 1800 114
75 2178 1800 140
76 3329 1800 52
77 3410 1800 42
78 1338 1800 117
78 2749 1800 65
79 1344 1800 60
80 3433 1800 30
81 2770 1800 62
82 2116 1800 37
83 3400 1800 45
84 3399 1800 137
85 2753 1800 50
86 2443 1800 272
87 3006 1800 37
88 2751 1800 42
89 2198 1800 25
90 1987 100 430
90 3297 100 437
91 2085 1800 177
92 3296 1800 120
93 1999 1800 95
94 2000 1800 117
95 2490 1800 107
96 1137 1800 105
97 3299 1800 90
98 1985 1800 297
99 2595 1800 262
100 3398 1800 127
101 3283 1800 300
102 2474 1800 137
103 3037 1800 72
104 3680 1800 52
105 3275 1800 114
106 3271 1800 47
107 3038 1800 55
108 3746 1800 135
109 3659 1800 142
110 2546 1800 40
111 2953 1800 42
112 3358 1800 35
113 3357 1800 50
114 2951 1800 45
115 3336 1800 47
116 2590 1800 65
117 2442 1800 120
118 3282 100 204
118 3435 100 375
119 3284 1800 114
120 2194 1800 75
121 3281 1800 140
122 2195 1800 57
123 2203 1800 102
124 3684 1800 72
125 3148 1800 50
126 3280 1800 100
127 2592 1800 75
128 2199 1800 147
129 2549 1800 30
130 2200 1800 40
131 1915 1800 60
132 3273 1800 57
133 3700 1800 182
134 3578 1800 130
135 3285 1800 465
136 1917 1800 35
137 2596 1800 105
138 3208 1800 30
138 4763 1800 110
139 3413 1800 57
140 2606 1800 15
141 1151 1800 40
142 2607 1800 32
143 3429 1800 30
144 2375 1800 30
145 2608 1800 32
146 2609 1800 30
147 2613 1800 30
148 2387 1800 22
149 3224 1800 15
150 2389 1800 35
151 3327 1800 22
152 2388 1800 22
153 2383 1800 62
154 2382 1800 37
155 3428 1800 37
155 3423 1800 22
156 3870 1800 42
157 1989 1800 32
158 3414 1800 40
159 1990 1800 142
160 1139 1800 42
161 2091 1800 70
162 1139 1800 175
163 2925 1800 114
164 3411 1800 45
165 2537 1800 25
165 3888 1800 27
166 2187 1800 57
167 2189 1800 57
168 2440 1800 80
169 3309 1800 202
170 2986 1800 90
171 3360 1800 62
172 3361 1800 80
173 2827 1800 75
174 2828 1800 70
175 2562 1800 167
176 2825 1800 67
177 3288 1800 62
178 3290 1800 40
179 2822 1800 50
180 3288 1800 45
181 2111 1800 42
182 3731 1800 37
183 2111 1800 132
184 3636 1800 42
185 2183 1800 37
186 3303 1800 40
187 3626 400 30
188 3434 1800 35
189 2197 1800 170
190 3279 1800 72
191 2192 1800 165
192 2541 1800 157
193 2480 1800 95
194 3312 1800 195
195 3014 1800 190
196 2514 1800 120
197 1361 1800 142
198 3161 1800 67
199 1905 1800 152
200 3013 1800 65
201 2016 1800 72
201 2196 1800 95
202 1351 1800 60
203 4705 1800 20
204 2733 1800 50
205 3235 1800 57
206 2202 1800 87
207 3962 1800 82
208 1366 1800 55
209 1982 1800 45
210 3393 1800 47
211 3294 1800 60
212 2204 1800 105
213 3295 1800 67
214 3316 1800 57
215 3316 1800 122
216 2208 1800 97
217 3568 1800 162
218 3319 1800 55
219 3317 1800 62
220 2207 1800 32
221 3160 1800 42
222 2548 1800 55
223 2517 1800 57
224 3162 1800 110
224 3961 1800 225
225 3318 1800 100
226 1355 1800 142
227 3377 1800 32
228 2734 1800 52
229 3162 1800 85
230 3567 1800 95
231 3182 1800 77
232 2911 1800 45
233 2170 1800 32
234 3304 1800 32
235 2034 1800 47
236 4649 1800 22
237 3261 1800 72
238 3262 1800 52
239 1825 1800 62
240 2033 100 55
240 2486 100 50
241 1645 1800 42
242 2240 1800 30
243 2493 1800 60
244 3263 1800 100
245 2551 1800 105
246 1674 1800 50
247 2551 1800 120
248 1668 1800 57
249 2747 1800 30
250 2553 1800 20
251 1633 1800 62
251 1678 1800 42
252 2237 1800 105
253 1622 1800 50
254 2097 1800 42
255 1625 1800 45
255 2555 1800 70
256 3424 1800 92
257 1658 1800 27
258 2778 400 62
258 3424 400 30
259 2214 1800 20
260 1659 1800 25
261 2492 1800 30
262 2210 1800 82
263 1663 1800 40
264 2552 1800 27
265 2439 1800 67
266 2220 1800 77
267 3035 100 80
267 3263 100 165
268 4647 1800 75
269 2218 1800 30
270 2201 1800 60
271 2556 1800 35
272 2558 1800 75
273 3381 1800 35
274 2735 1800 67
275 3412 1800 30
276 3313 1800 40
277 3314 1800 52
278 2552 1800 30
279 3844 1800 27
280 3246 1800 120
281 3381 1800 122
282 2485 1800 52
283 1482 1800 60
284 2206 1800 82
285 2974 1800 25
286 2974 1800 80
287 2973 1800 55
288 3347 1800 72
289 2580 1800 105
290 3335 1800 52
291 2782 1800 60
292 2781 1800 82
293 1485 1800 60
294 2216 1800 65
295 2221 1800 17
296 1475 1800 75
297 1377 1800 97
298 2784 1800 75
299 1479 1800 180
300 3341 1800 45
301 3342 1800 162
302 3236 1800 32
303 3345 1800 52
304 3344 1800 47
305 3346 1800 72
306 2219 1800 140
307 3401 1800 75
308 2229 1800 65
309 2559 1800 77
310 1423 1800 45
310 2682 1800 50
311 2250 1800 67
312 2263 1800 27
313 2286 1800 30
314 1437 1800 17
315 2288 1800 35
316 1438 1800 50
317 1428 1800 22
318 3244 1800 27
319 2292 1800 15
320 2234 1800 75
321 2271 1800 20
322 2667 1800 42
323 4608 1800 10
324 2681 1800 32
325 1461 1800 52
326 1463 1800 52
327 2233 1800 60
328 1462 1800 30
329 1461 1800 40
330 1461 1800 67
331 2236 1800 22
332 2236 1800 30
333 4622 1800 65
334 2227 1800 67
335 2249 100 20
335 2509 100 35
336 2264 1800 15
337 2661 1800 57
338 4633 1800 17
339 1491 1800 30
339 2508 1800 50
340 2277 1800 30
341 2280 1800 60
342 2671 1800 12
343 2282 1800 12
344 2291 1800 27
345 2073 1800 37
346 2089 1800 32
347 2296 1800 12
348 2290 1800 17
349 2295 1800 25
350 2027 1800 47
350 2510 1800 57
351 3242 1800 50
351 3243 1800 55
352 3712 1800 42
353 2013 1800 40
354 2013 1800 70
355 3666 1800 35
356 3682 1800 57
357 3513 1800 65
358 3713 1800 100
359 2993 1800 42
360 2160 1800 57
361 1881 1800 122
362 3276 1800 62
363 3889 1800 12
364 2716 1800 57
365 3409 1800 32
366 3891 1800 35
367 2715 1800 32
368 2239 1800 82
369 2231 1800 60
370 2232 1800 92
371 2255 1800 35
372 2086 1800 37
373 2245 1800 20
374 2713 1800 40
375 2242 1800 40
376 2260 1800 65
377 1402 1800 27
378 2705 1800 62
379 2701 1800 75
380 2267 1800 35
381 3853 200 20
382 2698 1800 57
383 2273 1800 32
384 2278 1800 37
385 2688 1800 22
386 4735 1800 30
387 2272 1800 20
388 1417 1800 30
389 2687 1800 42
390 2256 1800 65
391 2430 1800 50
392 3240 1800 117
393 3241 1800 152
394 2700 1800 70
395 3854 1800 90
396 2561 1800 35
397 2150 1800 57
398 3105 1800 35
399 2223 1800 17
400 2215 1800 45
401 2561 1800 97
402 2693 1800 110
403 3337 1800 97
404 1397 1800 37
405 2710 1800 47
406 2139 1800 70
407 3239 1800 30
408 3238 1800 47
409 1396 1800 45
410 2431 1800 45
411 3237 1800 162
412 4523 1800 235
413 2293 1800 35
414 4805 1800 57
415 4260 1800 20
416 2287 1800 37
417 4252 1800 12
418 4634 1800 45
419 2657 1800 45
420 2268 1800 17
421 4623 1800 27
422 3488 1800 162
422 3489 1800 122
423 3487 1800 15
424 3711 1800 47
425 2655 1800 25
426 2294 1800 42
427 2243 1800 27
428 4798 1800 55
429 4567 1800 15
430 2555 1800 127
431 1545 1800 25
432 2283 1800 27
433 1586 1800 40
434 1590 1800 17
435 1593 1800 65
436 1597 1800 30
437 2257 1800 20
438 2265 1800 47
439 1612 1800 60
440 1616 1800 65
441 3098 1800 35
442 2299 1800 25
443 3619 1800 60
444 3108 1800 40
445 2252 1800 40
446 3100 1800 52
447 1580 1800 62
448 3395 1800 42
449 3639 1800 20
450 3862 1800 12
451 3607 1800 20
452 1516 1800 47
453 2059 1800 20
454 2635 1800 27
455 2026 1800 25
456 2298 1800 17
457 3778 1800 37
458 1511 1800 35
458 1524 400 27
459 1533 1800 25
460 1530 1800 30
461 1530 1800 22
461 1540 1800 40
461 4576 1800 22
461 1507 1800 17
462 2451 1800 55
463 2062 1800 142
464 2062 1800 197
465 2322 1800 57
466 2322 1800 37
467 2321 1800 40
468 2320 1800 35
469 2628 1800 15
470 3247 1800 17
471 2341 1800 12
472 4682 1800 15
473 4679 1800 12
474 4680 1800 12
475 2334 1800 45
476 1687 1800 37
477 3250 1800 75
478 3249 1800 12
479 3248 1800 32
480 3248 1800 50
481 2070 1800 17
482 2326 1800 25
483 1695 1800 15
484 1696 1800 20
485 2626 1800 12
486 2495 1800 12
487 4590 1800 20
488 4594 1800 30
489 4658 1800 12
490 2347 1800 15
491 2348 1800 20
492 1713 1800 17
493 2336 1800 17
493 3397 1800 17
494 4659 1800 15
495 2337 1800 30
495 3394 1800 32
496 2327 1800 12
497 1712 1800 42
498 2336 1800 25
498 3396 1800 27
499 2339 1800 15
500 4660 1800 12
501 2351 1800 27
502 2339 1800 20
503 2352 1800 15
504 3252 1800 12
505 2585 1800 25
505 3252 1800 27
506 2343 1800 25
507 2587 1800 25
507 2622 1800 30
508 2345 1800 12
509 2333 1800 15
510 3641 1800 20
511 4603 1800 40
512 2353 1800 27
513 2354 1800 20
514 4605 1800 20
515 1732 1800 12
516 2350 1800 17
517 2350 1800 22
518 1736 1800 20
519 1737 1800 20
520 1738 1800 37
521 1739 1800 35
522 3095 1800 12
523 3784 1800 12
524 1735 1800 42
525 1740 1800 40
526 4662 1800 55
527 4661 1800 70
528 2310 1800 82
529 2064 1800 25
530 2319 1800 67
531 1727 1800 40
532 1726 1800 30
533 3325 1800 12
534 3251 1800 12
535 2318 1800 12
536 2309 1800 20
537 3326 1800 35
538 1721 1800 12
539 3245 1800 37
540 3865 1800 32
541 2616 1800 32
542 4751 1800 40
543 2313 1800 42
544 3777 1800 30
545 2966 1800 40
546 3391 1800 45
547 3403 1800 40
548 3402 1800 35
549 3265 1800 62
550 3267 1800 105
551 1793 1800 125
552 3267 1800 82
553 1827 1800 62
554 2584 1800 92
555 3622 1800 30
556 4166 1800 30
557 3405 1800 47
558 3426 100 42
559 3391 100 12
560 2003 400 80
560 2002 400 75
560 2617 400 72
560 2940 400 75
560 3155 400 92
560 3593 400 57
561 3738 100 50
562 3574 1800 32
563 3383 1800 77
564 4545 1800 62
565 3320 1800 55
566 3157 1800 27
567 2241 1800 125
568 2241 1800 130
569 2241 1800 55
570 3268 1800 70
571 3407 1800 65
572 3559 1800 30
573 3852 1800 80
574 3356 1800 52
575 2251 1800 35
576 3269 1800 35
577 2262 1800 40
578 2276 1800 32
579 3389 1800 52
580 3392 1800 25
581 3257 1800 40
582 2289 1800 37
583 1836 1800 57
584 3210 1800 60
585 3321 1800 60
586 2300 1800 45
587 3120 1800 50
588 3258 1800 35
589 3745 1800 22
590 3742 1800 45
591 3158 1800 90
592 3301 1800 45
593 2305 1800 47
594 3324 1800 40
595 3334 1800 62
596 3333 1800 75
597 2169 1800 35
598 3331 1800 37
599 3332 1800 72
600 3715 1800 35
601 3858 1800 12
602 3770 1800 20
603 3362 1800 77
604 3363 1800 50
605 3216 1800 72
606 3438 1800 52
607 3192 1800 70
607 3835 1800 42
607 2526 1800 70
608 3492 1800 42
609 3436 1800 42
610 3855 1800 25
611 3437 1800 40
612 3894 100 42
613 2960 1800 112
614 2366 1800 32
615 3214 1800 67
616 3071 1800 25
617 2364 1800 40
618 2359 1800 70
619 2355 1800 32
620 2360 1800 17
621 3371 1800 52
622 3215 1800 50
623 3134 1800 40
624 3372 1800 57
625 3222 1800 42
626 3136 1800 110
627 3221 1800 57
628 3217 1800 52
629 2332 1800 92
630 1113 1800 35
631 1158 1800 12
632 2376 1800 82
633 2367 1800 20
634 4785 1800 17
635 2317 1800 20
636 3259 1800 82
637 2615 1800 50
638 3084 1800 82
639 3260 1800 102
640 1806 1800 152
641 2274 1800 42
642 3111 1800 52
643 2275 1800 90
644 2275 1800 100
645 2330 1800 57
646 1772 1800 65
647 2329 1800 80
648 3086 1800 57
649 2325 1800 50
650 2324 1800 22
651 1778 1800 52
652 1780 1800 25
653 1076 1800 52
654 1813 1800 30
655 1808 1800 42
656 2963 1800 30
657 3860 1800 32
657 3556 1800 35
658 3322 1800 72
658 3876 1800 87
658 3877 1800 112
659 1078 1800 22
660 3211 1800 70
661 3073 1800 67
662 2362 1800 60
662 3390 1800 47
663 2340 1800 37
664 1796 1800 65
665 4522 1800 90
666 1802 1800 82
667 1819 1800 145
668 1800 1800 65
669 2303 1800 47
670 2308 1800 52
671 1788 1800 70
672 3022 1800 45
673 2163 1800 32
674 2331 1800 20
675 2306 1800 40
676 2061 1800 32
677 1783 1800 35
678 1783 1800 70
679 1802 1800 42
680 2550 1800 20
681 3869 400 60
681 3867 400 42
682 2338 1800 30
683 4540 1800 20
684 1744 1800 17
685 1748 1800 20
686 1751 1800 12
687 2349 1800 15
688 3253 1800 17
689 3254 1800 22
690 4559 1800 17
691 1754 1800 17
692 2346 1800 15
693 1755 1800 17
694 1758 1800 12
695 1762 1800 35
696 1762 1800 30
697 1761 1800 20
698 1757 1800 37
698 1759 1800 35
699 1766 1800 27
700 3085 1800 17
701 2105 1800 12
702 2357 1800 42
703 1770 1800 15
704 1769 1800 40
705 2363 1800 50
706 2448 1800 47
707 1094 1800 35
708 2368 1800 32
709 4674 1800 17
710 2371 1800 37
710 2503 1800 30
711 1092 1800 12
712 3419 1800 35
713 2365 1800 42
713 3422 1800 45
714 2356 1800 42
715 2020 1800 25
716 1103 1800 95
717 2372 1800 60
718 3212 1800 32
719 3213 1800 35
720 2370 1800 42
721 4794 1800 50
722 2603 1800 22
723 2605 1800 32
724 3431 1800 25
725 1110 1800 12
726 2369 1800 20
727 1178 1800 55
728 2386 1800 127
729 3225 1800 42
730 2391 1800 37
731 1184 1800 30
732 3061 1800 50
733 1165 1800 37
734 1175 1800 27
735 1168 1800 22
736 2397 1800 15
737 2396 1800 15
738 2399 1800 47
738 3373 1800 40
739 2400 1800 60
740 2402 1800 17
741 1169 1800 17
742 2400 1800 12
743 3374 1800 27
744 1189 1800 37
745 3375 1800 27
746 1193 1800 12
747 1237 1800 42
748 3060 1800 17
749 2403 1800 12
750 2405 1800 22
751 1241 1800 25
752 2122 1800 42
753 2141 1800 22
754 1240 1800 27
755 2056 1800 37
756 2565 1800 40
757 2566 1800 30
757 2567 1800 62
758 2564 1800 35
759 1230 1800 70
759 1255 1800 82
760 1227 1800 37
761 1230 1800 42
762 1183 1800 57
763 3028 1800 72
764 3029 1800 47
765 3026 1800 62
766 1215 1800 37
767 3030 1800 65
768 3307 1800 45
769 1212 1800 47
770 3227 1800 57
771 3305 1800 77
772 3582 1800 47
773 3228 1800 80
774 2093 1800 150
775 3050 1800 120
776 1280 1800 80
777 3051 1800 45
778 2392 1800 62
779 2398 1800 35
780 2393 1800 52
781 2044 1800 132
782 3045 1800 67
783 2406 1800 42
784 2573 1800 80
785 2573 1800 90
786 2143 1800 32
787 2574 1800 42
788 1260 1800 65
789 3041 1800 45
790 2575 1800 57
791 3059 1800 47
792 2449 1800 55
792 3055 1800 45
793 3376 1800 80
794 1259 1800 52
795 2409 1800 60
796 1268 1800 37
797 2570 1800 22
798 2043 1800 32
799 2412 1800 30
800 1275 1800 55
801 2414 1800 25
802 2465 1800 27
803 2417 1800 27
804 3378 1800 40
805 2466 1800 27
806 2156 1800 47
807 2415 1800 45
808 3760 1800 12
809 2455 1800 37
810 2047 1800 70
811 2576 1800 22
812 2125 1800 20
813 2135 1800 25
814 2131 1800 85
815 2048 1800 67
816 2173 1800 90
817 1295 1800 40
818 1296 1800 17
819 2450 1800 45
820 1294 1800 40
821 1302 1800 37
822 1303 1800 30
823 1309 1800 30
824 1300 1800 47
825 1951 1800 32
826 2438 1800 15
827 2578 1800 12
828 1949 1800 12
829 3446 1800 12
830 2858 1800 35
831 2095 1800 30
832 2424 1800 45
833 3528 300 40
833 3531 400 32
834 2997 1800 22
835 3520 1800 37
836 2009 1800 32
837 3516 1800 32
838 1340 1800 30
839 1306 1800 32
840 2213 1800 37
841 3533 1800 27
842 3523 1800 12
842 3535 1800 12
843 2426 1800 12
844 2108 1800 162
845 1856 1800 22
846 3443 1800 20
847 1362 1800 52
848 3439 1800 42
849 3442 1800 40
850 1855 1800 75
851 2938 1800 57
852 3725 1800 72
853 2082 1800 117
854 3203 1800 105
854 3661 1800 117
855 3730 1800 52
856 3649 1800 52
857 3880 1800 72
857 3883 1800 67
858 3883 1800 45
859 3476 1800 202
860 3841 1800 67
861 3710 1800 35
862 3749 1800 62
863 3793 1800 114
864 3758 1800 80
865 3625 1800 25
866 3625 1800 57
866 3658 1800 32
867 1891 1800 40
868 3540 1800 65
869 3678 1800 42
870 3657 1800 27
871 3773 1800 42
872 3689 1800 65
873 3685 1800 35
874 3706 1800 737
875 3348 1800 67
876 3751 1800 47
877 1886 1800 62
878 3602 1800 62
879 3231 1800 42
880 3706 1800 107
881 3688 1800 50
882 3627 1800 47
883 3773 1800 155
884 3289 1800 17
885 3690 1800 107
886 3686 1800 52
887 3637 1800 40
888 3232 1800 70
889 2491 1800 95
890 2976 1800 95
891 3651 1800 40
892 3283 1800 352
893 3733 1800 45
894 3719 1800 40
895 3679 1800 32
896 3733 1800 30
897 3707 1800 52
898 2894 1800 62
899 2844 1800 32
900 2537 1800 37
901 1346 1800 35
902 3708 1800 52
903 3601 1800 20
904 3720 1800 130
905 3629 1800 45
906 3660 1800 50
907 3791 1800 37
908 3309 1800 97
909 3683 1800 45
910 2740 1800 37
911 3665 1800 50
912 2749 1800 27
913 2750 1800 15
914 4422 1800 52
915 3656 1800 27
916 2786 1800 62
917 3278 1800 62
918 3632 1800 220
919 3572 1800 57
920 3655 1800 55
921 3496 1800 70
922 3628 1800 45
923 3654 1800 30
924 3664 1800 37
925 3668 1800 32
926 2019 1800 25
927 2205 1800 132
928 3890 1800 12
929 2945 1800 62
930 2945 1800 100
931 3701 1800 67
932 3621 1800 47
933 3676 1800 50
934 3675 1800 97
935 3681 1800 42
936 2810 1800 42
937 3740 1800 25
938 3674 1800 107
939 3645 1800 42
940 3276 1800 114
941 2928 1800 32
942 1851 1800 72
943 3620 1800 15
944 3604 1800 17
945 3741 1800 27
946 3961 1800 75
947 3155 1800 30
948 3562 1800 42
949 1633 1800 32
950 1395 1800 45
951 2118 1800 47
952 3743 1800 30
953 2224 1800 25
954 2590 1800 52
955 3274 1800 92
956 3687 1800 65
957 2940 1800 25
958 3702 1800 52
959 3416 1800 32
960 4640 1800 42
961 4704 100 45
961 4780 100 45
962 3612 1800 65
963 3417 1800 37
964 4710 1800 52
965 4624 1800 37
966 2266 1800 40
967 3614 1800 17
968 3491 1800 80
969 3366 1800 45
970 2652 1800 27
971 3754 1800 25
972 3617 1800 42
973 2087 1800 52
974 4799 1800 35
975 2259 1800 45
976 4779 1800 35
977 3036 1800 57
978 3639 1800 42
979 2648 1800 42
980 2697 1800 47
981 3770 1800 55
981 3774 1800 37
982 3693 1800 30
983 3300 1800 162
984 3616 1800 40
985 2698 400 52
986 1853 1800 32
987 1381 1800 172
988 3124 1800 27
989 1401 1800 32
990 3771 1800 35
991 3856 1800 40
992 3714 1800 75
993 1605 1800 27
994 3594 1800 32
995 3595 1800 45
996 3618 1800 32
997 3547 1800 45
998 3854 1800 182
999 4566 1800 47
999 4798 1800 32
1000 3609 1800 22
1001 3756 1800 30
1002 3605 1800 27
1003 2586 1800 25
1004 3364 1800 32
1005 1439 1800 17
1006 3697 1800 47
1007 3776 1800 15
1008 4157 1800 45
1009 3638 1800 30
1010 3501 1800 32
1011 3692 1800 30
1012 1551 1800 32
1012 3653 1800 27
1013 2637 1800 22
1013 3608 1800 27
1014 1504 1800 27
1015 3185 1800 40
1016 4577 1800 15
1017 3835 1800 27
1018 3624 1800 15
1019 3716 1800 17
1020 3606 1800 32
1020 3608 1800 27
1021 3650 1800 72
1022 2636 1800 25
1023 1521 1800 25
1024 3696 1800 122
1025 2312 1800 27
1026 3596 1800 37
1027 3735 1800 57
1028 3635 1800 42
1029 4793 1800 17
1030 2061 1800 37
1031 2326 1800 25
1032 1708 1800 15
1033 1723 1800 15
1034 2023 1800 27
1035 4683 1800 17
1036 2585 1800 30
1036 3252 1800 25
1037 1755 1800 17
1038 3630 1800 12
1039 3641 1800 12
1040 3642 1800 12
1041 1772 1800 60
1042 3633 1800 45
1043 3633 1800 30
1044 2448 1800 20
1045 3597 1800 57
1046 3677 1800 32
1047 2502 1800 17
1048 2374 1800 17
1049 2376 1800 32
1050 1215 1800 37
1051 3669 1800 60
1052 1168 1800 25
1053 3598 1800 62
1054 3063 1800 25
1055 2567 1800 52
1056 3631 1800 50
1057 2046 1800 45
1058 2094 1800 42
1059 2123 1800 30
1060 2414 1800 32
1061 3767 1800 25
1062 2460 1800 27
1063 2171 1800 22
1064 3634 1800 42
1065 3229 1800 17
1066 2050 1800 22
1067 3658 1800 17
1068 2798 400 25
1068 2799 400 42
1068 32 1800 72
1069 1072 500 20
1069 2297 800 20
1069 3594 800 55
1070 1837 400 22
1070 3127 400 29
1070 3389 800 25
1070 3594 800 19
1071 2297 800 29
1071 2300 400 17
1071 4071 800 45
1072 2300 400 78
1072 3123 400 44
1072 1069 500 20
1073 1836 400 36
1073 2289 400 34
1073 3127 400 30
1073 3595 400 21
1074 3073 800 52
1074 3211 600 17
1074 4797 800 45
1075 4072 800 6
1075 4073 1100 4
1075 4074 800 6
1075 4075 1100 4
1076 1815 600 12
1076 3078 600 21
1076 3084 400 28
1076 653 1800 52
1077 1078 400 46
1077 3075 600 22
1077 4671 600 13
1078 2021 400 27
1078 2022 400 22
1078 1077 400 46
1078 659 1800 22
1079 1081 800 33
1079 2021 400 13
1079 4796 800 4
1080 4671 600 4
1080 4672 800 6
1080 4673 800 6
1081 2340 400 45
1081 4673 800 4
1081 1079 800 33
1082 1085 400 42
1082 2340 400 18
1082 2361 400 26
1082 2362 400 50
1083 1086 800 12
1083 2361 400 32
1083 3074 800 45
1084 1091 400 22
1084 2362 400 36
1084 3390 400 32
1085 3390 400 22
1085 4268 400 9
1085 1082 400 42
1086 1994 400 34
1086 3419 800 25
1086 1083 800 12
1087 3419 800 15
1087 3420 1000 29
1087 4186 1000 6
1088 4268 400 6
1088 4273 1000 12
1088 4274 400 7
1088 4275 1000 5
1089 2767 400 54
1089 2768 400 62
1090 1995 400 51
1090 2365 400 18
1090 4187 1000 18
1091 1093 400 42
1091 2499 1000 22
1091 2501 1000 24
1091 1084 400 22
1092 2371 400 25
1092 2372 400 75
1092 2500 400 33
1092 711 1800 12
1093 2500 400 31
1093 4674 400 18
1093 1091 400 42
1094 2368 400 30
1094 2448 1000 20
1094 2501 1000 14
1094 707 1800 35
1095 1769 400 137
1095 2368 400 13
1095 2502 400 21
1096 3212 400 27
1096 3213 400 40
1096 3421 400 33
1097 3072 1000 9
1097 3212 400 24
1097 3422 400 15
1097 1090 1000 26
1098 2910 1100 9
1098 3213 400 34
1098 4794 1100 9
1099 1102 400 30
1099 2370 400 54
1099 3422 400 15
1100 1101 400 40
1100 2020 400 20
1100 3069 400 17
1101 1104 400 26
1101 3214 400 40
1101 1100 400 40
1102 1103 400 42
1102 2020 400 48
1102 2369 400 63
1102 1099 400 30
1103 1995 400 49
1103 2104 400 45
1103 2365 400 63
1103 1102 400 42
1103 716 1800 95
1104 2104 400 54
1104 3068 400 46
1104 1101 400 26
1105 1107 400 40
1105 2366 400 13
1105 3069 400 45
1106 1107 400 56
1106 1109 1000 9
1106 2611 1000 15
1107 1111 400 45
1107 3432 400 16
1107 1105 400 40
1107 1106 400 56
1108 2369 400 30
1108 2370 400 25
1108 3432 400 30
1109 4188 800 9
1109 4189 1000 6
1109 1106 1000 9
1110 1111 800 30
1110 2375 400 64
1110 4188 800 20
1110 725 1800 12
1111 1112 800 9
1111 1107 400 45
1111 1110 800 30
1112 1113 400 43
1112 3066 800 21
1112 1111 800 9
1113 1156 400 46
1113 1159 400 29
1113 1112 400 43
1113 630 1800 35
1114 1115 800 19
1114 1117 600 45
1114 2364 800 18
1115 1116 800 7
1115 3215 400 53
1115 1114 800 19
1116 1118 800 10
1116 2360 400 38
1116 1115 800 7
1117 2360 400 16
1117 3194 600 45
1117 1114 600 45
1118 1119 800 26
1118 3215 400 25
1118 1116 800 10
1119 2102 800 25
1119 3195 400 12
1119 1118 800 26
1120 4082 800 6
1120 4084 1100 4
1120 4087 800 6
1120 4089 1100 4
1121 4081 800 6
1121 4775 800 6
1121 4776 600 4
1121 4792 800 8
1122 2498 600 7
1122 3130 600 21
1122 3133 400 67
1123 2498 600 48
1123 3134 400 51
1123 3135 600 14
1124 3921 1100 7
1124 3922 900 8
1124 3923 1100 6
1124 3935 1466 5
1125 2522 400 8
1125 3135 600 30
1125 4697 600 36
1126 4695 1100 8
1126 4696 1100 4
1126 4698 600 6
1127 3218 1866 7
1127 4463 800 17
1127 4464 1100 6
1128 2856 1800 63
1129 1205 900 25
1129 3219 1800 37
1130 4518 1800 10
1131 2853 1800 102
1132 4786 600 10
1132 4788 1100 5
1132 4789 800 9
1132 4791 1000 5
1133 1134 900 52
1133 1135 800 6
1134 2470 1800 114
1135 2842 800 36
1135 3566 800 10
1135 1133 800 6
1136 2842 900 6
1136 1131 1800 15
1137 1209 800 86
1137 1985 800 247
1137 96 1800 105
1138 2055 800 22
1138 3042 800 56
1138 3597 800 18
1139 2601 800 16
1139 3597 800 34
1139 160 1800 42
1139 162 1800 175
1140 3220 1000 10
1140 4781 700 6
1140 4782 1000 4
1140 4783 400 7
1141 1142 1000 21
1141 2374 1000 48
1141 2376 400 20
1142 1989 400 56
1142 3175 1000 24
1142 1141 1000 21
1143 1144 400 40
1143 1145 400 13
1143 1146 400 21
1143 2376 400 54
1144 2137 900 9
1144 3175 1000 15
1144 3423 300 10
1144 1143 400 40
1145 1147 400 28
1145 1148 400 13
1145 1143 400 13
1146 1148 400 18
1146 3065 400 19
1146 1143 400 21
1147 1149 400 18
1147 1150 400 12
1147 1145 400 28
1148 1150 400 28
1148 1145 400 13
1148 1146 400 18
1149 1151 400 40
1149 2378 400 28
1149 2379 400 21
1149 1147 400 18
1150 1154 400 18
1150 1147 400 12
1150 1148 400 28
1151 2375 400 26
1151 2434 400 22
1151 2995 400 41
1151 1149 400 40
1151 141 1800 40
1152 2136 900 12
1152 3387 900 6
1152 3943 1000 6
1153 1154 400 32
1153 1155 400 16
1153 3065 400 16
1154 1158 400 17
1154 1150 400 18
1154 1153 400 32
1155 1157 400 46
1155 2367 400 114
1155 1153 400 16
1156 1157 400 25
1156 2367 400 20
1156 1113 400 46
1157 1158 400 68
1157 1155 400 46
1157 1156 400 25
1158 2995 400 38
1158 1154 400 17
1158 1157 500 68
1158 631 1800 12
1159 2995 500 6
1159 1113 400 29
1160 1162 900 12
1160 2040 900 20
1160 2389 400 45
1161 1164 1100 45
1161 2387 400 28
1161 3062 1100 40
1162 3062 900 9
1162 3224 300 10
1162 1160 900 12
1163 1989 300 10
1163 2385 400 48
1163 2435 400 26
1164 2388 400 28
1164 3061 1100 48
1164 1161 1100 45
1165 1167 600 24
1165 3061 1000 44
1165 3063 1000 29
1165 733 1800 37
1166 1168 400 24
1166 3063 1100 18
1166 3064 1100 9
1167 1173 600 27
1167 2397 400 19
1167 1165 600 24
1168 1170 400 26
1168 1171 400 43
1168 2397 400 48
1168 1166 400 24
1168 735 1800 22
1168 1052 1800 25
1169 1171 400 33
1169 1186 1000 21
1169 3064 1000 28
1169 741 1800 17
1170 1172 400 21
1170 1175 400 42
1170 2396 400 26
1170 1168 400 26
1171 1172 400 36
1171 1168 400 43
1171 1169 400 33
1172 1176 400 10
1172 1170 400 21
1172 1171 400 36
1173 1174 600 46
1173 2396 400 24
1173 1167 600 27
1174 1175 400 70
1174 1177 600 21
1174 1173 600 46
1175 1176 400 57
1175 1170 400 42
1175 1174 400 70
1175 734 1800 27
1176 2399 400 20
1176 1172 400 10
1176 1175 400 57
1177 1178 600 66
1177 3577 400 129
1177 1174 600 21
1178 1179 600 68
1178 2390 400 42
1178 1177 600 66
1178 727 1800 55
1179 1182 900 30
1179 1184 400 84
1179 3515 700 12
1179 1178 600 68
1180 1181 900 17
1180 3007 900 18
1180 3576 400 84
1181 1182 900 13
1181 2390 400 80
1181 1180 900 17
1182 3225 400 30
1182 1179 900 30
1182 1181 900 13
1183 1211 700 109
1183 3008 900 22
1183 3029 400 33
1183 762 1800 57
1184 1200 400 90
1184 2121 400 26
1184 1179 400 84
1184 731 1800 30
1185 2399 400 32
1185 2400 400 28
1185 3373 600 31
1185 3515 700 42
1186 2402 1000 21
1186 3373 600 16
1186 1169 1000 21
1187 1190 600 33
1187 2400 400 24
1187 2496 600 62
1187 3374 400 28
1188 1189 1000 27
1188 1190 600 21
1188 2402 1000 19
1189 1191 400 18
1189 2405 1000 18
1189 1188 1000 27
1189 744 1800 37
1190 1191 400 45
1190 1187 600 33
1190 1188 600 21
1191 1192 400 29
1191 1196 400 76
1191 1189 400 18
1191 1190 400 45
1192 2496 400 32
1192 3374 400 13
1192 3375 400 40
1192 1191 400 29
1193 1196 400 25
1193 2405 1000 32
1193 2518 1000 10
1193 746 1800 12
1194 1195 400 20
1194 1196 400 26
1194 1199 400 26
1194 3375 400 26
1195 1200 600 13
1195 2403 600 6
1195 1194 400 20
1196 2519 400 13
1196 1191 400 76
1196 1193 400 25
1196 1194 400 26
1197 1198 700 19
1197 1199 700 21
1197 1238 400 45
1197 2519 400 13
1198 2518 1000 12
1198 3060 1000 18
1198 1197 700 19
1199 1201 700 34
1199 1237 500 48
1199 1194 400 26
1199 1197 700 21
1200 1201 600 32
1200 1184 400 90
1200 1195 600 13
1201 1233 700 24
1201 1236 600 41
1201 1199 700 34
1201 1200 600 32
1202 1214 400 48
1202 2120 400 21
1202 3029 400 20
1203 2124 400 7
1203 2142 400 7
1203 3871 1400 65
1203 3872 1400 40
1204 1206 800 7
1204 2489 800 26
1204 3272 400 51
1205 3226 800 60
1205 3275 600 41
1205 3501 400 76
1206 3584 800 4
1206 3586 800 10
1206 1204 800 7
1207 3398 600 39
1207 3584 600 25
1208 1209 800 83
1208 3586 800 71
1209 1988 400 133
1209 3227 800 100
1209 1137 800 86
1209 1208 800 83
1210 2041 700 51
1210 3227 800 75
1210 3305 600 37
1210 3384 800 45
1211 2041 700 26
1211 3028 600 28
1211 1183 700 109
1212 3027 400 37
1212 3028 600 22
1212 3478 600 16
1212 769 1800 47
1213 1214 400 78
1213 1217 600 12
1213 2106 600 44
1214 1215 400 25
1214 1202 400 48
1214 1213 400 78
1215 1216 800 37
1215 1218 800 36
1215 1214 400 25
1215 766 1800 37
1215 1050 1800 37
1216 1231 800 9
1216 2473 900 36
1216 1215 800 37
1217 1218 600 24
1217 1219 600 81
1217 1213 600 12
1218 1229 800 10
1218 1215 800 36
1218 1217 600 24
1219 1220 600 70
1219 1227 400 56
1219 1217 600 81
1220 1221 800 33
1220 3228 600 99
1220 3384 800 83
1220 1219 600 70
1221 1226 800 42
1221 2392 400 45
1221 1220 800 33
1222 1223 800 79
1222 2393 400 54
1222 3049 800 17
1223 1224 400 21
1223 3598 800 21
1223 1222 800 79
1224 2392 400 25
1224 3053 400 40
1224 1223 400 21
1225 1226 800 7
1225 3033 800 24
1225 3598 800 13
1226 2569 400 16
1226 1221 800 42
1226 1225 800 7
1227 3031 400 22
1227 3032 400 36
1227 1219 400 56
1227 760 1800 37
1228 1229 800 32
1228 1230 800 37
1228 2564 400 82
1229 3599 400 12
1229 1218 800 10
1229 1228 800 32
1230 1252 800 29
1230 1255 400 113
1230 1228 800 37
1230 759 1800 70
1230 761 1800 42
1231 1234 800 20
1231 3599 400 115
1231 1216 800 9
1232 1233 900 22
1233 1234 800 9
1233 2471 900 20
1233 1201 700 24
1234 1231 800 20
1234 1233 800 9
1235 1252 900 33
1235 2472 1800 40
1236 1237 400 36
1236 3057 600 16
1236 1201 600 41
1237 1238 400 36
1237 1242 500 33
1237 1199 500 48
1237 1236 400 36
1237 747 1800 42
1238 1239 400 25
1238 1241 400 30
1238 1197 400 45
1238 1237 400 36
1239 1240 1100 21
1239 3060 1000 16
1239 1238 400 25
1240 1241 400 27
1240 3631 1100 11
1240 1239 1100 21
1240 754 1800 27
1241 1242 400 28
1241 1238 400 30
1241 1240 400 27
1241 751 1800 25
1242 3600 400 18
1242 1237 500 33
1242 1241 400 28
1243 1244 1200 9
1243 2056 1100 10
1243 3056 1100 42
1244 2057 400 7
1244 2565 800 19
1244 1243 1200 9
1245 1258 1100 26
1245 1262 800 22
1245 3056 1100 19
1246 1247 400 49
1246 2140 400 18
1246 3600 400 18
1247 2122 600 26
1247 2141 600 13
1247 1246 400 49
1248 2565 800 25
1248 2568 800 14
1249 2141 600 16
1249 1248 800 6
1250 1253 800 6
1250 2998 800 24
1251 1253 900 48
1251 3002 1800 79
1252 1255 800 14
1252 1230 800 29
1253 1254 800 21
1253 1250 800 6
1254 2566 800 22
1254 2567 800 32
1254 1253 800 21
1255 2566 800 26
1255 1230 400 113
1255 1252 800 14
1255 759 1800 82
1256 2449 400 26
1256 2483 800 8
1256 2568 800 62
1256 3055 800 48
1257 1262 800 28
1257 3055 800 17
1257 1245 800 39
1258 1267 1100 6
1258 2571 400 28
1258 1245 1100 26
1259 2407 800 32
1259 2408 400 58
1259 2483 800 9
1259 794 1800 52
1260 2572 900 5
1260 2574 900 37
1260 2927 800 43
1260 788 1800 65
1261 1269 400 9
1261 2570 400 9
1261 3468 400 34
1262 1263 400 25
1262 1245 800 22
1262 1257 800 28
1263 1265 400 40
1263 3058 400 28
1263 1262 400 25
1264 1265 400 28
1264 2042 400 62
1264 2409 400 49
1265 2410 400 26
1265 1263 400 40
1265 1264 400 28
1266 1268 400 6
1266 2042 400 18
1266 2410 400 30
1267 1269 1100 30
1267 1258 1100 6
1268 2043 400 33
1268 2570 400 16
1268 1266 400 6
1268 796 1800 37
1269 1270 1100 27
1269 1261 400 9
1269 1267 1100 30
1270 1271 400 32
1270 1272 1100 15
1270 1269 1100 27
1271 2412 400 16
1271 3059 400 25
1271 1270 400 32
1272 1273 1100 20
1272 2412 400 38
1272 1270 1100 15
1273 1274 1100 27
1273 1275 400 9
1273 1272 1100 20
1274 1277 1100 27
1274 2414 400 10
1274 3833 1100 44
1274 1273 1100 27
1275 2043 400 54
1275 2414 400 27
1275 1273 400 9
1275 800 1800 55
1276 1280 900 67
1276 2044 900 112
1276 2394 800 17
1277 1278 400 6
1277 2416 1100 8
1277 3764 400 65
1277 3766 400 8
1277 1274 1100 27
1278 2414 400 28
1278 2463 400 6
1278 1277 400 6
1279 1281 400 6
1279 2462 400 18
1279 2465 400 8
1280 3298 900 65
1280 1276 900 67
1280 776 1800 80
1281 1284 400 6
1281 2416 1100 44
1281 3003 1100 36
1281 1279 400 6
1282 2395 400 6
1282 2455 400 34
1282 3762 400 33
1282 3768 400 36
1283 1284 400 49
1283 2457 400 26
1283 2460 400 20
1284 3768 400 6
1284 1281 400 6
1284 1283 400 49
1285 1286 500 6
1285 3003 1400 34
1285 3871 1400 18
1286 2171 400 26
1286 2417 400 26
1286 1285 500 6
1287 2049 1100 11
1287 2154 1100 14
1288 2419 800 5
1288 2450 800 10
1289 3444 1100 4
1290 1294 800 56
1290 2134 600 19
1290 2419 800 5
1290 1287 700 64
1291 1428 400 88
1291 4304 900 12
1291 4610 400 76
1291 4710 900 18
1292 1864 400 8
1292 2050 400 21
1292 2421 400 18
1293 1862 400 12
1293 2050 400 31
1293 2421 400 34
1294 1295 400 45
1294 3448 800 30
1294 3551 400 72
1294 1290 800 56
1294 820 1800 40
1295 1956 800 14
1295 1973 800 13
1295 1294 400 45
1295 817 1800 40
1296 1297 800 16
1296 1956 800 22
1296 818 1800 17
1297 1299 400 13
1297 1955 800 18
1297 1296 800 16
1298 1301 600 27
1298 2865 400 25
1298 3004 400 8
1298 3448 700 24
1299 3004 400 24
1299 3005 400 51
1299 1297 400 13
1300 1307 400 7
1300 1948 500 22
1300 2937 700 19
1300 824 1800 47
1301 1303 400 49
1301 1974 600 26
1301 3541 400 27
1301 1298 600 27
1302 1303 400 39
1302 1309 400 19
1302 2865 400 19
1302 821 1800 37
1303 1862 400 56
1303 1301 400 49
1303 1302 400 39
1303 822 1800 30
1304 1868 1100 22
1305 1865 800 10
1305 1871 1100 28
1306 1940 800 42
1306 2515 500 25
1306 2934 500 10
1306 3446 400 7
1306 839 1800 32
1307 2932 200 63
1307 3005 400 25
1307 3555 400 7
1307 1300 400 7
1308 1309 400 34
1308 2865 400 55
1308 3555 400 7
1309 3229 400 19
1309 1302 400 19
1309 1308 400 34
1309 823 1800 30
1310 3399 600 24
1310 3678 600 51
1311 2112 400 48
1311 2185 600 56
1311 2770 600 6
1312 4765 900 9
1312 4766 600 6
1312 4767 900 5
1313 2112 400 50
1313 2769 900 12
1313 3834 900 10
1314 1315 600 5
1314 2185 600 26
1314 2921 800 54
1314 3400 800 49
1315 2554 400 14
1315 2753 600 52
1315 1314 600 5
1316 1318 400 34
1316 2753 600 14
1316 2754 600 19
1317 1319 600 12
1317 2186 400 37
1317 2754 600 14
1318 2184 400 78
1318 2186 400 46
1318 1316 400 34
1319 2758 600 20
1319 2832 600 33
1319 3039 600 40
1319 1317 600 12
1320 4548 700 5
1320 4549 600 4
1320 4550 600 3
1320 4551 600 5
1321 1971 600 43
1321 2542 600 19
1321 2733 600 19
1322 4505 1800 17
1323 4392 600 4
1323 4393 800 4
1323 4394 1100 4
1324 2115 400 20
1324 2129 800 22
1324 2512 800 20
1325 2116 400 22
1325 2610 400 22
1325 3828 900 34
1325 4475 900 30
1326 4474 1200 7
1326 4475 900 6
1326 4476 900 6
1326 4477 1200 6
1327 4474 1200 13
1327 4478 900 8
1327 4479 400 8
1327 4480 400 8
1328 3601 400 25
1328 4476 900 29
1328 4490 1100 9
1329 2868 800 33
1329 4404 600 29
1330 1332 800 30
1330 2752 800 81
1330 2763 400 33
1330 2764 400 32
1331 2764 400 49
1331 2765 400 36
1331 2766 400 46
1332 1335 900 51
1332 1370 900 53
1332 1330 800 30
1333 2762 400 34
1333 2763 400 25
1334 1335 900 72
1334 2761 400 12
1334 3602 900 23
1335 2760 400 76
1335 1332 900 51
1335 1334 900 72
1336 2110 400 56
1336 2769 900 35
1336 3602 900 24
1337 2539 1100 25
1337 2748 400 16
1337 2750 1100 19
1337 2751 400 16
1338 2741 1000 14
1338 4396 1000 10
1338 4401 400 46
1338 78 1800 117
1339 4399 1200 6
1339 4400 800 8
1339 4401 400 10
1340 1342 400 50
1340 1858 400 25
1340 3516 400 55
1340 838 1800 30
1341 1343 600 64
1341 3433 400 63
1341 4399 600 14
1342 1859 400 21
1342 3517 400 37
1342 1340 400 50
1343 2198 400 26
1343 3170 600 50
1343 1341 600 64
1344 2751 400 32
1344 3433 400 27
1344 3461 400 42
1344 79 1800 60
1345 2758 600 28
1345 2860 600 20
1346 2844 800 25
1346 2859 800 30
1346 901 1800 35
1347 1348 800 42
1347 2188 400 38
1347 2756 800 10
1348 2191 400 20
1348 2755 800 31
1348 1347 800 42
1348 53 1800 37
1349 2191 400 58
1349 2757 400 14
1349 3629 400 62
1350 2193 400 20
1350 2732 800 12
1350 4411 800 22
1351 1352 400 21
1351 2016 400 54
1351 2017 400 24
1351 202 1800 60
1352 1353 400 29
1352 2193 400 61
1352 1351 400 21
1353 1354 600 19
1353 4406 600 32
1353 1352 400 29
1354 3178 600 34
1354 1353 600 19
1355 1357 900 19
1355 1358 600 14
1355 226 1800 142
1356 3819 1800 13
1356 1355 900 36
1357 4516 1800 18
1358 1360 900 27
1358 3013 600 9
1358 3177 600 30
1358 1355 600 14
1359 3818 1800 9
1359 1358 900 20
1360 4515 1800 15
1361 2468 400 98
1361 197 1800 142
1362 1365 900 33
1362 1858 900 23
1362 847 1800 52
1363 1369 1600 27
1364 1365 900 13
1364 1369 900 18
1364 1854 900 10
1365 3518 600 43
1365 1362 900 33
1365 1364 900 13
1366 2730 400 33
1366 3293 400 33
1366 208 1800 55
1367 1359 1800 91
1368 2882 1800 73
1369 2012 1600 46
1370 1332 900 53
1370 0 900 32
1371 4722 400 5
1371 4723 1000 4
1371 4724 1000 3
1371 4725 600 4
1372 2255 600 51
1372 2712 600 17
1373 4297 1100 4
1373 4298 800 6
1373 4299 1100 5
1373 4300 800 6
1374 1425 1100 15
1374 2219 400 66
1374 2559 1100 60
1374 3243 400 22
1375 1377 800 71
1375 2219 400 173
1375 4302 800 24
1376 4524 1400 15
1376 4525 800 5
1376 4526 1400 4
1377 4315 800 81
1377 1375 800 71
1377 297 1800 97
1378 2245 500 31
1378 2713 600 22
1378 2717 600 40
1379 1380 600 32
1379 2239 500 32
1379 2245 500 18
1379 2711 600 46
1380 1382 600 15
1380 1388 400 34
1380 1379 600 32
1381 2244 700 18
1381 2713 600 25
1381 2714 600 21
1381 987 1800 172
1382 1384 600 36
1382 2244 600 28
1382 1380 600 15
1383 2242 700 24
1383 2706 600 19
1383 2714 600 8
1384 1386 700 24
1384 2242 700 29
1384 1382 600 36
1385 1392 600 18
1385 2260 400 40
1385 2704 600 28
1385 2706 600 53
1386 2231 1000 10
1386 2511 1000 45
1386 1384 700 24
1387 2444 400 10
1387 2715 900 30
1387 2231 1000 37
1388 1389 400 22
1388 2444 400 16
1388 1380 400 34
1389 2232 400 16
1389 2239 400 13
1389 1388 400 22
1390 2707 600 15
1390 2511 1000 6
1390 2708 1000 15
1391 2709 400 16
1391 1393 1000 57
1391 2708 1000 18
1392 1400 400 52
1392 2705 600 27
1392 1385 600 18
1393 3603 600 40
1393 2710 1000 41
1393 1391 1000 57
1394 1412 800 37
1394 1413 900 103
1394 2561 800 16
1394 2694 900 26
1395 1396 400 33
1395 1397 600 53
1395 3603 600 18
1395 950 1800 45
1396 1398 400 31
1396 1395 400 33
1396 409 1800 45
1397 2215 400 60
1397 2813 600 32
1397 1395 600 53
1397 404 1800 37
1398 1399 400 6
1398 2223 400 42
1398 1396 400 31
1399 2709 400 55
1399 1398 400 6
1400 1402 400 28
1400 1405 400 68
1400 1392 400 52
1401 1402 400 30
1401 2703 600 28
1401 2704 600 17
1401 989 1800 32
1402 1404 400 57
1402 1400 400 28
1402 1401 400 30
1402 377 1800 27
1403 1404 400 34
1403 2701 600 17
1403 2703 600 20
1404 1405 400 22
1404 1402 400 57
1404 1403 400 34
1405 1406 400 101
1405 1400 400 68
1405 1404 400 22
1406 2267 400 38
1406 2700 400 30
1406 1405 400 101
1407 2267 400 20
1407 2699 600 35
1407 2702 600 24
1408 2099 700 10
1408 2445 700 8
1408 3853 400 52
1409 1410 800 20
1409 2691 700 33
1409 2700 400 22
1409 4712 700 5
1410 1412 800 44
1410 3240 400 40
1410 1409 800 20
1411 1414 700 19
1411 2246 600 26
1411 2697 700 15
1412 1394 800 37
1412 1410 800 44
1413 2429 600 60
1413 3493 1000 15
1413 1394 900 103
1414 1415 600 19
1414 1416 400 29
1414 2256 400 30
1414 1411 700 19
1415 1417 600 29
1415 1418 600 31
1415 1414 600 19
1416 1417 400 24
1416 2272 400 18
1416 1414 400 29
1417 2263 400 49
1417 4737 600 34
1417 1415 600 29
1417 1416 400 24
1417 388 1800 30
1418 1420 400 34
1418 2263 400 43
1418 2689 700 13
1418 1415 600 31
1419 1422 600 24
1419 2689 700 12
1420 2250 400 48
1420 2256 400 70
1420 1418 400 34
1421 2272 400 17
1421 2688 600 9
1421 4735 600 7
1422 1428 400 24
1422 1432 600 15
1422 1419 600 24
1423 3204 1000 41
1423 3851 700 26
1423 4007 900 26
1423 310 1800 45
1424 4001 1100 5
1424 4002 900 6
1424 4003 1100 6
1424 4004 900 6
1425 2234 400 60
1425 4005 1100 22
1425 1374 1100 15
1426 1466 1000 16
1426 2234 400 16
1426 2683 1000 4
1427 1428 400 104
1427 4710 900 10
1427 4711 1100 9
1428 1291 400 88
1428 1422 400 24
1428 1427 400 104
1428 317 1800 22
1429 2685 900 8
1429 4305 900 6
1429 4306 1200 6
1429 4309 1200 6
1430 2674 600 15
1430 4608 400 12
1430 4609 600 3
1431 1438 400 56
1431 2686 600 8
1431 4307 1200 13
1432 2686 600 17
1432 4806 400 6
1432 1422 600 15
1433 1438 400 36
1433 2690 400 12
1433 4806 400 46
1434 1437 600 25
1434 2286 600 24
1434 2690 400 10
1435 2279 900 8
1435 4529 900 14
1435 4530 400 5
1436 4182 900 9
1436 4183 900 5
1436 4184 600 6
1437 2288 400 19
1437 2292 600 38
1437 1434 600 25
1437 314 1800 17
1438 2288 400 24
1438 1431 400 56
1438 1433 400 36
1438 316 1800 50
1439 1443 400 21
1439 1441 900 18
1439 4314 900 28
1439 1005 1800 17
1440 2277 400 24
1440 2291 400 18
1440 4312 400 12
1441 1442 400 22
1441 1444 400 28
1441 4251 900 46
1441 1439 900 18
1442 2073 400 56
1442 2296 400 41
1442 1441 400 22
1443 2282 400 25
1443 2291 400 18
1443 2669 400 6
1443 1439 400 21
1444 2280 400 30
1444 2669 400 14
1444 2670 400 32
1444 1441 400 28
1445 4248 400 6
1445 4249 400 6
1445 4250 900 6
1445 4251 900 6
1446 2295 400 20
1446 2296 400 30
1446 4249 400 6
1447 1450 400 37
1447 1457 400 57
1447 2089 400 16
1447 2670 400 24
1448 1453 400 29
1448 2280 400 12
1448 4534 400 50
1448 4617 400 13
1449 4614 400 6
1449 4615 400 6
1449 4616 400 5
1449 4617 400 5
1450 1454 400 29
1450 4534 400 5
1450 4535 400 5
1450 1447 400 37
1451 4582 400 6
1451 4583 600 5
1451 4584 600 7
1452 1453 400 15
1452 2673 400 7
1452 4537 600 42
1452 4583 600 13
1453 2671 400 12
1453 1448 400 29
1453 1452 400 15
1454 1459 400 24
1454 2264 400 18
1454 2672 400 16
1454 1450 400 29
1455 2295 400 90
1455 4202 900 29
1455 4804 900 16
1456 2027 400 25
1456 4803 900 8
1456 4804 900 9
1457 2027 400 18
1457 2510 400 29
1457 2661 400 13
1457 1447 400 57
1458 1460 400 37
1458 1492 400 30
1458 2088 400 13
1458 4535 400 52
1459 1462 400 42
1459 4536 600 5
1459 4537 600 5
1459 1454 400 24
1460 4532 400 16
1460 2028 400 14
1460 1458 400 37
1461 1462 400 57
1461 2673 400 40
1461 2680 400 50
1461 325 1800 52
1461 329 1800 40
1461 330 1800 67
1462 1464 400 36
1462 1459 400 42
1462 1461 400 57
1462 328 1800 30
1463 2680 400 10
1463 2681 400 37
1463 326 1800 52
1464 1467 400 40
1464 2677 400 7
1464 2681 400 34
1464 1462 400 36
1465 4261 400 6
1465 4262 1000 4
1465 4265 400 6
1465 4266 1000 4
1466 1473 400 89
1466 4639 1000 4
1466 1426 1000 16
1467 1469 400 31
1467 2236 400 45
1467 1464 400 40
1468 1470 1000 13
1468 2236 400 60
1468 4263 1000 6
1469 4619 400 21
1469 4622 400 8
1469 1467 400 31
1470 2229 400 54
1470 4635 1000 5
1470 1468 1000 13
1471 4023 900 6
1471 4635 1000 23
1472 1474 400 69
1472 2221 400 76
1472 4265 400 6
1473 1475 400 33
1473 2221 400 60
1473 1466 400 89
1474 1475 400 22
1474 2216 400 61
1474 1472 400 69
1475 2096 400 70
1475 1473 400 33
1475 1474 400 22
1475 296 1800 75
1476 4636 800 8
1476 4637 800 6
1476 4638 400 12
1477 2802 800 21
1477 3236 800 17
1477 3346 400 32
1478 2783 800 16
1478 2784 800 45
1478 4709 800 13
1479 1480 400 139
1479 3343 800 21
1479 4709 800 29
1479 299 1800 180
1480 1482 400 110
1480 2975 400 72
1480 1479 400 139
1481 2783 800 16
1481 3588 400 92
1481 4318 800 36
1482 1484 400 38
1482 3588 400 32
1482 1480 400 110
1482 283 1800 60
1483 4316 800 5
1483 4317 800 5
1483 4318 800 7
1483 4319 900 6
1484 2781 500 56
1484 2782 500 49
1484 1482 400 38
1485 4019 800 24
1485 4636 800 85
1485 293 1800 60
1486 4019 800 6
1486 4020 1000 4
1486 4021 900 5
1486 4022 600 9
1487 4278 1000 4
1487 4280 800 6
1487 4282 700 6
1487 4283 1000 4
1488 4288 800 6
1488 4289 600 6
1488 4291 600 6
1488 4292 600 6
1489 2249 400 25
1489 2507 600 26
1489 4620 600 25
1490 1493 600 30
1490 2508 400 21
1490 4292 600 34
1491 1492 400 10
1491 2249 400 24
1491 2663 400 20
1491 339 1800 30
1492 2662 400 13
1492 1458 400 30
1492 1491 400 10
1493 4531 500 6
1493 4532 400 6
1493 4533 600 5
1493 1490 600 30
1494 2287 400 20
1494 2665 600 18
1494 4805 600 12
1495 2657 500 13
1495 2664 500 8
1496 4322 700 6
1496 4323 1200 6
1496 4324 1200 7
1497 2293 700 18
1497 2658 400 54
1497 4260 700 25
1497 4321 700 18
1498 4202 900 13
1498 4203 900 12
1498 4324 1200 16
1499 1502 900 16
1499 4252 900 22
1499 4253 900 8
1500 1503 900 14
1500 1504 400 20
1500 4253 900 19
1501 4255 900 5
1501 4257 700 7
1501 4258 900 5
1501 4259 700 6
1502 1504 400 39
1502 4254 900 5
1502 1499 900 16
1503 4577 500 5
1503 4578 1000 6
1503 1500 900 14
1504 1508 400 18
1504 1500 400 20
1504 1502 400 39
1504 1014 1800 27
1505 1507 400 39
1505 1509 1100 42
1505 4578 1000 4
1506 1507 700 13
1506 1508 700 18
1506 1532 500 18
1506 4577 500 25
1507 1530 700 19
1507 1505 400 39
1507 1506 700 13
1507 461 1800 17
1508 1533 700 7
1508 1504 400 18
1508 1506 700 18
1509 1510 1100 15
1509 1527 400 55
1509 1505 1100 42
1510 2307 1100 17
1510 1509 1100 15
1511 1514 400 19
1511 2307 400 15
1511 1510 400 28
1511 458 1800 35
1512 4008 800 8
1512 4009 900 5
1512 4011 1100 7
1513 4008 800 6
1513 4574 800 6
1514 1518 400 39
1514 4573 400 40
1514 1511 400 19
1515 4205 700 6
1515 4206 1100 5
1515 4207 1100 5
1516 2059 600 44
1516 4572 700 22
1516 452 1800 47
1517 1520 800 6
1517 4571 800 4
1518 1525 400 39
1518 2643 700 21
1518 3606 700 15
1518 1514 400 39
1519 2636 800 10
1519 4327 800 6
1519 4328 700 7
1520 1521 400 34
1520 2636 800 9
1520 1517 800 6
1521 1523 400 36
1521 2635 400 12
1521 1520 400 34
1521 1023 1800 25
1522 3607 400 18
1522 4327 800 6
1522 4569 800 6
1523 2026 400 28
1523 3172 400 21
1523 3607 400 15
1523 1521 400 36
1524 1527 700 21
1524 1529 400 20
1524 2643 700 12
1524 458 400 27
1525 1546 400 41
1525 2298 400 22
1525 3608 400 18
1525 1518 400 39
1526 3172 400 33
1526 3608 400 20
1526 4626 800 4
1526 4627 800 4
1527 4325 700 7
1527 4326 700 9
1527 1509 400 55
1527 1524 700 21
1528 1529 400 22
1528 1531 700 15
1528 1540 400 29
1528 3863 700 9
1529 2298 400 17
1529 1524 400 20
1529 1528 400 22
1530 1539 400 24
1530 2653 700 15
1530 1507 700 19
1530 460 1800 30
1530 461 1800 22
1531 2298 400 22
1531 2642 700 9
1531 1528 700 15
1532 4115 500 18
1532 4576 400 18
1532 1506 500 18
1533 1535 400 49
1533 4256 700 19
1533 1508 700 7
1533 459 1800 25
1534 4118 900 5
1534 4120 900 6
1534 4123 900 5
1534 4125 700 6
1535 3757 900 6
1535 4108 900 14
1535 1533 400 49
1536 4109 400 6
1536 4112 900 6
1536 4113 900 6
1536 4114 500 6
1537 1538 400 34
1537 2654 900 28
1537 3756 400 22
1537 4116 900 5
1538 2655 400 15
1538 3609 400 16
1538 3610 400 13
1538 1537 400 34
1539 1540 400 10
1539 4576 400 17
1539 1530 400 24
1540 1541 400 51
1540 1528 400 29
1540 1539 400 10
1540 461 1800 40
1541 1544 900 7
1541 4110 900 22
1541 1540 400 51
1542 4049 700 6
1542 4050 900 5
1542 4052 900 6
1542 4053 700 6
1543 1546 900 12
1543 4050 900 5
1544 2294 400 44
1544 4051 900 7
1544 1541 900 7
1545 2294 400 22
1545 3779 700 14
1545 4227 700 12
1545 431 1800 25
1546 3915 1000 8
1546 1525 400 41
1546 1543 900 12
1547 4221 800 6
1547 4223 400 6
1547 4224 800 6
1547 4226 700 6
1548 2644 400 9
1548 3610 400 88
1548 4228 400 13
1549 1573 400 18
1549 3914 900 40
1549 4225 900 6
1550 2259 400 6
1550 2646 400 22
1550 3613 400 16
1551 1574 400 21
1551 2026 400 45
1551 3172 400 13
1551 1012 1800 32
1552 1556 400 18
1552 2268 400 30
1552 3611 400 14
1553 3611 400 16
1553 4542 500 6
1553 4543 900 6
1553 4544 900 7
1554 3753 900 13
1554 4543 900 18
1554 4634 400 51
1555 4014 1100 5
1555 4015 800 6
1555 4016 800 6
1555 4017 900 5
1556 3755 400 26
1556 4623 400 13
1556 1552 400 18
1557 4579 800 4
1557 4580 800 3
1557 4581 400 6
1558 1566 800 30
1558 4580 800 4
1558 4624 400 55
1559 4018 1100 36
1559 4350 1100 23
1560 4285 1400 4
1560 4286 700 6
1560 4287 1100 4
1561 1564 1800 60
1562 4191 1000 4
1562 4195 900 5
1562 4196 1400 5
1563 4194 900 9
1563 4197 1000 4
1563 4201 900 5
1564 1992 900 24
1564 1991 1800 36
1565 1566 400 70
1565 4623 400 31
1565 4624 400 12
1566 3780 800 20
1566 1558 800 30
1566 1565 400 70
1567 3780 800 6
1567 4641 800 8
1567 4642 400 16
1567 4643 400 12
1568 2243 400 51
1568 4000 800 53
1568 4641 800 4
1569 2433 400 73
1569 3613 400 16
1569 3614 400 10
1570 3614 400 26
1570 4802 900 16
1571 1592 400 45
1571 4036 900 32
1572 1585 400 48
1572 1587 400 18
1572 4541 900 9
1572 4799 900 14
1573 2281 400 33
1573 4566 400 31
1573 4567 400 18
1573 1549 400 18
1574 2432 1000 12
1574 4160 1000 18
1574 1551 400 21
1575 1585 400 33
1575 4563 400 7
1575 4566 400 15
1576 3914 900 6
1576 3915 1000 7
1576 3916 800 8
1576 3917 900 6
1577 4158 400 9
1577 4159 1000 5
1577 4160 1000 5
1578 1579 400 18
1578 2026 400 13
1578 2635 400 31
1579 1580 600 60
1579 2059 600 49
1579 1578 400 18
1580 2641 600 15
1580 1579 600 60
1580 447 1800 62
1581 3464 600 46
1581 4107 1000 6
1581 4157 1000 16
1582 3615 400 25
1582 4106 1000 6
1582 4107 1000 8
1583 1588 400 22
1583 1602 400 54
1583 2283 400 15
1583 4565 400 40
1584 1603 500 9
1584 2639 400 37
1584 3615 400 41
1585 1586 400 21
1585 1572 400 48
1585 1575 400 33
1586 1587 400 48
1586 1588 400 21
1586 1585 400 21
1586 433 1800 40
1587 1589 400 18
1587 4801 300 19
1587 1572 400 18
1587 1586 400 48
1588 1589 400 48
1588 2494 400 16
1588 1583 400 22
1588 1586 400 21
1589 3616 400 34
1589 1587 400 18
1589 1588 400 48
1590 1592 400 33
1590 3385 400 19
1590 434 1800 17
1591 1600 400 33
1591 2651 400 12
1591 2652 400 48
1591 3616 400 10
1592 1593 400 21
1592 1571 400 45
1592 1590 400 33
1593 1595 400 21
1593 2652 400 21
1593 1592 400 21
1593 435 1800 65
1594 3996 800 5
1594 3997 900 5
1594 3993 1000 6
1594 3995 800 8
1595 1597 400 43
1595 4707 500 34
1595 1593 400 21
1596 1597 400 34
1596 2257 400 43
1596 4706 500 5
1596 4707 500 5
1597 1598 400 13
1597 1595 400 43
1597 1596 400 34
1597 436 1800 30
1598 4708 800 5
1598 1625 800 46
1598 1597 400 13
1599 2265 400 34
1599 3617 500 17
1599 4706 500 21
1600 2257 400 10
1600 2265 400 42
1600 1591 400 33
1601 2494 400 36
1601 2650 400 7
1601 2651 400 28
1602 1603 400 30
1602 2650 400 7
1602 1583 400 54
1603 3100 400 17
1603 1584 500 9
1603 1602 400 30
1604 3639 400 42
1604 4230 800 6
1604 4625 800 4
1605 3098 800 36
1605 4625 800 13
1605 993 1800 27
1606 2506 800 25
1606 3619 800 26
1606 4229 800 9
1606 4230 800 8
1607 1619 800 12
1607 4561 800 4
1607 4562 500 5
1608 1610 400 28
1608 3097 800 22
1608 3618 800 7
1609 4101 800 6
1609 4102 1100 5
1609 4105 1000 6
1610 4099 400 44
1610 1608 400 28
1611 4098 1100 5
1611 4099 400 6
1611 4100 1100 5
1612 1613 1100 10
1612 4097 1100 5
1612 439 1800 60
1613 2299 400 75
1613 4095 1100 8
1613 1612 1100 10
1614 2299 400 39
1614 4091 800 6
1614 4092 1100 5
1614 4093 1100 5
1615 2299 400 87
1615 3102 1100 15
1615 4069 900 6
1616 1617 800 42
1616 4091 800 49
1616 440 1800 65
1617 3619 800 26
1617 1616 800 42
1618 2252 400 48
1618 4181 800 8
1618 4560 800 4
1619 2252 400 30
1619 4568 800 4
1619 1607 800 12
1620 1622 800 25
1620 3107 800 21
1620 4177 800 66
1620 4568 800 20
1621 4177 800 10
1621 4179 800 6
1621 4180 750 5
1621 4181 800 6
1622 4708 800 26
1622 1620 800 25
1622 253 1800 50
1623 2237 400 120
1623 4178 800 8
1623 4630 800 32
1624 2237 400 104
1624 4693 800 7
1624 4694 800 5
1625 3995 800 30
1625 255 1800 45
1625 1598 800 46
1626 3925 1000 5
1626 3926 1000 5
1626 3927 900 5
1626 3928 1000 5
1627 4585 900 4
1627 4586 400 6
1627 4587 900 4
1628 1634 400 12
1628 4689 1000 6
1628 4691 1100 12
1629 1632 800 19
1629 2746 900 10
1629 2747 800 24
1629 4585 900 63
1630 1634 400 31
1630 2218 400 40
1630 4586 400 19
1631 2224 400 102
1631 4647 800 5
1631 4648 800 8
1632 1651 400 15
1632 1652 800 36
1632 2217 400 78
1632 1629 800 19
1633 1638 900 55
1633 1677 400 52
1633 2553 900 17
1633 251 1800 62
1633 949 1800 32
1634 2504 400 15
1634 1630 400 31
1634 1628 400 12
1635 1658 400 16
1635 1661 1000 24
1635 2484 1000 17
1636 4628 800 7
1636 4629 400 6
1636 4630 800 4
1636 4631 400 13
1637 1638 400 9
1637 2224 400 60
1637 3109 400 16
1638 1640 900 20
1638 1678 400 55
1638 1633 900 55
1638 1637 400 9
1639 1640 400 38
1639 1641 400 36
1639 3109 400 24
1640 3462 900 9
1640 1638 900 20
1640 1639 400 38
1641 1642 400 63
1641 1643 400 12
1641 1639 400 36
1642 2033 400 25
1642 2097 400 21
1642 1641 400 63
1643 1673 400 45
1643 2486 400 24
1643 1641 400 12
1644 1824 800 9
1644 2240 400 82
1644 4628 800 49
1645 2911 400 37
1645 241 1800 42
1646 1648 800 25
1646 2618 1100 6
1646 4065 800 6
1646 4068 1100 5
1647 3402 800 37
1647 4231 800 11
1647 4232 400 6
1648 4750 800 14
1648 1646 800 25
1649 2313 600 12
1649 3245 400 61
1649 4751 800 8
1650 4148 1100 5
1650 4149 600 8
1650 4150 400 12
1650 4151 1100 5
1651 2218 400 40
1651 2505 400 37
1651 1632 400 15
1652 1654 400 16
1652 2776 800 14
1652 1632 800 36
1653 1654 400 7
1653 1657 400 36
1653 2505 400 12
1654 1656 400 31
1654 1652 400 16
1654 1653 400 7
1655 1656 400 16
1655 2776 800 10
1656 1658 400 19
1656 1654 400 31
1656 1655 400 16
1657 1658 400 36
1657 2504 400 24
1657 1653 400 36
1658 1635 400 16
1658 1656 400 19
1658 1657 400 36
1658 257 1800 27
1659 2745 400 18
1659 2774 800 16
1659 3621 800 8
1659 260 1800 25
1660 2775 1000 6
1660 4644 800 4
1660 4645 1000 6
1661 2212 400 34
1661 4645 1000 12
1661 1635 1000 24
1662 3929 800 8
1662 3930 1100 9
1662 3931 900 7
1662 3932 1000 7
1663 1665 900 41
1663 4042 900 28
1663 263 1800 40
1664 2773 400 27
1664 3246 800 25
1664 3382 800 29
1665 1666 400 25
1665 2035 900 23
1665 2742 400 112
1665 1663 900 41
1666 2210 400 40
1666 2492 400 36
1666 1665 400 25
1667 2035 900 12
1667 2220 900 47
1667 2743 400 19
1668 1669 400 19
1668 2211 400 63
1668 2743 400 60
1668 248 1800 57
1669 1671 400 46
1669 2214 400 61
1669 2744 400 18
1669 1668 400 19
1670 1671 400 60
1670 2220 900 31
1670 4739 900 9
1671 1674 400 34
1671 1669 400 46
1671 1670 400 53
1672 1673 900 46
1672 1675 900 19
1672 3944 900 6
1672 3945 900 6
1673 1820 900 49
1673 1643 400 45
1673 1672 900 46
1674 1678 400 18
1674 3462 400 48
1674 1671 400 34
1674 246 1800 50
1675 3462 900 25
1675 1672 900 19
1676 1677 400 16
1676 2217 400 39
1676 2744 400 21
1677 1678 400 16
1677 1633 400 52
1677 1676 400 16
1678 1638 400 55
1678 1674 400 18
1678 1677 400 16
1678 251 1800 42
1679 2631 700 25
1679 4677 700 13
1679 4681 600 41
1680 1681 700 9
1680 4676 700 6
1680 4678 700 8
1681 1686 700 25
1681 4679 400 13
1681 1680 700 9
1682 3788 400 7
1682 4589 900 37
1682 4688 900 56
1683 2320 600 37
1683 2321 400 13
1683 4686 600 10
1684 1688 600 18
1684 2320 600 12
1684 2334 200 28
1685 1687 400 27
1685 2322 400 25
1685 4679 400 39
1686 1687 400 45
1686 4681 700 17
1686 1681 700 25
1687 1690 400 10
1687 1685 400 27
1687 1686 400 45
1687 476 1800 37
1688 3247 600 16
1688 4682 600 12
1688 1684 600 18
1689 1690 400 18
1689 2627 600 8
1689 4680 600 13
1690 2334 400 33
1690 1687 400 10
1690 1689 400 18
1691 2344 600 42
1691 2626 600 16
1691 4683 600 13
1692 2626 600 16
1692 4684 400 5
1692 4685 600 19
1693 1694 400 29
1693 1703 1000 5
1693 4590 1000 16
1694 2070 400 43
1694 2326 400 30
1694 1693 400 29
1695 1696 400 18
1695 1697 400 30
1695 2326 400 30
1695 483 1800 15
1696 2327 400 24
1696 4656 400 24
1696 1695 400 18
1696 484 1800 20
1697 1700 200 40
1697 2625 1050 6
1697 4654 1000 6
1697 1695 400 30
1698 3781 600 7
1698 4654 1000 6
1698 4655 1000 9
1698 4656 400 5
1699 1708 600 12
1699 3783 600 7
1699 4657 600 4
1700 1702 600 16
1700 4657 600 10
1700 1697 200 40
1701 1702 500 29
1701 2624 1000 13
1701 2625 1000 6
1702 1706 400 13
1702 4596 600 22
1702 1700 600 16
1702 1701 500 29
1703 2624 1000 9
1703 4594 400 14
1703 1693 1000 5
1704 1705 400 18
1704 4594 400 12
1704 4595 600 5
1704 4596 600 5
1705 1706 400 28
1705 2495 400 17
1705 1704 400 18
1706 4658 400 9
1706 1702 400 13
1706 1705 400 28
1707 1708 600 38
1707 1728 400 24
1707 2348 400 6
1708 4538 600 10
1708 1699 600 12
1708 1707 600 38
1708 1032 1800 15
1709 1713 600 16
1709 4057 1200 15
1709 4538 600 10
1709 4539 600 4
1710 2069 800 7
1710 4055 1000 6
1710 4057 1200 7
1710 4058 1000 8
1711 1725 600 16
1711 2336 600 29
1711 2337 500 22
1712 1724 1000 14
1712 3396 1000 21
1712 1711 600 45
1712 497 1800 42
1713 1728 600 28
1713 1709 600 16
1713 492 1800 17
1714 2581 800 14
1714 2582 900 12
1714 2583 900 12
1714 2588 900 13
1715 1826 600 66
1715 3425 600 22
1715 3622 400 34
1715 4149 600 30
1716 2586 900 26
1716 3427 400 34
1716 4293 900 6
1716 4294 600 8
1717 3096 800 28
1717 4661 400 36
1717 4662 400 20
1717 4749 750 19
1718 2064 400 18
1718 2623 750 18
1718 4744 800 12
1719 2319 400 78
1719 4059 800 26
1719 4745 800 10
1720 2620 1000 6
1720 4060 1000 5
1720 4059 800 9
1721 1723 400 21
1721 2587 1000 22
1721 3326 400 27
1721 4064 1000 25
1721 538 1800 12
1722 2333 600 17
1722 2585 600 28
1722 2619 600 16
1722 4597 600 8
1723 2343 400 26
1723 2622 600 30
1723 3787 600 8
1723 1721 400 21
1723 1033 1800 15
1724 1726 400 18
1724 2335 400 15
1724 2587 1000 21
1724 1712 1000 14
1725 2335 400 25
1725 2339 400 32
1725 2622 600 15
1725 1711 600 16
1726 3251 400 19
1726 3325 400 56
1726 1724 400 18
1726 532 1800 30
1727 2315 400 61
1727 531 1800 40
1728 4659 400 19
1728 1707 400 24
1729 2339 400 22
1729 3394 400 28
1729 4660 400 12
1730 2343 400 18
1730 2352 400 17
1730 3252 400 17
1731 2345 600 15
1731 3252 400 34
1731 3641 400 12
1732 1734 400 17
1732 2354 400 17
1732 515 1800 12
1733 4602 1100 22
1733 4604 1100 7
1733 4605 500 12
1734 2350 400 16
1734 4605 500 12
1734 1732 400 17
1735 1737 400 28
1735 4209 1100 13
1735 4603 1100 20
1735 524 1800 42
1736 1737 400 12
1736 1738 400 45
1736 2350 400 34
1736 518 1800 20
1737 3095 600 16
1737 1735 400 28
1737 1736 400 12
1737 519 1800 20
1738 1739 400 15
1738 1744 400 30
1738 1736 400 45
1738 520 1800 37
1739 1740 400 30
1739 1743 600 26
1739 3095 600 22
1739 1738 400 15
1739 521 1800 35
1740 1745 1100 25
1740 4211 1100 6
1740 1739 400 30
1740 525 1800 40
1741 4210 1100 6
1741 4211 1100 6
1741 4212 600 6
1742 1791 700 22
1742 4212 600 50
1743 1744 400 22
1743 3785 600 13
1743 4540 400 13
1743 1739 600 30
1744 1746 400 40
1744 1738 400 30
1744 1743 400 22
1744 684 1800 17
1745 3789 900 12
1745 4540 400 15
1745 1740 1100 25
1746 1751 400 15
1746 3253 400 31
1746 1744 400 40
1747 1748 400 33
1747 1751 400 28
1747 2349 600 13
1747 3785 600 27
1748 3255 900 25
1748 3789 900 28
1748 1747 400 33
1748 685 1800 20
1749 2346 900 15
1749 4220 900 8
1749 4606 400 18
1750 3256 600 40
1750 4559 400 18
1750 4606 400 6
1750 4607 600 5
1751 3254 400 31
1751 1746 400 15
1751 1747 400 28
1751 686 1800 12
1752 1753 400 12
1752 1754 500 15
1752 3254 400 42
1752 4559 400 15
1753 3253 400 42
1753 1752 400 12
1754 1755 400 39
1754 1759 400 15
1754 1752 500 15
1754 691 1800 17
1755 1757 600 14
1755 4607 600 9
1755 1754 400 39
1755 693 1800 17
1755 1037 1800 17
1756 4216 700 6
1756 4217 900 5
1756 4218 800 7
1756 4219 900 5
1757 1758 600 16
1757 3623 800 7
1757 1755 600 14
1757 698 1800 37
1758 1760 400 40
1758 2024 600 12
1758 1757 600 18
1758 694 1800 12
1759 1760 400 19
1759 1754 400 15
1759 698 1800 35
1760 1761 400 61
1760 1758 400 40
1760 1759 400 19
1761 1762 400 37
1761 3633 400 82
1761 1760 400 61
1761 697 1800 20
1762 3630 600 21
1762 4025 800 7
1762 1761 400 37
1762 695 1800 35
1762 696 1800 30
1763 3913 900 7
1763 3912 900 8
1763 4025 1200 9
1763 4351 1000 8
1764 1767 600 52
1764 2358 1000 5
1764 4795 1000 8
1765 1766 400 45
1765 1770 1000 34
1765 3085 1000 28
1766 2105 400 65
1766 1765 400 45
1766 699 1800 27
1767 1768 600 31
1767 1780 400 42
1767 1764 600 52
1768 1777 600 10
1768 1779 400 34
1768 1767 600 31
1769 1770 400 45
1769 1766 400 58
1769 704 1800 40
1770 2363 1000 23
1770 1765 1000 34
1770 1769 400 45
1770 703 1800 15
1771 2363 1000 14
1771 4330 800 5
1771 4331 1000 13
1772 3991 800 51
1772 4329 800 9
1772 646 1800 65
1772 1041 1800 60
1773 3982 800 6
1773 3981 800 8
1773 3991 800 7
1773 3992 800 7
1774 2324 400 46
1774 3086 800 20
1774 3990 800 20
1775 1808 800 21
1775 1814 400 29
1775 3080 800 31
1776 1777 800 14
1776 1778 800 9
1776 2325 400 25
1777 4666 800 6
1777 1768 600 10
1777 1776 800 14
1778 1779 400 17
1778 1781 800 28
1778 1776 800 9
1778 651 1800 52
1779 1780 400 36
1779 1768 400 34
1779 1778 400 17
1780 3868 400 20
1780 1767 400 42
1780 1779 400 36
1780 652 1800 25
1781 2323 800 18
1781 3868 400 36
1781 1778 800 28
1782 4239 1100 5
1782 4240 800 6
1782 4242 900 7
1782 4243 800 9
1783 2101 400 18
1783 3017 400 37
1783 677 1800 35
1783 678 1800 70
1784 4332 1200 6
1784 4335 700 12
1784 4336 1100 5
1784 4337 1100 5
1785 2061 600 16
1785 4663 700 4
1786 4663 700 4
1786 4664 400 4
1786 4665 700 5
1787 2253 400 69
1787 3120 400 21
1787 3121 400 34
1788 2303 400 113
1788 3020 600 17
1788 3021 600 17
1788 671 1800 70
1789 1790 600 57
1789 4546 600 5
1789 4547 600 5
1790 2303 400 48
1790 3490 600 72
1790 1789 600 57
1791 1792 500 27
1791 3018 600 18
1791 1742 700 22
1792 3023 400 15
1792 3024 500 27
1792 1791 500 27
1793 1794 1100 21
1793 3090 1100 14
1793 551 1800 125
1794 3091 1100 12
1794 1793 1100 21
1795 4143 1100 4
1795 4144 1100 4
1795 4146 600 6
1796 3093 600 29
1796 3094 600 66
1796 664 1800 65
1797 3918 900 15
1797 3919 900 13
1797 3920 900 15
1797 3948 900 5
1798 4139 900 7
1798 4140 700 10
1798 4141 1100 4
1799 1802 700 45
1799 3624 700 45
1799 4522 700 42
1800 2274 500 36
1800 3112 1100 48
1800 4027 900 51
1800 668 1800 65
1801 2275 400 80
1801 4029 900 29
1802 4335 700 40
1802 1799 700 45
1802 666 1800 82
1802 679 1800 42
1803 1804 400 43
1803 2961 400 9
1803 3257 400 10
1804 2253 400 69
1804 3122 400 39
1804 1803 400 43
1805 1806 800 44
1805 3257 400 31
1805 4244 800 38
1806 1818 800 40
1806 3258 400 31
1806 1805 800 44
1806 640 1800 152
1807 4667 800 5
1807 4668 600 8
1807 4669 800 6
1807 4670 600 10
1808 1813 400 29
1808 3671 800 10
1808 1775 800 21
1808 655 1800 42
1809 1811 400 21
1809 3118 800 17
1809 4667 800 45
1810 1812 600 10
1810 3259 400 34
1810 4668 600 14
1811 3117 400 64
1811 3259 400 38
1811 1809 400 21
1812 1813 400 32
1812 3079 600 58
1812 1810 600 10
1813 1814 400 42
1813 1808 400 29
1813 1812 400 32
1813 654 1800 30
1814 2311 400 46
1814 1775 400 29
1814 1813 400 42
1815 2311 400 24
1815 3079 600 13
1815 1076 600 12
1816 3955 1100 8
1816 3956 1100 4
1816 4030 800 8
1816 4031 800 7
1817 1818 400 77
1817 1836 400 106
1818 3260 800 16
1818 1806 800 40
1818 1817 400 77
1819 3111 500 21
1819 3114 500 56
1819 667 1800 145
1820 1821 400 34
1820 2493 900 43
1820 1673 900 49
1821 1825 400 70
1821 2486 400 36
1821 1820 400 34
1822 3987 900 5
1822 3983 1200 6
1822 3988 900 5
1822 3989 500 6
1823 2034 1200 34
1823 3986 1200 13
1823 4649 400 15
1824 1825 400 22
1824 2528 800 15
1824 1644 800 9
1825 2033 400 85
1825 1821 400 70
1825 1824 400 22
1825 239 1800 62
1826 1827 600 22
1826 4232 400 52
1826 1715 600 66
1827 2584 600 100
1827 1826 600 22
1827 553 1800 62
1828 3406 400 27
1828 4234 900 5
1828 4236 900 6
1828 4237 600 10
1829 3116 800 32
1829 3567 800 44
1830 4772 400 8
1830 4773 800 4
1830 4774 800 11
1831 3568 400 56
1831 3969 1000 78
1831 4246 1000 105
1832 4432 600 6
1832 4433 800 5
1832 4435 800 10
1832 4436 800 6
1833 4244 800 6
1833 4245 1000 4
1833 4246 1000 5
1834 4170 800 6
1834 4171 1000 5
1834 4172 1000 4
1834 4173 800 6
1835 1838 800 26
1835 2266 400 63
1835 4169 800 19
1836 3321 400 81
1836 1073 400 36
1836 1817 400 106
1836 583 1800 57
1837 1842 400 17
1837 1070 400 22
1838 1839 400 38
1838 3389 800 16
1838 1835 800 26
1839 1840 400 42
1839 3269 400 46
1839 1838 400 38
1840 1841 400 25
1840 2262 400 29
1840 1839 400 42
1841 2251 400 40
1841 3269 400 34
1841 1840 400 25
1842 2262 400 42
1842 3126 400 21
1842 1837 400 17
1843 3571 1100 49
1843 4174 1000 56
1844 1845 900 49
1844 3571 1100 50
1844 4344 900 21
1845 1846 900 36
1845 2002 700 21
1845 4443 800 6
1845 1844 900 49
1846 1847 900 8
1846 1845 900 36
1847 1848 900 18
1847 2004 900 28
1847 1846 900 8
1848 1850 900 28
1848 2953 800 20
1848 1847 900 18
1849 3814 1800 13
1849 4441 900 16
1850 1903 1800 55
1851 2953 800 30
1851 3139 600 83
1851 3748 800 27
1851 942 1800 72
1852 4448 1200 5
1852 4450 800 5
1852 4451 800 6
1853 3036 400 33
1853 3465 400 49
1853 986 1800 32
1854 1855 900 15
1854 3908 900 50
1854 1364 900 10
1855 3519 700 6
1855 1854 900 15
1855 850 1800 75
1856 3441 600 29
1856 3442 400 10
1856 3518 600 36
1856 845 1800 22
1857 1860 400 31
1857 1974 600 29
1857 3439 400 68
1857 3441 600 13
1858 1859 900 39
1858 1340 400 25
1858 1362 900 23
1859 1865 900 28
1859 1858 900 39
1860 1863 400 64
1860 3516 400 51
1860 1857 400 31
1861 1864 400 58
1861 3517 400 46
1861 3520 400 16
1862 3229 400 22
1862 1293 400 12
1862 1303 400 56
1863 2421 400 14
1863 1860 400 64
1864 2996 400 26
1864 1292 400 8
1864 1861 400 58
1865 1867 800 15
1865 1872 800 22
1865 1859 900 28
1866 1304 1100 13
1867 1865 800 15
1867 1866 800 6
1868 2401 1100 34
1868 1305 1100 21
1869 1866 1100 6
1869 1867 900 5
1870 2428 800 13
1870 3521 400 22
1870 1869 800 15
1871 1870 800 10
1872 2247 400 33
1872 1871 800 5
1873 1876 400 10
1873 2996 400 6
1873 3522 400 17
1874 2838 800 92
1874 3 800 12
1875 1887 500 12
1875 2936 400 6
1875 3538 400 38
1876 2126 400 42
1876 2420 400 9
1876 1873 400 10
1877 1878 600 120
1877 3625 800 15
1877 3658 800 25
1878 1891 600 32
1878 2819 600 61
1878 2913 800 43
1878 1877 600 120
1879 2839 800 119
1879 4 800 17
1880 2718 800 22
1880 3494 800 54
1880 2719 900 25
1880 2720 900 36
1881 1882 600 116
1881 2160 700 144
1881 3276 400 225
1881 361 1800 122
1882 2531 400 138
1882 2728 600 9
1882 1881 600 116
1883 3513 500 22
1883 3572 600 49
1883 2722 900 39
1883 3277 900 59
1884 2829 400 24
1884 2830 900 36
1884 3512 900 60
1885 3626 400 10
1885 2830 1000 40
1885 2831 1000 24
1886 2839 1000 25
1886 3627 700 18
1886 2831 1000 36
1886 877 1800 62
1887 3523 400 13
1887 3542 500 8
1887 1875 500 12
1888 2422 400 16
1888 3524 800 16
1888 3525 800 15
1888 3873 400 9
1889 2053 400 19
1889 2427 800 9
1889 3524 800 12
1889 3527 400 16
1890 2529 400 14
1890 3874 900 49
1890 3473 800 5
1890 40 1800 77
1891 2817 600 56
1891 2818 400 36
1891 1878 600 32
1891 867 1800 40
1892 1966 400 80
1892 2179 400 105
1892 2816 600 33
1892 2817 600 21
1893 1894 800 96
1893 5 800 23
1894 2530 600 10
1894 2815 800 35
1894 1893 800 96
1895 1900 900 25
1895 3816 1800 13
1896 1895 1800 117
1897 1898 900 32
1897 1900 800 12
1897 4431 800 6
1898 4517 1800 8
1899 3817 1800 13
1899 1897 900 18
1900 4430 800 4
1900 1367 900 22
1900 1897 800 12
1901 3826 1800 21
1901 4752 900 26
1902 4731 600 5
1902 4733 800 8
1902 4734 900 4
1902 4756 800 6
1903 2956 900 13
1903 1901 1800 37
1904 3161 400 33
1904 2487 800 63
1904 3546 800 13
1905 2488 400 102
1905 3010 400 52
1905 3161 400 93
1905 199 1800 152
1906 2541 800 22
1906 2577 800 50
1906 2540 800 36
1907 2533 800 30
1907 2534 800 47
1908 1909 800 25
1908 2442 800 173
1908 3151 400 57
1909 1928 400 158
1909 3150 800 7
1909 1908 800 25
1910 3145 600 63
1910 3149 800 28
1910 3150 800 24
1911 1914 600 31
1911 3148 800 38
1911 3149 800 26
1912 1913 800 101
1912 1918 800 24
1912 3148 800 22
1913 2950 800 22
1913 3142 600 15
1913 1912 800 101
1914 1915 600 12
1914 3684 400 6
1914 1911 600 31
1915 1916 600 50
1915 1933 400 53
1915 1914 600 12
1915 131 1800 60
1916 1932 400 45
1916 2549 600 15
1916 1915 600 50
1917 1918 800 24
1917 2956 800 48
1917 3147 800 27
1917 136 1800 35
1918 1934 400 48
1918 1912 800 24
1918 1917 800 24
1919 1921 400 70
1919 4754 800 10
1919 4758 800 9
1919 4759 800 8
1920 2019 400 13
1920 2957 800 10
1920 3147 800 5
1921 2019 400 12
1921 2592 400 18
1921 1919 400 70
1922 1923 800 21
1922 2199 800 24
1922 2200 400 37
1923 1924 600 8
1923 2577 800 38
1923 1922 800 21
1924 2197 400 109
1924 2579 600 6
1924 1923 600 8
1925 3152 400 16
1925 3153 400 46
1925 3280 400 52
1926 1927 600 51
1926 2194 400 70
1926 3145 600 38
1927 3141 600 49
1927 3281 400 60
1927 1926 600 51
1928 2194 400 93
1928 2195 400 166
1928 1909 400 158
1929 2203 600 63
1929 3141 600 28
1929 3144 600 15
1930 2203 600 41
1930 3142 600 89
1930 3143 600 24
1931 3146 600 72
1931 3286 600 193
1931 3287 600 17
1932 2200 400 36
1932 3628 400 36
1932 1916 400 45
1933 1934 400 37
1933 3628 400 24
1933 1915 400 53
1934 2592 400 54
1934 1918 400 48
1934 1933 400 37
1935 3646 1800 21
1936 3815 1800 16
1936 4442 900 17
1937 1939 800 62
1937 3803 1800 30
1938 4497 1800 10
1939 2014 800 9
1939 2851 800 18
1939 1938 900 54
1940 1941 800 16
1940 2128 500 10
1940 3528 500 17
1940 1306 800 42
1941 1943 800 14
1941 1940 800 16
1942 2805 900 6
1942 4483 700 7
1942 4484 900 4
1942 4485 800 6
1943 2127 400 14
1943 3525 800 18
1943 3531 500 14
1943 1941 800 14
1944 2009 400 15
1944 3527 400 12
1944 3532 400 9
1945 2841 800 9
1945 3660 600 82
1945 4377 800 12
1946 1967 400 128
1946 2530 600 61
1946 2816 600 27
1947 1948 500 12
1947 2438 500 29
1948 1300 500 22
1948 1947 500 12
1949 2578 500 15
1949 2933 500 10
1949 828 1800 12
1950 2933 500 10
1950 3544 500 7
1951 2438 400 19
1951 2834 400 30
1951 2937 400 49
1951 825 1800 32
1952 4371 600 4
1952 4372 900 9
1952 4373 800 5
1952 4375 900 5
1953 2903 900 34
1953 4364 1400 15
1953 4486 900 18
1954 1964 700 48
1954 2167 400 24
1954 2168 800 12
1955 2937 800 50
1955 1297 800 18
1956 1295 800 14
1956 1296 800 22
1957 3842 400 46
1957 2892 400 30
1958 1959 800 51
1958 2823 800 17
1959 2562 800 34
1959 3288 600 19
1959 1958 800 51
1960 2824 600 20
1960 2825 600 27
1961 1963 700 74
1961 4487 400 6
1961 4488 700 5
1962 3434 400 60
1962 3637 400 57
1962 3732 400 15
1963 1965 700 8
1963 2187 400 70
1963 1961 700 74
1964 1965 700 9
1964 2801 400 30
1964 1954 700 48
1965 3434 400 61
1965 1963 700 8
1965 1964 700 9
1966 1967 400 50
1966 2818 400 26
1966 1892 400 80
1967 3201 400 49
1967 1946 400 128
1967 1966 400 50
1967 42 1800 57
1968 2820 600 52
1968 2821 400 26
1968 3661 600 114
1969 1977 800 207
1969 6 800 48
1970 4470 1100 8
1970 4472 900 4
1970 4473 600 6
1971 1972 400 115
1971 2202 600 44
1971 1321 600 43
1972 1984 400 45
1972 3393 400 26
1972 1971 400 115
1973 2450 800 26
1973 1295 800 13
1974 1301 600 26
1974 1857 600 29
1975 2890 800 18
1975 4377 900 10
1975 4383 1100 4
1976 3291 600 1222
1976 7 600 44
1977 1978 800 70
1977 1979 600 84
1977 1969 800 207
1977 45 1800 100
1978 1979 600 46
1978 3025 800 32
1978 1977 800 70
1979 3759 600 30
1979 1977 600 84
1979 1978 600 46
1980 2082 600 94
1980 3025 800 39
1980 3408 800 57
1981 2480 400 34
1981 3012 800 55
1981 3014 800 50
1982 2730 400 41
1982 3293 400 9
1982 3295 400 92
1982 209 1800 45
1983 2729 1000 29
1983 3295 600 12
1983 4720 1000 77
1984 3235 600 38
1984 4705 600 9
1984 1972 400 45
1985 1986 600 238
1985 3298 900 115
1985 1137 800 247
1985 98 1800 297
1986 2085 400 447
1986 3447 600 784
1986 1985 600 238
1987 2301 400 265
1987 3300 400 267
1987 90 100 430
1988 1998 400 187
1988 2301 400 372
1988 1209 400 133
1989 2382 400 36
1989 1142 400 56
1989 1163 300 10
1989 157 1800 32
1990 2382 400 128
1990 2383 400 113
1990 4783 400 27
1990 159 1800 142
1991 2885 1800 50
1992 1993 600 19
1992 1991 900 28
1993 2556 600 54
1993 1992 600 19
1994 1995 400 30
1994 1086 400 34
1995 3419 400 30
1995 1090 400 51
1995 1103 400 49
1995 1994 400 30
1996 2162 400 42
1996 3105 400 30
1997 3226 800 20
1997 3670 400 8
1997 4446 800 9
1998 1999 400 133
1998 2000 400 136
1998 1988 400 187
1999 2000 400 93
1999 1998 400 133
1999 93 1800 95
2000 1998 400 136
2000 1999 400 93
2000 94 1800 117
2001 2118 700 31
2001 2547 800 24
2001 3270 800 30
2001 3301 800 25
2002 2940 700 34
2002 3592 700 43
2002 1845 700 21
2002 560 400 75
2003 2940 700 36
2003 3156 700 28
2003 4341 700 16
2003 560 400 80
2004 2005 1800 127
2005 3302 1800 35
2005 4452 1200 15
2006 1130 1800 26
2007 2419 700 8
2007 1290 600 10
2008 2009 400 72
2008 3533 400 37
2009 1944 400 15
2009 2008 400 72
2009 836 1800 32
2010 2051 1600 32
2010 1854 900 20
2011 2010 1600 56
2012 1 1600 26
2012 9 1600 26
2013 2451 400 55
2013 2723 400 14
2013 353 1800 40
2013 354 1800 70
2014 2822 800 19
2014 3303 600 56
2014 1939 800 9
2015 4356 800 4
2015 4360 800 8
2015 4361 1100 4
2015 4362 900 6
2016 2196 400 58
2016 3178 400 9
2016 1351 400 54
2016 201 1800 72
2017 2196 400 14
2017 3629 400 53
2017 1351 400 24
2018 2019 400 39
2018 2957 800 34
2018 4758 800 11
2019 1920 400 13
2019 1921 400 12
2019 2018 400 39
2019 926 1800 25
2020 2356 400 16
2020 1100 400 20
2020 1102 400 48
2020 715 1800 25
2021 2022 400 72
2021 1078 400 27
2021 1079 400 13
2022 4797 400 48
2022 1078 400 22
2022 2021 400 72
2023 2061 700 27
2023 3089 400 45
2023 4215 700 6
2023 1034 1800 27
2024 2025 400 15
2024 3630 600 24
2024 1758 600 13
2025 4213 900 6
2025 4352 900 15
2025 2024 400 15
2026 1523 400 28
2026 1551 400 45
2026 1578 400 13
2026 455 1800 25
2027 2660 400 14
2027 1456 400 25
2027 1457 400 18
2027 350 1800 47
2028 4632 400 10
2028 2088 400 34
2028 4633 400 12
2028 1460 400 14
2029 2269 400 80
2029 2665 600 25
2029 4533 600 13
2029 4632 400 16
2030 2692 700 24
2030 2696 700 10
2031 2032 400 16
2031 2710 1000 15
2031 2808 1000 10
2032 2139 400 57
2032 2806 400 21
2032 2031 400 16
2033 2097 400 57
2033 1642 400 25
2033 1825 400 85
2033 240 100 55
2034 2528 1200 32
2034 3304 400 88
2034 1823 1200 34
2034 235 1800 47
2035 2439 400 186
2035 1665 900 23
2035 1667 900 12
2036 2588 1100 6
2036 3090 1100 18
2036 3427 400 44
2037 3070 400 68
2037 3071 400 78
2037 3214 400 21
2038 2153 400 16
2038 2355 400 16
2038 3194 400 41
2039 2521 400 7
2039 3131 400 25
2039 3332 400 34
2040 2136 900 16
2040 2613 400 28
2040 3428 400 12
2040 1160 900 20
2041 3030 400 50
2041 1210 700 51
2041 1211 700 26
2042 1264 400 62
2042 1266 400 18
2043 1268 400 33
2043 1275 400 54
2043 798 1800 32
2044 2045 500 10
2044 2573 900 48
2044 1276 900 112
2044 781 1800 132
2045 2046 500 45
2045 3048 400 48
2045 2044 500 10
2046 3046 400 32
2046 3047 400 42
2046 2045 500 45
2046 1057 1800 45
2047 2411 400 65
2047 2413 400 46
2047 2466 400 16
2047 810 1800 70
2048 2455 400 31
2048 2456 400 16
2048 2457 400 22
2048 815 1800 67
2049 3879 400 34
2049 3872 1400 27
2049 2125 400 6
2049 2132 600 19
2049 1287 1100 11
2050 3328 400 36
2050 1292 400 21
2050 1293 400 31
2050 1066 1800 22
2051 3910 1600 5
2052 3445 1100 51
2053 2931 400 19
2053 3521 400 19
2053 3534 400 14
2053 1889 400 19
2054 2172 400 14
2054 2418 400 25
2054 3871 400 10
2055 2091 600 26
2055 3566 800 13
2055 1138 800 22
2056 3631 1100 15
2056 1243 1100 10
2056 755 1800 37
2057 2140 400 18
2057 1244 400 7
2057 2056 400 16
2059 1516 600 44
2059 1579 600 49
2059 453 1800 20
2061 1785 600 16
2061 2023 700 27
2061 676 1800 32
2061 1030 1800 37
2062 2634 700 51
2062 463 1800 142
2062 464 1800 197
2064 2310 400 65
2064 1718 400 18
2064 529 1800 25
2066 3622 400 20
2069 4056 500 10
2069 4751 800 32
2069 1710 800 7
2070 1694 400 43
2070 481 1800 17
2073 4313 400 44
2073 1442 400 56
2073 345 1800 37
2075 2273 400 88
2082 2866 600 301
2082 1980 600 94
2082 853 1800 117
2083 3286 600 116
2083 3435 400 9
2083 3632 600 37
2084 2150 400 37
2085 1986 400 447
2085 91 1800 177
2086 2254 600 30
2086 2717 600 9
2086 372 1800 37
2087 4229 800 12
2087 4560 800 30
2087 973 1800 52
2088 2661 400 13
2088 1458 400 13
2088 2028 400 34
2089 2290 400 32
2089 4248 400 15
2089 1447 400 16
2089 346 1800 32
2090 2338 400 36
2090 2550 900 43
2090 3912 900 6
2091 2055 600 26
2091 161 1800 70
2092 2380 1100 22
2092 2477 1100 18
2093 3228 600 202
2093 774 1800 150
2094 3469 400 28
2094 1058 1800 42
2095 2424 600 42
2095 3380 600 67
2095 831 1800 30
2096 2216 400 60
2096 4638 400 30
2096 1475 400 70
2097 4629 400 22
2097 1642 400 21
2097 2033 400 57
2097 254 1800 42
2098 3108 800 28
2098 3403 800 33
2099 2691 700 25
2099 2699 700 10
2099 3589 400 10
2099 1408 700 10
2100 4162 400 8
2100 4164 1100 5
2100 4168 1100 5
2101 4243 400 18
2101 1783 400 18
2102 3128 400 69
2102 4088 800 6
2102 1119 800 25
2103 2153 400 26
2103 2355 400 17
2103 3195 400 22
2104 2356 400 25
2104 1103 400 45
2104 1104 400 54
2105 2358 400 45
2105 3633 400 17
2105 701 1800 12
2106 3307 400 38
2106 3478 600 13
2106 1213 600 44
2107 3045 400 14
2108 2131 400 54
2108 3634 400 31
2108 844 1800 162
2109 2113 800 17
2109 2562 800 90
2110 2759 400 33
2110 1336 400 56
2110 74 1800 114
2111 2826 700 47
2111 4488 700 16
2111 181 1800 42
2111 183 1800 132
2112 1311 400 48
2112 1313 400 50
2112 73 1800 45
2113 2827 400 69
2113 2988 800 91
2113 2109 800 17
2114 2976 700 38
2114 3308 700 32
2114 3842 400 61
2115 2481 400 39
2115 1324 400 20
2116 4479 400 39
2116 1325 400 22
2116 82 1800 37
2117 2784 800 65
2117 2802 800 64
2118 3155 700 36
2118 2001 700 31
2118 951 1800 47
2119 2591 400 73
2119 3038 400 29
2120 3026 400 16
2120 1202 400 21
2121 2391 400 38
2121 1184 400 26
2122 3057 600 38
2122 1247 600 26
2122 752 1800 42
2123 3765 400 13
2123 3766 400 13
2123 1059 1800 30
2124 2131 400 89
2124 2176 400 12
2124 1203 400 7
2125 2177 400 33
2125 2181 400 26
2125 2049 400 6
2125 812 1800 20
2126 2127 400 13
2126 2997 400 13
2126 3523 400 27
2126 1876 400 42
2127 3535 400 25
2127 3536 400 19
2127 1943 400 14
2127 2126 400 13
2128 3535 400 15
2128 3542 500 8
2128 1940 500 10
2129 4393 800 71
2129 4492 600 8
2129 1324 800 22
2130 4489 1200 8
2130 4490 1100 9
2130 4491 1100 8
2131 2132 400 32
2131 3879 400 10
2131 2108 400 54
2131 2124 400 89
2131 814 1800 85
2132 3634 400 14
2132 2049 600 19
2132 2131 400 32
2133 2135 500 7
2133 2007 700 14
2134 1289 600 7
2134 2133 600 6
2135 2181 500 26
2135 1288 600 26
2135 2133 500 7
2135 813 1800 25
2136 2137 600 16
2136 2613 400 36
2136 1152 900 12
2136 2040 900 16
2137 3957 900 6
2137 1144 900 9
2138 2434 500 31
2138 2612 1100 10
2138 3067 1100 14
2139 2807 400 14
2139 2032 400 57
2139 406 1800 70
2140 2141 400 56
2140 1246 400 18
2140 2057 400 18
2141 1247 600 13
2141 1249 600 16
2141 2140 400 56
2141 753 1800 22
2142 2175 400 40
2142 2576 400 37
2142 1203 400 7
2143 3043 400 12
2143 786 1800 32
2144 2145 400 100
2144 2187 400 52
2144 2189 400 78
2144 3309 400 42
2145 2440 400 108
2145 2441 400 28
2145 2144 400 100
2146 2794 700 14
2146 2795 400 20
2146 2982 800 36
2146 4360 800 32
2147 2798 400 38
2147 2800 400 34
2148 4127 900 4
2148 4129 1000 5
2148 4132 1100 4
2149 2970 400 61
2149 2974 400 81
2150 2162 400 25
2150 2084 400 37
2150 397 1800 57
2151 2161 600 21
2151 2162 600 14
2152 2222 900 54
2152 3163 600 21
2152 3409 600 18
2152 2721 1000 17
2153 2038 400 16
2153 2103 400 26
2154 1287 1400 14
2154 1289 800 12
2154 2133 700 15
2155 2806 400 61
2155 2807 400 24
2156 2157 400 14
2156 2469 400 41
2156 806 1800 47
2157 2436 400 13
2157 3044 400 45
2157 2156 400 14
2158 2317 500 13
2158 3137 500 29
2158 4128 500 12
2159 2317 500 24
2159 3137 500 16
2159 3635 400 27
2159 4702 500 5
2160 3681 400 298
2160 1881 700 144
2160 360 1800 57
2161 2813 600 24
2161 3104 400 27
2161 2151 600 21
2162 1996 400 42
2162 2150 400 25
2162 2151 600 14
2163 2964 400 21
2163 2965 400 31
2163 673 1800 32
2164 2165 500 33
2164 2799 400 66
2164 2800 400 12
2164 33 1800 52
2165 2796 400 19
2165 2982 500 21
2165 2164 500 33
2165 19 1800 55
2166 2943 400 10
2166 2979 400 33
2167 3636 400 28
2167 3733 400 22
2167 1954 400 24
2168 3636 400 32
2168 4485 800 12
2168 1954 800 12
2169 2520 400 58
2169 2521 400 46
2169 597 1800 35
2170 2528 400 96
2170 233 1800 32
2171 2175 400 50
2171 3871 400 10
2171 1286 400 26
2171 1063 1800 22
2172 2173 400 24
2172 2054 400 14
2173 2174 400 24
2173 2172 400 24
2173 816 1800 90
2174 2176 400 15
2174 2173 400 24
2175 2142 400 40
2175 2171 400 50
2176 2124 400 12
2176 2174 400 15
2177 2576 400 20
2177 2125 400 33
2178 2759 400 114
2178 2760 400 44
2178 75 1800 140
2179 2529 400 36
2179 1892 400 105
2179 39 1800 55
2180 2921 600 36
2180 3231 600 48
2181 2125 400 26
2181 2135 500 26
2182 2819 600 20
2182 2820 600 25
2183 3637 400 15
2183 4487 400 26
2183 185 1800 37
2184 2554 400 36
2184 1318 400 78
2184 60 1800 90
2185 2969 400 43
2185 1311 600 56
2185 1314 600 26
2185 58 1800 27
2186 1317 400 37
2186 1318 400 46
2187 1963 400 70
2187 2144 400 52
2187 166 1800 57
2188 3311 400 28
2188 1347 400 38
2189 2801 400 41
2189 2144 400 78
2189 167 1800 57
2190 2920 600 33
2190 3039 600 45
2190 49 1800 40
2191 1348 400 20
2191 1349 400 58
2192 3153 400 22
2192 3154 400 40
2192 191 1800 165
2193 1350 400 20
2193 1352 400 61
2193 55 1800 45
2194 1926 400 70
2194 1928 400 93
2194 120 1800 75
2195 3281 400 130
2195 1928 400 166
2195 122 1800 57
2196 2016 400 58
2196 2017 400 14
2196 201 1800 95
2197 3154 400 117
2197 1924 400 109
2197 189 1800 170
2198 3461 400 42
2198 1343 400 26
2198 89 1800 25
2199 4759 800 41
2199 1922 800 24
2199 128 1800 147
2200 1922 400 37
2200 1932 400 36
2200 130 1800 40
2201 2558 400 52
2201 2773 400 27
2201 270 1800 60
2202 4473 600 30
2202 1971 600 44
2202 206 1800 87
2203 1929 600 63
2203 1930 600 41
2203 123 1800 102
2204 3167 400 18
2204 3295 600 73
2204 212 1800 105
2205 3831 700 28
2205 4468 700 34
2205 927 1800 132
2206 2777 400 74
2206 2782 500 53
2206 284 1800 82
2207 2548 600 53
2207 3160 600 75
2207 220 1800 32
2208 3573 800 16
2208 4439 800 10
2208 216 1800 97
2209 2735 400 93
2209 2736 400 75
2209 3110 800 44
2209 4040 800 12
2210 2745 400 30
2210 1666 400 40
2210 262 1800 82
2211 2492 400 16
2211 3379 400 73
2211 1668 400 63
2212 2735 400 64
2212 3459 400 33
2212 1661 400 34
2213 2225 400 25
2213 2425 400 37
2213 3526 400 18
2213 840 1800 37
2214 2217 400 41
2214 3379 400 36
2214 1669 400 61
2214 259 1800 20
2215 2983 400 21
2215 2984 400 16
2215 1397 400 60
2215 400 1800 45
2216 1474 400 61
2216 2096 400 60
2216 294 1800 65
2217 1632 400 78
2217 1676 400 39
2217 2214 400 41
2218 1630 400 40
2218 1651 400 40
2218 269 1800 30
2219 1374 400 66
2219 1375 400 173
2219 306 1800 140
2220 1667 900 47
2220 1670 900 31
2220 266 1800 77
2221 1472 400 76
2221 1473 400 60
2221 295 1800 17
2222 2715 900 66
2222 2152 900 54
2223 2983 400 13
2223 1398 400 42
2223 399 1800 17
2224 1631 400 102
2224 1637 400 60
2224 953 1800 25
2225 3532 400 15
2225 3533 400 66
2225 2213 400 25
2226 2227 600 17
2226 4022 1200 7
2227 2678 600 20
2227 2226 600 17
2227 334 1800 67
2228 2555 1000 35
2228 3711 600 88
2228 3928 1000 33
2229 2679 400 41
2229 1470 400 54
2229 308 1800 65
2230 3488 700 20
2230 3489 700 37
2231 1386 1000 10
2231 1387 1000 37
2231 369 1800 60
2232 2444 400 25
2232 1389 400 16
2232 370 1800 92
2233 2677 400 27
2233 4261 400 32
2233 327 1800 60
2234 1425 400 60
2234 1426 400 16
2234 320 1800 75
2235 2683 1000 17
2235 4006 900 27
2236 1467 400 45
2236 1468 400 60
2236 331 1800 22
2236 332 1800 30
2237 1623 400 120
2237 1624 400 104
2237 252 1800 105
2238 2241 800 69
2238 3157 700 45
2238 3320 800 48
2238 4545 700 14
2239 1379 500 32
2239 1389 400 13
2239 368 1800 82
2240 2911 400 40
2240 1644 400 82
2240 242 1800 30
2241 4175 800 18
2241 2238 800 69
2241 567 1800 125
2241 568 1800 130
2241 569 1800 55
2242 1383 700 24
2242 1384 700 29
2242 375 1800 40
2243 2646 400 61
2243 2647 400 41
2243 1568 400 51
2243 427 1800 27
2244 1381 700 18
2244 1382 600 28
2245 1378 500 31
2245 1379 500 18
2245 373 1800 20
2246 2429 600 56
2246 3241 400 42
2246 1411 600 26
2247 2931 400 21
2247 3520 400 19
2247 1872 400 33
2248 3262 400 108
2248 3264 400 13
2249 1489 400 25
2249 1491 400 24
2249 335 100 20
2250 2430 400 13
2250 1420 400 48
2250 311 1800 67
2251 3125 400 13
2251 1841 400 40
2251 575 1800 35
2252 1618 400 48
2252 1619 400 30
2252 445 1800 40
2253 3392 400 37
2253 1787 400 69
2253 1804 400 69
2254 2255 600 17
2254 3854 400 56
2254 2086 600 30
2255 1372 600 51
2255 2254 600 17
2255 371 1800 35
2256 1414 400 30
2256 1420 400 70
2256 390 1800 65
2257 1596 400 43
2257 1600 400 10
2257 437 1800 20
2258 2664 400 53
2258 3463 400 54
2258 4634 400 13
2259 2645 400 22
2259 1550 400 6
2259 975 1800 45
2260 1385 400 40
2260 376 1800 65
2261 3124 400 20
2261 3125 400 60
2262 1840 400 29
2262 1842 400 42
2262 577 1800 40
2263 1417 400 49
2263 1418 400 43
2263 312 1800 27
2264 2662 400 24
2264 1454 400 18
2264 336 1800 15
2265 1599 400 34
2265 1600 400 42
2265 438 1800 47
2266 3122 400 37
2266 1835 400 63
2266 966 1800 40
2267 1406 400 38
2267 1407 400 20
2267 380 1800 35
2268 2655 400 19
2268 1552 400 30
2268 420 1800 17
2269 2656 500 21
2269 2657 500 8
2269 2029 400 80
2270 3395 400 30
2270 3638 1000 8
2270 4106 1000 9
2271 2675 600 21
2271 2676 600 15
2271 321 1800 20
2272 1416 400 18
2272 1421 400 17
2272 387 1800 20
2273 3589 400 29
2273 2075 400 88
2273 383 1800 32
2274 2275 400 70
2274 1800 500 36
2274 641 1800 42
2275 1801 400 80
2275 2274 400 70
2275 643 1800 90
2275 644 1800 100
2276 3124 400 31
2276 3126 400 16
2276 578 1800 32
2277 4613 400 20
2277 1440 400 24
2277 340 1800 30
2278 2687 600 21
2278 3792 600 44
2278 384 1800 37
2279 2666 900 14
2279 1435 900 8
2280 1444 400 30
2280 1448 400 12
2280 341 1800 60
2281 2649 900 8
2281 4798 900 10
2281 1573 400 33
2282 4615 400 12
2282 1443 400 25
2282 343 1800 12
2283 2639 400 20
2283 1583 400 15
2283 432 1800 27
2284 3099 400 21
2284 3639 400 21
2285 2286 600 34
2285 4736 600 25
2286 3244 400 14
2286 1434 600 24
2286 2285 600 34
2286 313 1800 30
2287 2658 400 17
2287 1494 400 20
2287 416 1800 37
2288 1437 400 19
2288 1438 400 24
2288 315 1800 35
2289 3123 400 17
2289 1073 400 34
2289 582 1800 37
2290 2659 400 27
2290 2660 400 9
2290 2089 400 32
2290 348 1800 17
2291 1440 400 18
2291 1443 400 18
2291 344 1800 27
2292 4185 600 25
2292 1437 600 38
2292 319 1800 15
2293 4124 700 16
2293 1497 700 18
2293 413 1800 35
2294 1544 400 44
2294 1545 400 22
2294 426 1800 42
2295 1446 400 20
2295 1455 400 90
2295 349 1800 25
2296 1442 400 41
2296 1446 400 30
2296 347 1800 12
2297 3383 700 37
2297 1069 800 20
2297 1071 800 29
2298 1525 400 22
2298 1529 400 17
2298 1531 400 22
2298 456 1800 17
2299 1613 400 75
2299 1614 400 39
2299 1615 400 87
2299 442 1800 25
2300 3210 400 58
2300 1071 400 17
2300 1072 400 78
2300 586 1800 45
2301 1987 400 265
2301 1988 400 372
2302 2615 400 12
2302 3082 400 17
2303 1788 400 113
2303 1790 400 48
2303 669 1800 47
2304 3322 600 20
2304 3323 400 13
2304 4332 600 54
2305 2958 400 12
2305 2959 400 58
2305 3481 400 29
2305 593 1800 47
2306 3022 700 16
2306 4521 700 30
2306 675 1800 40
2307 4013 1100 37
2307 1510 1100 17
2307 1511 400 15
2308 3019 600 17
2308 3020 600 25
2308 670 1800 52
2309 2315 400 10
2309 2318 400 24
2309 536 1800 20
2310 4661 400 22
2310 2064 400 65
2310 528 1800 82
2311 1814 400 46
2311 1815 400 24
2312 3865 400 20
2312 3640 600 10
2312 3652 600 24
2312 1025 1800 27
2313 2616 600 10
2313 1649 600 12
2313 543 1800 42
2314 3183 700 17
2314 4204 700 6
2315 3325 400 30
2315 1727 400 61
2315 2309 400 10
2316 4686 600 9
2316 4687 1100 7
2316 4688 900 5
2317 2158 500 13
2317 2159 500 24
2317 635 1800 20
2318 3251 400 19
2318 2309 400 24
2318 535 1800 12
2319 4748 400 78
2319 1719 400 78
2319 530 1800 67
2320 1683 600 37
2320 1684 600 12
2320 468 1800 35
2321 2322 400 13
2321 1683 400 13
2321 467 1800 40
2322 1685 400 25
2322 2321 400 13
2322 465 1800 57
2322 466 1800 37
2323 3867 600 36
2323 4241 800 6
2323 1781 800 18
2324 2325 400 72
2324 1774 400 46
2324 650 1800 22
2325 1776 400 25
2325 2324 400 72
2325 649 1800 50
2326 1694 400 30
2326 1695 400 30
2326 482 1800 25
2326 1031 1800 25
2327 1696 400 24
2327 496 1800 12
2328 4090 1100 63
2328 4131 1100 36
2329 2330 800 49
2329 4796 800 25
2329 647 1800 80
2330 3992 800 21
2330 2329 800 49
2330 645 1800 57
2331 2964 400 36
2331 3024 400 45
2331 674 1800 20
2332 3133 400 66
2332 3134 400 37
2332 629 1800 92
2333 1722 600 17
2333 509 1800 15
2334 1684 200 28
2334 1690 400 33
2334 475 1800 45
2335 1724 400 15
2335 1725 400 25
2336 4539 600 13
2336 1711 600 29
2336 493 1800 17
2336 498 1800 25
2337 3397 500 28
2337 495 1800 30
2338 3089 400 27
2338 2090 400 36
2338 682 1800 30
2339 1725 400 32
2339 1729 400 22
2339 499 1800 15
2339 502 1800 20
2340 1081 400 45
2340 1082 400 18
2340 663 1800 37
2341 2627 600 18
2341 4682 600 10
2341 471 1800 12
2342 3071 400 28
2342 3128 400 72
2343 1723 400 26
2343 1730 400 18
2343 506 1800 25
2344 2628 600 24
2344 1691 600 42
2345 4597 600 12
2345 1731 600 15
2345 508 1800 12
2346 3255 900 14
2346 1749 900 15
2346 692 1800 15
2347 2348 400 12
2347 4658 400 12
2347 490 1800 15
2348 1707 400 6
2348 2347 400 12
2348 491 1800 20
2349 3256 600 13
2349 1747 600 13
2349 687 1800 15
2350 1734 400 16
2350 1736 400 34
2350 516 1800 17
2350 517 1800 22
2351 2352 400 17
2351 4660 400 12
2351 501 1800 27
2352 1730 400 17
2352 2351 400 17
2352 503 1800 15
2353 3641 400 17
2353 3642 400 17
2353 512 1800 27
2354 3642 400 17
2354 1732 400 17
2354 513 1800 20
2355 2038 400 16
2355 2103 400 17
2355 619 1800 32
2356 2020 400 16
2356 2104 400 25
2356 714 1800 42
2357 3643 1000 13
2357 3869 400 37
2357 4795 1000 11
2357 702 1800 42
2358 3085 1000 10
2358 1764 1000 5
2358 2105 400 45
2359 2364 800 26
2359 3066 800 13
2359 618 1800 70
2360 1116 400 38
2360 1117 400 16
2360 620 1800 17
2361 1082 400 26
2361 1083 400 32
2362 1082 400 50
2362 1084 400 36
2362 662 1800 60
2363 1770 1000 23
2363 1771 1000 14
2363 705 1800 50
2364 1114 800 18
2364 2359 800 26
2364 617 1800 40
2365 1090 400 18
2365 1103 400 63
2365 713 1800 42
2366 3070 400 14
2366 1105 400 13
2366 614 1800 32
2367 1155 400 114
2367 1156 400 20
2367 633 1800 20
2368 1094 400 30
2368 1095 400 13
2368 708 1800 32
2369 1102 400 63
2369 1108 400 30
2369 726 1800 20
2370 2910 400 30
2370 1099 400 54
2370 1108 400 25
2370 720 1800 42
2371 4274 400 36
2371 1092 400 25
2371 710 1800 37
2372 3421 400 25
2372 1092 400 75
2372 717 1800 60
2373 2603 400 21
2373 2910 1100 36
2373 3430 1100 6
2374 4784 1000 12
2374 1141 1000 48
2374 1048 1800 17
2375 1110 400 64
2375 1151 400 26
2375 144 1800 30
2376 1141 400 20
2376 1143 400 54
2376 632 1800 82
2376 1049 1800 32
2377 2380 1100 9
2377 2612 1100 18
2378 2379 500 22
2378 3429 500 39
2378 1149 400 28
2379 2434 500 45
2379 1149 400 21
2379 2378 500 22
2380 2092 1100 22
2380 2377 1100 9
2381 3030 400 22
2381 3480 400 26
2382 1989 400 36
2382 1990 400 128
2382 154 1800 37
2383 2388 400 48
2383 1990 400 113
2383 153 1800 62
2384 2385 400 26
2384 2435 400 48
2384 3428 400 10
2385 3223 400 6
2385 1163 400 48
2385 2384 400 26
2386 3576 400 42
2386 3577 400 69
2386 728 1800 127
2387 3327 400 39
2387 1161 400 28
2387 148 1800 22
2388 1164 400 28
2388 2383 400 48
2388 152 1800 22
2389 3327 400 34
2389 1160 400 45
2389 150 1800 35
2390 1178 400 42
2390 1181 400 80
2391 3225 400 20
2391 2121 400 38
2391 730 1800 37
2392 1221 400 45
2392 1224 400 25
2392 778 1800 62
2393 3053 400 41
2393 1222 400 54
2393 780 1800 52
2394 3052 800 19
2394 1276 800 17
2395 2415 400 18
2395 1282 400 6
2396 1170 400 26
2396 1173 400 24
2396 737 1800 15
2397 1167 400 19
2397 1168 400 48
2397 736 1800 15
2398 3033 800 12
2398 3034 800 19
2398 779 1800 35
2399 1176 400 20
2399 1185 400 32
2399 738 1800 47
2400 1185 400 28
2400 1187 400 24
2400 739 1800 60
2400 742 1800 12
2401 1868 1100 34
2401 2 1100 20
2402 1186 1000 21
2402 1188 1000 19
2402 740 1800 17
2403 2496 600 60
2403 1195 600 6
2403 749 1800 12
2404 3391 1100 21
2405 1189 1000 18
2405 1193 1000 32
2405 750 1800 22
2406 3047 400 66
2406 3048 400 40
2406 783 1800 42
2407 2575 800 9
2407 3041 400 26
2407 1259 800 32
2408 3376 400 54
2408 1259 400 58
2409 3058 400 21
2409 1264 400 49
2409 795 1800 60
2410 1265 400 26
2410 1266 400 30
2411 2467 400 20
2411 2047 400 65
2412 1271 400 16
2412 1272 400 38
2412 799 1800 30
2413 2415 400 40
2413 2437 400 25
2413 2459 400 6
2413 2047 400 46
2414 1274 400 10
2414 1275 400 27
2414 1278 400 28
2414 801 1800 25
2414 1060 1800 32
2415 2395 400 18
2415 2413 400 40
2415 807 1800 45
2416 1277 1100 8
2416 1281 1100 44
2417 2461 400 25
2417 1286 400 26
2417 803 1800 27
2418 2460 400 31
2418 2054 400 25
2419 1288 800 5
2419 1290 800 5
2420 2422 400 7
2420 3534 400 17
2420 1876 400 9
2421 1292 400 18
2421 1293 400 34
2421 1863 400 14
2422 3536 400 22
2422 1888 400 16
2422 2420 400 7
2423 2932 400 10
2423 3230 400 33
2423 3328 400 31
2424 2515 600 42
2424 3380 500 22
2424 2095 600 42
2424 832 1800 45
2425 3530 500 16
2425 3531 500 12
2425 2213 400 37
2426 2427 800 8
2426 2428 800 15
2426 843 1800 12
2427 3537 400 31
2427 1889 800 9
2427 2426 800 8
2428 3537 400 22
2428 1870 800 13
2428 2426 800 15
2429 2430 400 64
2429 1413 600 60
2429 2246 600 56
2430 2250 400 13
2430 2429 400 64
2430 391 1800 50
2431 2809 800 57
2431 3645 800 10
2431 410 1800 45
2432 3917 900 9
2432 4567 400 39
2432 1574 900 12
2433 2648 900 15
2433 4798 900 10
2433 1569 400 73
2434 1151 400 22
2434 2138 500 31
2434 2379 500 45
2435 3423 400 18
2435 1163 400 26
2436 2437 400 48
2436 2459 400 38
2436 2157 400 13
2437 3762 400 6
2437 2413 400 25
2437 2436 400 48
2438 2578 500 15
2438 2932 400 8
2438 1947 500 29
2438 1951 400 19
2438 826 1800 15
2439 2742 400 76
2439 2035 400 186
2439 265 1800 67
2440 2441 400 64
2440 2145 400 108
2440 168 1800 80
2441 2145 400 28
2441 2440 400 64
2442 3292 800 113
2442 1908 800 173
2442 117 1800 120
2443 4392 600 105
2443 4770 600 171
2443 86 1800 272
2444 1387 400 10
2444 1388 400 16
2444 2232 400 25
2445 2698 700 36
2445 1408 700 8
2446 3083 400 21
2446 3117 400 18
2447 2614 1400 115
2447 3955 1100 34
2448 4331 1000 9
2448 1094 1000 20
2448 706 1800 47
2448 1044 1800 20
2449 2571 400 66
2449 1256 400 26
2449 792 1800 55
2450 1288 800 10
2450 1973 800 26
2450 819 1800 45
2451 2013 400 55
2451 17 1800 67
2451 462 1800 55
2452 2453 400 120
2452 2994 400 14
2453 2993 400 57
2453 2452 400 120
2454 2517 400 90
2454 2527 400 84
2455 1282 400 34
2455 2048 400 31
2455 809 1800 37
2456 3763 400 18
2456 2048 400 16
2457 1283 400 26
2457 2048 400 22
2458 3469 400 34
2458 3763 400 36
2458 3878 400 63
2459 2413 400 6
2459 2436 400 38
2460 1283 400 20
2460 2418 400 31
2460 1062 1800 27
2461 2462 400 27
2461 2417 400 25
2462 1279 400 18
2462 2461 400 27
2463 2464 400 20
2463 1278 400 6
2464 2465 400 32
2464 2463 400 20
2465 1279 400 8
2465 2464 400 32
2465 802 1800 27
2466 3378 400 9
2466 2047 400 16
2466 805 1800 27
2467 2469 400 34
2467 2411 400 20
2468 3013 400 48
2468 3177 400 34
2468 1361 400 98
2469 2156 400 41
2469 2467 400 34
2470 3807 1800 23
2470 1232 900 16
2471 1251 1800 42
2472 3806 1800 14
2472 1234 900 31
2473 3809 1800 117
2474 2475 400 44
2474 2476 400 54
2474 102 1800 137
2475 2490 800 29
2475 3042 800 59
2475 2474 400 44
2476 2474 400 54
2477 2478 400 19
2477 4033 1000 10
2477 2092 1100 18
2478 2609 400 34
2478 2613 400 25
2478 2477 400 19
2479 2550 800 8
2479 3867 600 26
2480 2491 400 101
2480 1981 400 34
2480 193 1800 95
2481 2594 400 24
2481 3450 400 54
2481 3843 400 36
2481 2115 400 39
2482 3010 400 57
2482 3015 400 40
2483 1256 800 8
2483 1259 800 9
2484 4691 1000 10
2484 4692 400 7
2484 1635 1000 17
2485 4690 400 93
2485 4692 400 66
2485 282 1800 52
2486 1643 400 24
2486 1821 400 36
2486 240 100 50
2487 2488 400 177
2487 2540 800 9
2487 1904 800 63
2488 1905 400 102
2488 2487 400 177
2489 3330 800 45
2489 1204 800 26
2490 3330 800 47
2490 2475 800 29
2490 95 1800 107
2491 2513 400 98
2491 2480 400 101
2491 889 1800 95
2492 1666 400 36
2492 2211 400 16
2492 261 1800 30
2493 3984 900 52
2493 1820 900 43
2493 243 1800 60
2494 1588 400 16
2494 1601 400 36
2495 4684 400 16
2495 1705 400 17
2495 486 1800 12
2496 1187 600 62
2496 1192 400 32
2496 2403 600 60
2497 3131 400 18
2497 3331 400 34
2497 4778 400 37
2498 3331 400 12
2498 1122 600 7
2498 1123 600 48
2499 2503 400 30
2499 4272 1000 9
2499 1091 1000 22
2500 2503 400 12
2500 1092 400 33
2500 1093 400 31
2501 2502 400 42
2501 1091 1000 24
2501 1094 1000 14
2502 4674 400 18
2502 1095 400 21
2502 2501 400 42
2502 1047 1800 17
2503 2499 400 30
2503 2500 400 12
2503 710 1800 30
2504 1634 400 15
2504 1657 400 24
2505 1651 400 37
2505 1653 400 12
2506 4561 800 19
2506 1606 800 25
2507 2509 400 19
2507 4291 600 16
2507 1489 600 26
2508 2509 400 30
2508 2663 400 9
2508 1490 400 21
2508 339 1800 50
2509 2507 400 19
2509 2508 400 30
2509 335 100 35
2510 4633 400 17
2510 1457 400 29
2510 350 1800 57
2511 3238 500 20
2511 1386 1000 45
2511 1390 1000 6
2512 2594 400 12
2512 4477 800 14
2512 1324 800 20
2513 2514 400 120
2513 2491 400 98
2514 2516 400 52
2514 2513 400 120
2514 196 1800 120
2515 2858 600 7
2515 1306 500 25
2515 2424 600 42
2516 2533 800 42
2516 3012 800 85
2516 2514 400 52
2517 3011 400 32
2517 2454 400 90
2517 223 1800 57
2518 1193 1000 10
2518 1198 1000 12
2519 1196 400 13
2519 1197 400 13
2520 3132 400 22
2520 2169 400 58
2521 3132 400 56
2521 2039 400 7
2521 2169 400 46
2522 2524 400 48
2522 3334 400 8
2522 1125 400 8
2523 2524 400 16
2523 3482 400 10
2523 4697 400 49
2524 2525 400 22
2524 2522 400 48
2524 2523 400 16
2525 3324 400 16
2525 3334 400 24
2525 2524 400 22
2526 3187 400 48
2526 3866 400 36
2526 607 1800 70
2527 3011 400 46
2527 4435 800 24
2527 2454 400 84
2528 1824 800 15
2528 2034 1200 32
2528 2170 400 96
2529 3649 400 180
2529 1890 400 14
2529 2179 400 36
2530 3649 400 146
2530 1894 600 10
2530 1946 600 61
2530 43 1800 47
2531 2727 400 40
2531 2991 400 30
2531 1882 400 138
2532 2765 400 48
2532 2768 400 134
2532 70 1800 47
2533 1907 800 30
2533 2516 800 42
2534 2541 800 32
2534 1907 800 47
2537 2803 700 40
2537 2923 700 25
2537 165 1800 25
2537 900 1800 37
2539 2543 1100 33
2539 1337 1100 25
2540 1906 800 36
2540 2487 800 9
2541 1906 800 22
2541 2534 800 32
2541 192 1800 157
2542 2734 600 15
2542 1321 600 19
2543 2930 400 88
2543 3496 1100 21
2543 2539 1100 33
2545 2597 1100 15
2545 3136 1100 24
2546 2950 800 41
2546 3140 800 25
2546 110 1800 40
2547 3563 800 34
2547 3740 400 15
2547 3845 400 40
2547 2001 800 24
2548 3158 600 91
2548 2207 600 53
2548 222 1800 55
2549 2579 600 39
2549 1916 600 15
2549 129 1800 30
2550 4242 900 16
2550 2090 900 43
2550 2479 800 8
2550 680 1800 20
2551 3944 900 41
2551 4047 1000 98
2551 245 1800 105
2551 247 1800 120
2552 2737 1100 10
2552 4039 1100 38
2552 264 1800 27
2552 278 1800 30
2553 2746 900 20
2553 1633 900 17
2553 250 1800 20
2554 1315 400 14
2554 2184 400 36
2554 62 1800 30
2555 3998 1000 24
2555 2228 1000 35
2555 255 1800 70
2555 430 1800 127
2556 2557 600 48
2556 3484 400 53
2556 1993 600 54
2556 271 1800 35
2557 2772 600 36
2557 2556 600 48
2558 3486 400 44
2558 3699 400 34
2558 2201 400 52
2558 272 1800 75
2559 2812 1100 34
2559 1374 1100 60
2559 309 1800 77
2560 2827 400 62
2560 2828 400 39
2561 2693 600 20
2561 1394 800 16
2561 396 1800 35
2561 401 1800 97
2562 1959 800 34
2562 2109 800 90
2562 175 1800 167
2563 4768 800 9
2563 4770 600 5
2563 4771 800 8
2564 3031 400 29
2564 1228 400 82
2564 758 1800 35
2565 1244 800 19
2565 1248 800 25
2565 756 1800 40
2566 1254 800 22
2566 1255 800 26
2566 757 1800 30
2567 3034 800 18
2567 1254 800 32
2567 757 1800 62
2567 1055 1800 52
2568 2998 800 8
2568 1256 800 62
2569 3669 400 33
2569 1226 400 16
2570 1261 400 9
2570 1268 400 16
2570 797 1800 22
2571 2449 400 66
2572 2573 900 37
2572 1260 900 5
2573 2044 900 48
2573 2572 900 37
2573 784 1800 80
2573 785 1800 90
2574 3000 900 24
2574 1260 900 37
2574 787 1800 42
2575 3054 800 28
2575 2407 800 9
2575 790 1800 57
2576 2142 400 37
2576 2177 400 20
2576 811 1800 22
2577 1906 800 50
2577 1923 800 38
2578 1949 500 15
2578 2438 500 15
2578 827 1800 12
2579 1924 600 6
2579 2549 600 39
2580 3335 400 52
2580 4279 400 44
2580 289 1800 105
2581 2588 800 16
2581 3096 800 45
2581 1714 800 14
2582 2583 800 14
2582 4293 900 18
2582 1714 900 12
2583 1714 1800 12
2583 2404 1100 19
2584 4237 600 6
2584 1827 600 100
2584 554 1800 92
2585 3787 600 6
2585 1722 600 28
2585 505 1800 25
2585 1036 1800 30
2586 3405 400 34
2586 4235 900 28
2586 1716 900 26
2586 1003 1800 25
2587 1721 1000 22
2587 1724 1000 21
2587 507 1800 25
2588 1714 1800 13
2588 2036 1100 6
2589 2766 400 57
2589 2767 400 62
2589 72 1800 42
2590 3139 400 65
2590 3336 400 26
2590 116 1800 65
2590 954 1800 52
2591 3465 400 28
2591 2119 400 73
2592 1921 400 18
2592 1934 400 54
2592 127 1800 75
2593 2594 400 22
2593 2610 400 22
2594 2481 400 24
2594 2512 400 12
2594 2593 400 22
2594 57 1800 37
2595 3300 600 262
2595 3696 600 120
2595 99 1800 262
2596 3436 600 20
2596 4464 1100 20
2596 4695 1100 61
2596 137 1800 105
2597 2598 600 7
2597 2599 1100 31
2597 2545 1100 15
2598 2600 600 50
2598 3413 600 41
2598 2597 600 7
2599 3558 1100 36
2599 2597 1100 31
2600 3414 600 42
2600 2598 600 50
2601 2602 800 48
2601 1139 800 16
2602 3414 600 41
2602 4789 800 43
2602 2601 800 48
2603 2604 400 34
2603 2373 400 21
2603 722 1800 22
2604 2605 400 34
2604 2611 400 21
2604 2603 400 34
2605 2606 400 34
2605 2604 400 34
2605 723 1800 32
2606 2607 400 34
2606 3067 400 21
2606 2605 400 34
2606 140 1800 15
2607 2608 400 34
2607 2612 400 19
2607 2606 400 34
2607 142 1800 32
2608 2609 400 34
2608 2607 400 34
2608 145 1800 32
2609 2478 400 34
2609 2608 400 34
2609 146 1800 30
2610 3651 400 22
2610 1325 400 22
2610 2593 400 22
2611 3430 1100 16
2611 1106 1000 15
2611 2604 400 21
2612 2138 1100 10
2612 2377 1100 18
2612 2607 400 19
2613 2478 400 25
2613 147 1800 30
2614 4078 1100 22
2614 2447 1400 115
2615 3083 400 16
2615 2302 400 12
2615 637 1800 50
2616 3652 600 22
2616 2313 600 10
2616 541 1800 32
2617 3156 700 33
2617 3157 700 54
2617 560 400 72
2618 4070 1100 6
2618 1646 1500 6
2619 4601 600 16
2619 1722 600 16
2620 4061 1000 5
2620 1720 1000 6
2621 3862 400 22
2621 4096 1100 19
2621 4103 1100 6
2622 1723 600 30
2622 1725 600 15
2622 507 1800 30
2623 4747 750 25
2623 1718 750 18
2624 1701 1000 13
2624 1703 1000 9
2625 1697 1050 6
2625 1701 1000 6
2626 4684 600 24
2626 1691 600 16
2626 1692 600 16
2626 485 1800 12
2627 1689 600 8
2627 2341 600 18
2628 3247 600 14
2628 2344 600 24
2628 469 1800 15
2629 2630 1100 8
2629 4206 1100 5
2630 4687 1100 8
2630 2629 1100 8
2631 2632 700 26
2631 1679 700 25
2632 2633 700 26
2632 2631 700 26
2633 2634 700 20
2633 2632 700 26
2634 2062 700 51
2634 2633 700 20
2635 1521 400 12
2635 1578 400 31
2635 454 1800 27
2636 1519 800 10
2636 1520 800 9
2636 1022 1800 25
2637 3653 800 13
2637 3916 900 6
2637 1013 1800 22
2638 3779 700 10
2638 4049 700 8
2639 1584 400 37
2639 2283 400 20
2640 3464 400 51
2640 4156 1000 6
2640 4157 1000 6
2641 3464 600 7
2641 1580 600 15
2642 4054 700 14
2642 1531 700 9
2643 1518 700 21
2643 1524 700 12
2644 2645 400 50
2644 1548 400 9
2645 2259 400 22
2645 2644 400 50
2646 4643 400 21
2646 1550 400 22
2646 2243 400 61
2647 1570 900 16
2647 2243 400 41
2648 4541 900 7
2648 2433 900 15
2648 979 1800 42
2649 4222 900 9
2649 2281 900 8
2650 1601 400 7
2650 1602 400 7
2651 1591 400 12
2651 1601 400 28
2652 1591 400 48
2652 1593 400 21
2652 970 1800 27
2653 4326 700 9
2653 1530 700 15
2654 4544 900 18
2654 1537 900 28
2655 1538 400 15
2655 2268 400 19
2655 425 1800 25
2656 3463 400 15
2656 4542 500 18
2656 2269 500 21
2657 1495 500 13
2657 2269 500 8
2657 419 1800 45
2658 1497 400 54
2658 2287 400 17
2659 4250 900 24
2659 4803 900 14
2659 2290 400 27
2660 2027 400 14
2660 2290 400 9
2661 1457 400 13
2661 2088 400 13
2661 337 1800 57
2662 1492 400 13
2662 2264 400 24
2663 1491 400 20
2663 2508 400 9
2664 4531 500 24
2664 1495 500 8
2664 2258 400 53
2665 1494 600 18
2665 2029 600 25
2666 2667 900 5
2666 2279 900 14
2667 4183 900 10
2667 2666 900 5
2667 322 1800 42
2668 4182 900 13
2668 4311 900 7
2669 1443 400 6
2669 1444 400 14
2670 1444 400 32
2670 1447 400 24
2671 2672 400 29
2671 1453 400 12
2671 342 1800 12
2672 1454 400 16
2672 2671 400 29
2673 1452 400 7
2673 1461 400 40
2674 4584 600 9
2674 1430 600 15
2675 4609 600 6
2675 2271 600 21
2676 4308 600 12
2676 2271 600 15
2677 1464 400 7
2677 2233 400 27
2678 4289 1200 88
2678 2227 600 20
2679 4622 400 58
2679 2229 400 41
2680 1461 400 50
2680 1463 400 10
2681 1463 400 37
2681 1464 400 34
2681 324 1800 32
2682 4003 1100 13
2682 4711 1100 39
2682 310 1800 50
2683 1426 1000 4
2683 2235 1000 17
2684 3790 1000 36
2684 4639 1000 17
2685 4529 900 14
2685 1429 900 8
2686 1431 600 8
2686 1432 600 17
2687 4735 600 7
2687 2278 600 21
2687 389 1800 42
2688 4738 600 6
2688 1421 600 9
2688 385 1800 22
2689 1418 700 13
2689 1419 700 12
2690 3244 400 27
2690 1433 400 12
2690 1434 400 10
2691 3853 800 16
2691 1409 700 33
2691 2099 700 25
2692 3853 400 64
2692 4712 700 12
2692 2030 700 24
2693 3337 600 24
2693 2561 600 20
2693 402 1800 110
2694 2808 900 52
2694 1394 900 26
2695 2809 600 48
2695 3337 600 51
2696 2697 700 37
2696 2030 700 10
2697 1411 700 15
2697 2696 700 37
2697 980 1800 47
2698 3792 700 7
2698 2445 700 36
2698 382 1800 57
2698 985 400 52
2699 1407 600 35
2699 2099 700 10
2700 1406 400 30
2700 1409 400 22
2700 394 1800 70
2701 2702 600 23
2701 1403 600 17
2701 379 1800 75
2702 1407 600 24
2702 2701 600 23
2703 1401 600 28
2703 1403 600 20
2704 1385 600 28
2704 1401 600 17
2705 2707 600 64
2705 1392 600 27
2705 378 1800 62
2706 1383 600 19
2706 1385 600 53
2707 1390 600 15
2707 2705 600 64
2708 1390 1000 15
2708 1391 1000 18
2709 1391 400 16
2709 1399 400 55
2710 1393 1000 41
2710 2031 1000 15
2710 405 1800 47
2711 2712 600 38
2711 2717 400 45
2711 1379 600 46
2712 1372 600 17
2712 2711 600 38
2713 1378 600 22
2713 1381 600 25
2713 374 1800 40
2714 1381 600 21
2714 1383 600 8
2715 1387 900 30
2715 2222 900 66
2715 367 1800 32
2716 3163 400 16
2716 364 1800 57
2717 1378 600 40
2717 2086 600 9
2717 2711 400 45
2718 2945 400 37
2718 3654 400 91
2718 3890 600 34
2718 1880 800 22
2719 2722 900 50
2719 1880 900 25
2720 3890 700 19
2720 2721 1000 60
2720 3889 700 24
2720 1880 900 36
2721 2152 1000 17
2721 2720 1000 60
2722 3666 600 19
2722 1883 900 39
2722 2719 900 50
2723 2947 400 13
2723 2013 400 14
2724 2725 400 33
2724 2727 400 62
2724 2994 400 7
2725 2993 400 34
2725 2724 400 33
2726 2992 400 14
2726 2993 400 10
2727 2994 400 56
2727 2531 400 40
2727 2724 400 62
2728 3572 600 18
2728 1882 600 9
2729 4467 1000 53
2729 1983 1000 29
2730 4722 400 34
2730 1366 400 33
2730 1982 400 41
2731 4428 900 10
2731 4721 1000 24
2732 2755 800 19
2732 1350 800 12
2733 4705 600 60
2733 1321 600 19
2733 204 1800 50
2734 2926 600 19
2734 2542 600 15
2734 228 1800 52
2735 3460 400 34
2735 2209 400 93
2735 2212 400 64
2735 274 1800 67
2736 3655 400 73
2736 3844 400 74
2736 2209 400 75
2737 2738 1100 23
2737 2552 1100 10
2738 3457 1100 16
2738 2737 1100 23
2739 3182 1100 22
2739 3457 1100 30
2739 3655 400 37
2740 3458 1100 19
2740 4388 1000 8
2740 910 1800 37
2741 2750 900 38
2741 1338 1000 14
2742 1665 400 112
2742 2439 400 76
2743 1667 400 19
2743 1668 400 60
2744 1669 400 18
2744 1676 400 21
2745 1659 400 18
2745 2210 400 30
2746 1629 900 10
2746 2553 900 20
2747 4648 800 16
2747 1629 800 24
2747 249 1800 30
2748 2749 400 29
2748 2929 400 21
2748 3656 400 30
2748 1337 400 16
2749 2750 400 17
2749 2748 400 29
2749 78 1800 65
2749 912 1800 27
2750 1337 1100 19
2750 2741 900 38
2750 2749 400 17
2750 913 1800 15
2751 2929 400 87
2751 1337 400 16
2751 1344 400 32
2751 88 1800 42
2752 3338 800 47
2752 1330 800 81
2752 66 1800 47
2753 1315 600 52
2753 1316 600 14
2753 85 1800 50
2754 1316 600 19
2754 1317 600 14
2754 59 1800 30
2755 1348 800 31
2755 2732 800 19
2755 54 1800 65
2756 2920 800 24
2756 1347 800 10
2757 3311 400 25
2757 1349 400 14
2758 1319 600 20
2758 1345 600 28
2759 2110 400 33
2759 2178 400 114
2760 1335 400 76
2760 2178 400 44
2761 2762 400 66
2761 1334 400 12
2762 1333 400 34
2762 2761 400 66
2762 71 1800 45
2763 1330 400 33
2763 1333 400 25
2764 1330 400 32
2764 1331 400 49
2765 1331 400 36
2765 2532 400 48
2766 1331 400 46
2766 2589 400 57
2767 1089 400 54
2767 2589 400 62
2768 1089 400 62
2768 2532 400 134
2769 1313 900 12
2769 1336 900 35
2770 4766 600 19
2770 1311 600 6
2770 81 1800 62
2771 2772 400 39
2771 3484 400 99
2772 3382 700 43
2772 2557 600 36
2772 2771 400 39
2773 1664 400 27
2773 2201 400 27
2774 1655 800 21
2774 1659 800 16
2775 4646 1000 10
2775 1660 1000 6
2776 2779 800 10
2776 1652 800 14
2777 3335 400 101
2777 2206 400 74
2778 3926 1000 5
2778 4689 1000 25
2778 258 400 62
2779 3379 400 39
2779 2774 800 21
2780 2781 500 48
2780 4319 500 22
2781 1484 500 56
2781 2780 500 48
2781 292 1800 82
2782 1484 500 49
2782 2206 500 53
2782 291 1800 60
2783 1478 800 16
2783 1481 800 16
2784 1478 800 45
2784 2117 800 65
2784 298 1800 75
2785 2972 400 10
2785 3347 400 61
2786 2971 800 30
2786 3590 800 13
2786 3591 400 20
2786 916 1800 62
2787 4380 800 6
2787 4382 800 4
2787 4383 1100 5
2788 2789 400 22
2788 3348 400 41
2788 3351 400 29
2788 3352 400 96
2789 3726 400 22
2789 2788 400 22
2790 2791 700 54
2790 3415 700 88
2790 3726 400 30
2790 28 1800 112
2791 2792 800 10
2791 3728 700 21
2791 2790 700 54
2792 3165 800 94
2792 2791 800 10
2793 2794 700 66
2793 3350 700 28
2794 2146 700 14
2794 2793 700 66
2794 18 1800 110
2795 2146 400 20
2795 2165 400 24
2796 3657 400 48
2796 2165 400 19
2797 2981 400 62
2797 3657 400 21
2798 1068 400 25
2798 2147 400 38
2798 31 1800 57
2799 1068 400 42
2799 2164 400 66
2800 2147 400 34
2800 2164 400 12
2801 1964 400 30
2801 2189 400 41
2802 1477 800 21
2802 2117 800 64
2803 3888 400 122
2803 2804 700 20
2803 2537 700 40
2804 4483 1400 13
2804 2803 700 20
2805 4482 1866 6
2805 4483 800 16
2805 1942 1750 6
2806 2032 400 21
2806 2155 400 61
2807 2139 400 14
2807 2155 400 24
2808 2031 1000 10
2808 2694 900 52
2809 3564 900 30
2809 2431 800 57
2809 2695 600 48
2810 2811 800 30
2810 3645 800 24
2810 936 1800 42
2811 4301 800 22
2811 2810 800 30
2812 4295 1100 13
2812 2559 1100 34
2813 1397 600 32
2813 2161 600 24
2814 2815 800 68
2814 3473 800 37
2815 1894 800 35
2815 2814 800 68
2815 44 1800 87
2816 1892 600 33
2816 1946 600 27
2817 1891 600 56
2817 1892 600 21
2818 1891 400 36
2818 1966 400 26
2819 1878 600 61
2819 2182 600 20
2820 1968 600 52
2820 2182 600 25
2821 3201 400 29
2821 1968 400 26
2822 2823 800 66
2822 2014 800 19
2822 179 1800 50
2823 1958 800 17
2823 2822 800 66
2824 3288 600 24
2824 1960 600 20
2825 2826 700 54
2825 3290 400 21
2825 1960 600 27
2825 176 1800 67
2826 2111 700 47
2826 2825 700 54
2827 2113 400 69
2827 2560 400 62
2827 173 1800 75
2828 2829 400 78
2828 2560 400 39
2828 174 1800 70
2829 1884 400 24
2829 2828 400 78
2830 1884 900 36
2830 1885 1000 40
2831 1885 1000 24
2831 1886 1000 36
2832 2870 600 49
2832 4549 600 18
2832 1319 600 33
2833 1322 1800 28
2834 2933 400 12
2834 3446 400 24
2834 1951 400 30
2835 3820 1800 15
2835 4407 800 9
2836 3829 1600 18
2836 4193 900 33
2837 4284 1400 35
2838 2917 900 9
2838 3874 900 78
2838 3658 800 37
2838 1874 800 92
2839 2915 900 8
2839 3685 600 96
2839 1879 800 119
2839 1886 1000 25
2840 2847 1800 97
2840 2883 1100 85
2841 2890 800 16
2841 4377 900 4
2841 4378 900 5
2841 1945 800 9
2842 1131 900 23
2842 1135 800 36
2843 4512 1800 11
2844 2863 800 10
2844 4403 800 15
2844 1346 800 25
2844 899 1800 32
2845 3560 1800 20
2846 3832 1800 17
2846 4200 700 16
2847 3798 1800 7
2848 3808 1800 26
2848 1133 900 24
2849 3821 1800 10
2850 2846 1800 124
2851 2895 800 26
2851 2913 800 20
2851 1939 800 18
2851 38 1800 70
2852 1129 1800 53
2853 3511 900 24
2853 3810 1800 14
2854 3166 800 7
2854 3510 750 7
2855 3207 1400 49
2855 3507 750 9
2856 3811 1800 18
2856 2855 900 25
2857 2848 1800 84
2858 3380 600 63
2858 3446 400 22
2858 2515 600 7
2858 830 1800 35
2859 2860 600 34
2859 3400 800 60
2859 1346 800 30
2859 61 1800 37
2860 2861 600 20
2860 2870 600 18
2860 1345 600 20
2860 2859 600 34
2861 1346 800 17
2862 2864 900 24
2862 2871 1800 30
2863 4400 800 8
2863 4402 800 6
2863 4403 600 6
2863 2844 800 10
2864 2861 900 12
2865 1298 400 25
2865 1302 400 19
2865 1308 400 55
2866 2082 600 301
2866 10 600 49
2867 3659 400 142
2867 3700 400 28
2867 3723 400 42
2868 2874 900 10
2868 2869 800 18
2868 4478 900 21
2869 1329 800 20
2870 2871 900 40
2870 2832 600 49
2870 2860 600 18
2871 4507 1800 13
2872 3794 1800 22
2873 4395 1200 5
2874 2908 900 16
2874 2868 900 10
2874 2873 600 16
2875 2876 900 33
2875 1339 800 33
2876 4508 1800 8
2877 3013 600 43
2877 3549 600 50
2878 2909 800 7
2878 4396 900 10
2879 3825 1800 29
2879 2878 1100 28
2880 4387 1800 4
2880 4388 1000 6
2880 4389 1000 10
2881 3797 1800 9
2882 4385 900 24
2882 2881 1800 38
2883 2884 900 30
2883 4372 900 42
2884 2847 1600 34
2885 3169 700 57
2885 2884 1600 80
2886 3454 800 25
2887 2850 1600 44
2887 2886 900 54
2888 4502 1800 10
2888 2887 1600 49
2889 4503 1800 7
2890 4379 1800 58
2891 4714 700 12
2891 4717 600 6
2891 4718 600 8
2892 3452 600 13
2892 4719 600 8
2892 1957 400 30
2893 2894 600 22
2893 3660 600 108
2894 3557 600 46
2894 2893 600 22
2894 898 1800 62
2895 3673 800 14
2895 2851 800 26
2896 3802 1800 26
2896 2895 800 33
2897 3800 1800 36
2897 4367 900 27
2898 2896 1800 62
2899 2904 1600 26
2899 3801 1800 19
2900 2907 900 22
2901 2898 1600 23
2902 2903 900 10
2902 4361 1100 17
2902 2900 900 52
2903 1953 900 34
2903 2902 900 10
2904 3495 1600 10
2904 4354 900 9
2905 4363 900 7
2905 4369 600 4
2906 3704 400 12
2906 4366 1600 6
2907 4499 1800 10
2908 4398 1000 6
2908 2873 800 9
2908 2874 900 16
2909 4396 1000 6
2909 4397 800 6
2909 4398 1000 6
2910 1098 1100 9
2910 2370 400 30
2910 2373 1100 36
2911 4631 400 28
2911 1645 400 37
2911 2240 400 40
2911 232 1800 45
2912 4496 1800 13
2913 1878 800 43
2913 2851 800 20
2913 2912 1200 30
2914 4494 1800 11
2915 2917 900 18
2915 2839 900 8
2915 2914 1200 36
2916 3805 1800 24
2916 2915 1200 43
2917 2919 1200 40
2917 2838 900 9
2917 2915 900 18
2918 3804 1800 15
2918 2917 1200 35
2919 4493 1800 16
2920 3354 800 10
2920 2190 600 33
2920 2756 800 24
2921 3355 800 39
2921 2968 800 10
2921 2180 600 36
2921 1314 800 54
2922 2925 600 58
2922 3206 600 8
2922 4763 600 38
2923 3557 700 44
2923 3720 600 22
2923 2537 700 25
2924 3207 600 9
2924 3411 600 75
2924 4763 600 30
2925 3472 600 102
2925 2922 600 58
2925 163 1800 114
2926 4558 600 61
2926 2734 600 19
2927 3054 800 11
2927 1260 800 43
2928 2939 400 28
2928 3846 400 14
2928 941 1800 32
2929 2748 400 21
2929 2751 400 87
2930 2543 400 88
2931 3522 400 16
2931 2053 400 19
2931 2247 400 21
2932 3553 200 18
2932 2423 400 10
2932 2438 400 8
2933 2935 400 8
2933 1949 500 10
2933 1950 500 10
2933 2834 400 12
2934 3544 500 9
2934 1306 500 10
2935 3552 400 13
2935 3553 200 22
2935 2933 400 8
2936 3328 400 9
2936 3552 400 10
2936 1875 400 6
2937 1300 700 19
2937 1951 400 49
2937 1955 800 50
2938 3504 600 33
2938 3661 600 37
2938 851 1800 57
2939 3106 700 77
2939 3301 800 24
2939 3320 800 29
2939 2928 400 28
2940 3744 600 24
2940 2002 700 34
2940 2003 700 36
2940 560 400 75
2940 957 1800 25
2941 3367 800 30
2941 3416 600 28
2941 3852 800 30
2941 4704 800 14
2942 3190 800 50
2942 3774 700 22
2942 4779 800 24
2943 2977 400 22
2943 2981 400 33
2943 2166 400 10
2944 2977 400 34
2944 2978 800 57
2944 3499 800 25
2945 3664 400 51
2945 2718 400 37
2945 929 1800 62
2945 930 1800 100
2946 2947 400 90
2946 3664 400 38
2947 2723 400 13
2947 2946 400 90
2948 4466 1000 4
2948 4467 1000 4
2948 4468 700 7
2949 3940 1000 9
2949 3941 1100 4
2949 3942 1100 22
2950 2951 400 34
2950 1913 800 22
2950 2546 800 41
2951 3357 400 66
2951 2950 400 34
2951 114 1800 45
2952 2954 400 34
2952 3357 400 75
2952 3358 400 72
2953 2954 400 18
2953 1848 800 20
2953 1851 800 30
2953 111 1800 42
2954 2955 400 34
2954 2952 400 34
2954 2953 400 18
2955 3358 400 60
2955 2954 400 34
2956 3475 800 26
2956 1917 800 48
2957 3475 800 24
2957 1920 800 10
2957 2018 800 34
2958 2959 400 27
2958 3482 400 32
2958 2305 400 12
2959 2305 400 58
2959 2958 400 27
2960 3068 400 34
2960 613 1800 112
2961 3121 400 39
2961 3392 400 46
2961 1803 400 9
2962 2963 400 120
2962 3322 600 18
2962 4670 600 29
2963 3323 400 180
2963 2962 400 120
2963 656 1800 30
2964 3016 400 18
2964 2163 400 21
2964 2331 400 36
2965 3016 400 66
2965 3023 400 34
2965 2163 400 31
2966 2967 400 29
2966 545 1800 40
2967 4161 400 25
2968 3359 400 51
2968 3340 800 12
2968 2921 800 10
2969 3359 400 42
2969 2185 400 43
2970 2971 800 17
2970 3665 400 43
2970 4380 800 45
2970 2149 400 61
2971 2973 400 67
2971 2786 800 30
2971 2970 800 17
2972 3341 400 14
2972 3343 800 44
2972 3590 800 30
2972 2785 400 10
2973 3347 400 18
2973 3591 400 37
2973 2971 400 67
2973 287 1800 55
2974 2975 400 58
2974 2149 400 81
2974 285 1800 25
2974 286 1800 80
2975 1480 400 72
2975 2974 400 58
2976 3351 400 26
2976 3728 700 42
2976 2114 700 38
2976 890 1800 95
2977 2978 400 113
2977 2943 400 22
2977 2944 400 34
2977 36 1800 47
2978 2982 800 71
2978 3418 400 42
2978 2944 800 57
2978 2977 400 113
2979 2980 400 75
2979 3667 400 55
2979 2166 400 33
2980 3499 400 99
2980 2979 400 75
2980 35 1800 25
2981 3667 400 21
2981 2797 400 62
2981 2943 400 33
2981 34 1800 65
2982 2146 800 36
2982 2165 500 21
2982 2978 800 71
2983 2984 400 18
2983 2215 400 21
2983 2223 400 13
2984 2215 400 16
2984 2983 400 18
2985 2986 400 7
2985 2989 800 94
2985 3494 800 61
2985 3668 400 39
2986 2987 400 27
2986 2985 400 7
2986 170 1800 90
2987 2986 400 27
2988 2989 800 71
2988 3360 400 9
2988 2113 800 91
2989 2990 400 40
2989 2985 800 94
2989 2988 800 71
2990 3360 400 74
2990 3361 400 45
2990 2989 400 40
2991 2992 400 38
2991 3174 400 42
2991 2531 400 30
2992 3174 400 7
2992 2726 400 14
2992 2991 400 38
2993 2453 400 57
2993 2725 400 34
2993 2726 400 10
2993 359 1800 42
2994 2452 400 14
2994 2724 400 7
2994 2727 400 56
2995 1151 400 41
2995 1158 400 38
2995 1159 500 6
2996 3554 400 16
2996 1864 400 26
2996 1873 400 6
2997 3538 400 9
2997 3554 400 25
2997 2126 400 13
2997 834 1800 22
2998 1249 800 14
2998 1250 800 24
2999 3272 400 90
2999 3501 400 141
3000 3001 900 22
3000 2574 900 24
3001 3209 1400 40
3001 3899 900 7
3001 3000 900 22
3002 3900 1800 64
3002 3897 1400 33
3003 1281 1100 36
3003 1285 1400 34
3004 1298 400 8
3004 1299 400 24
3005 1299 400 51
3005 1307 400 25
3006 4548 700 26
3006 87 1800 37
3007 3171 800 13
3007 1180 900 18
3008 3171 900 16
3008 1183 900 22
3009 3015 400 52
3009 3176 400 44
3010 1905 400 52
3010 2482 400 57
3011 2517 400 32
3011 2527 400 46
3012 3686 400 66
3012 1981 800 55
3012 2516 800 85
3013 1358 600 9
3013 2468 400 48
3013 2877 600 43
3013 200 1800 65
3014 3476 800 76
3014 1981 800 50
3014 195 1800 190
3015 2482 400 40
3015 3009 400 52
3016 2964 400 18
3016 2965 400 66
3017 4664 400 21
3017 1783 400 37
3018 4546 600 29
3018 1791 600 18
3019 4547 600 20
3019 2308 600 17
3020 1788 600 17
3020 2308 600 25
3021 4520 600 28
3021 1788 600 17
3022 4665 700 19
3022 2306 700 16
3022 672 1800 45
3023 1792 400 15
3023 2965 400 34
3024 1792 500 27
3024 2331 400 45
3025 3451 600 211
3025 1978 800 32
3025 1980 800 39
3026 3027 400 50
3026 2120 400 16
3026 765 1800 62
3027 1212 400 37
3027 3026 400 50
3028 1211 600 28
3028 1212 600 22
3028 763 1800 72
3029 1183 400 33
3029 1202 400 20
3029 764 1800 47
3030 2041 400 50
3030 2381 400 22
3030 767 1800 65
3031 1227 400 22
3031 2564 400 29
3032 3669 400 14
3032 1227 400 36
3033 1225 800 24
3033 2398 800 12
3034 2398 800 19
3034 2567 800 18
3035 4233 900 60
3035 4652 900 20
3035 267 100 80
3036 3037 400 50
3036 1853 400 33
3036 977 1800 57
3037 3670 400 36
3037 3036 400 50
3037 103 1800 72
3038 4446 400 56
3038 2119 400 29
3038 107 1800 55
3039 1319 600 40
3039 2190 600 45
3040 3573 800 40
3040 4773 800 16
3041 2407 400 26
3041 789 1800 45
3042 1138 800 56
3042 2475 800 59
3043 3044 400 56
3043 2143 400 12
3044 2157 400 45
3044 3043 400 56
3045 3046 400 31
3045 2107 400 14
3045 782 1800 67
3046 2046 400 32
3046 3045 400 31
3047 2046 400 42
3047 2406 400 66
3048 2045 400 48
3048 2406 400 40
3049 3050 800 31
3049 1222 800 17
3050 3051 800 48
3050 3049 800 31
3050 775 1800 120
3051 3052 800 72
3051 3050 800 48
3051 777 1800 45
3052 2394 800 19
3052 3051 800 72
3053 1224 400 40
3053 2393 400 41
3054 2575 800 28
3054 2927 800 11
3055 1256 800 48
3055 1257 800 17
3055 792 1800 45
3056 1243 1100 42
3056 1245 1100 19
3057 1236 600 16
3057 2122 600 38
3058 1263 400 28
3058 2409 400 21
3059 3376 400 62
3059 1271 400 25
3059 791 1800 47
3060 1198 1000 18
3060 1239 1000 16
3060 748 1800 17
3061 1164 1100 48
3061 1165 1000 44
3061 732 1800 50
3062 3870 400 20
3062 1161 1100 40
3062 1162 900 9
3063 1165 1000 29
3063 1166 1100 18
3063 1054 1800 25
3064 1166 1100 9
3064 1169 1000 28
3065 1146 400 19
3065 1153 400 16
3066 1112 800 21
3066 2359 800 13
3067 4189 1000 21
3067 2138 1100 14
3067 2606 400 21
3068 1104 400 46
3068 2960 400 34
3069 1100 400 17
3069 1105 400 45
3070 2037 400 68
3070 2366 400 14
3071 2037 400 78
3071 2342 400 28
3071 616 1800 25
3072 4794 1100 9
3072 1097 1000 9
3073 4077 800 16
3073 1074 800 52
3073 661 1800 67
3074 4672 800 21
3074 1083 800 45
3075 4797 600 22
3075 1077 600 22
3076 3077 600 16
3076 3211 600 38
3077 3078 600 34
3077 3076 600 16
3078 1076 600 21
3078 3077 600 34
3079 1812 600 58
3079 1815 600 13
3080 3981 800 25
3080 1775 800 31
3081 3671 800 9
3081 4669 800 10
3082 3084 400 65
3082 2302 400 17
3083 2446 400 21
3083 2615 400 16
3084 1076 400 28
3084 3082 400 65
3084 638 1800 82
3085 1765 1000 28
3085 2358 1000 10
3085 700 1800 17
3086 4666 800 31
3086 1774 800 20
3086 648 1800 57
3087 4238 1100 42
3087 4333 1100 38
3088 3877 400 27
3088 4028 900 36
3088 4334 1100 9
3089 2023 400 45
3089 2338 400 27
3090 1793 1100 14
3090 2036 1100 18
3091 3092 1100 48
3091 1794 1100 12
3092 4143 1100 4
3092 3091 1100 48
3093 4145 600 22
3093 1796 600 29
3094 3490 600 42
3094 1796 600 66
3095 1737 600 18
3095 1739 600 25
3095 522 1800 12
3096 1717 800 28
3096 2581 800 45
3097 3862 400 54
3097 3861 800 25
3097 1608 800 22
3098 3618 800 7
3098 1605 800 36
3098 441 1800 35
3099 3100 400 25
3099 2284 400 21
3100 1603 400 17
3100 3099 400 25
3100 446 1800 52
3101 3102 1100 36
3101 4094 1100 5
3102 1615 1100 15
3102 3101 1100 36
3103 4156 1000 9
3103 4159 1000 12
3104 3105 400 31
3104 2161 400 27
3105 1996 400 30
3105 3104 400 31
3105 398 1800 35
3106 2939 700 77
3107 4694 800 19
3107 1620 800 21
3108 4180 750 53
3108 2098 800 28
3108 444 1800 40
3109 1637 400 16
3109 1639 400 24
3110 3246 800 62
3110 3844 400 74
3110 2209 800 44
3111 3112 1100 53
3111 3947 900 22
3111 1819 500 21
3111 642 1800 52
3112 1800 1100 48
3112 3111 1100 53
3113 4026 900 18
3113 4142 900 27
3114 1819 500 56
3115 3942 900 13
3115 3979 900 17
3115 3114 500 51
3116 3316 400 121
3116 3978 800 27
3116 1829 800 32
3117 1811 400 64
3117 2446 400 18
3118 3860 600 22
3118 3954 800 7
3118 1809 800 17
3119 3260 800 30
3119 3953 800 6
3120 3258 400 37
3120 1787 400 21
3120 587 1800 50
3121 1787 400 34
3121 2961 400 39
3122 1804 400 39
3122 2266 400 37
3123 1072 400 44
3123 2289 400 17
3124 2261 400 20
3124 2276 400 31
3124 988 1800 27
3125 2251 400 13
3125 2261 400 60
3126 1842 400 21
3126 2276 400 16
3127 1070 400 29
3127 1073 400 30
3128 2102 400 69
3128 2342 400 72
3129 3216 800 22
3129 4777 800 7
3129 4778 400 5
3130 3217 600 25
3130 1122 600 21
3131 2039 400 25
3131 2497 400 18
3132 2520 400 22
3132 2521 400 56
3133 1122 400 67
3133 2332 400 66
3134 1123 400 51
3134 2332 400 37
3134 623 1800 40
3135 1123 600 14
3135 1125 600 30
3136 3205 1200 7
3136 4032 1100 20
3136 2545 1100 24
3136 626 1800 110
3137 2158 500 29
3137 2159 500 16
3138 3139 600 41
3138 3180 600 29
3138 3336 400 22
3139 1851 600 83
3139 2590 400 65
3139 3138 600 41
3140 3748 800 17
3140 2546 800 25
3141 1927 600 49
3141 1929 600 28
3142 1913 600 15
3142 1930 600 89
3143 3676 600 38
3143 1930 600 24
3144 3287 600 92
3144 1929 600 15
3145 1910 600 63
3145 1926 600 38
3146 3198 600 15
3146 3466 400 127
3146 1931 600 72
3147 3475 400 30
3147 1917 800 27
3147 1920 800 5
3148 1911 800 38
3148 1912 800 22
3148 125 1800 50
3149 1910 800 28
3149 1911 800 26
3150 1909 800 7
3150 1910 800 24
3151 3152 400 68
3151 1908 400 57
3152 1925 400 16
3152 3151 400 68
3153 1925 400 46
3153 2192 400 22
3154 3312 400 33
3154 2192 400 40
3154 2197 400 117
3155 3672 700 12
3155 2118 700 36
3155 560 400 92
3155 947 1800 30
3156 2003 700 28
3156 2617 700 33
3157 2238 700 45
3157 2617 700 54
3157 566 1800 27
3158 4760 600 25
3158 2548 600 91
3158 591 1800 90
3159 4437 600 7
3159 4438 800 3
3159 4439 800 10
3160 4432 600 49
3160 2207 600 75
3160 221 1800 42
3161 1904 400 33
3161 1905 400 93
3161 198 1800 67
3162 3831 700 33
3162 3936 700 25
3162 224 1800 110
3162 229 1800 85
3163 2152 600 21
3163 2716 400 16
3164 2850 800 25
3165 4769 800 58
3165 2792 800 94
3166 3503 600 32
3166 2854 800 7
3167 3294 400 54
3167 2204 400 18
3168 3273 600 26
3168 3503 600 73
3169 2886 700 24
3170 4554 600 9
3170 1343 600 50
3170 56 1800 47
3171 3007 800 13
3171 3008 900 16
3172 1523 400 21
3172 1526 400 33
3172 1551 400 13
3173 3673 800 25
3173 4358 800 140
3173 37 1800 50
3174 2991 400 42
3174 2992 400 7
3175 1142 1000 24
3175 1144 1000 15
3176 3177 600 64
3176 3545 600 79
3176 3009 400 44
3177 1358 600 30
3177 2468 400 34
3177 3176 600 64
3178 3549 600 46
3178 1354 600 34
3178 2016 400 9
3179 4481 1400 13
3179 4527 1400 7
3180 3271 600 37
3180 3138 600 29
3181 3471 1100 43
3182 3456 1100 30
3182 2739 1100 22
3182 231 1800 77
3183 4675 700 21
3183 2314 700 17
3184 3191 600 33
3184 3365 600 20
3184 3771 700 36
3185 3186 400 53
3185 3368 600 33
3185 3775 600 14
3185 1015 1800 40
3186 3369 600 34
3186 3694 600 16
3186 3185 400 53
3187 3835 400 65
3187 2526 400 48
3188 3193 700 32
3188 3574 700 33
3188 3835 400 20
3189 3193 700 39
3189 3383 700 13
3189 3866 400 123
3190 3199 600 62
3190 3547 800 27
3190 2942 800 50
3191 3370 600 33
3191 3769 400 8
3191 3184 600 33
3192 607 1800 70
3193 3188 700 32
3193 3189 700 39
3194 3197 600 72
3194 1117 600 45
3194 2038 400 41
3195 3371 400 22
3195 1119 400 12
3195 2103 400 22
3196 3197 400 40
3196 3372 400 40
3197 3222 600 30
3197 3194 600 72
3197 3196 400 40
3198 3674 400 52
3198 3675 400 102
3198 3676 600 35
3198 3146 600 15
3199 3310 400 19
3199 3491 700 30
3199 3190 600 62
3200 3203 800 20
3200 3499 800 25
3201 1967 400 49
3201 2821 400 29
3201 41 1800 80
3202 3354 800 62
3202 3690 800 26
3203 3505 800 69
3203 3729 600 46
3203 3200 800 20
3203 854 1800 105
3204 3242 400 13
3204 3493 1000 68
3204 1423 1000 41
3205 3413 600 24
3205 3472 600 26
3205 3136 1200 7
3206 3507 1400 48
3206 2922 600 8
3207 3933 1400 90
3207 2924 600 9
3208 3966 600 76
3208 138 1800 30
3209 1235 1800 85
3210 2300 400 58
3210 584 1800 60
3211 1074 600 17
3211 3076 600 38
3211 660 1800 70
3212 1096 400 27
3212 1097 400 24
3212 718 1800 32
3213 1096 400 40
3213 1098 400 34
3213 719 1800 35
3214 1101 400 40
3214 2037 400 21
3214 615 1800 67
3215 1115 400 53
3215 1118 400 25
3215 622 1800 50
3216 4775 800 5
3216 3129 800 22
3216 605 1800 72
3217 4776 600 8
3217 3130 600 25
3217 628 1800 52
3218 4461 900 6
3218 4462 900 3
3218 4463 900 5
3218 1127 1400 7
3219 3812 1800 3
3220 4781 800 30
3220 4790 1000 5
3220 1140 1000 10
3221 3222 600 80
3221 3677 600 80
3221 627 1800 57
3222 3197 600 30
3222 3221 600 80
3222 625 1800 42
3223 3467 400 24
3223 3870 400 36
3223 2385 400 6
3224 3467 400 28
3224 1162 300 10
3224 2384 400 24
3224 149 1800 15
3225 1182 400 30
3225 2391 400 20
3225 729 1800 42
3226 1205 800 60
3226 1997 800 20
3227 1209 800 100
3227 1210 800 75
3227 770 1800 57
3228 1220 600 99
3228 2093 600 202
3228 773 1800 80
3229 3230 400 33
3229 1309 400 19
3229 1862 400 22
3229 1065 1800 17
3230 3555 400 18
3230 2423 400 33
3230 3229 400 33
3231 3678 600 44
3231 2180 600 48
3231 64 1800 62
3231 879 1800 42
3232 3233 400 164
3232 3354 400 40
3232 51 1800 80
3232 888 1800 70
3233 3679 400 104
3233 3232 400 164
3233 52 1800 80
3234 3311 400 30
3234 3679 400 9
3234 50 1800 77
3235 3477 600 16
3235 1984 600 38
3235 205 1800 57
3236 4525 800 10
3236 1477 800 17
3236 302 1800 32
3237 3344 400 18
3237 4523 1400 43
3237 4528 1400 107
3237 411 1800 162
3238 3239 400 20
3238 2511 500 20
3238 408 1800 47
3239 3238 400 20
3239 407 1800 30
3240 1410 400 40
3240 392 1800 117
3241 2246 400 42
3241 393 1800 152
3242 3851 400 100
3242 3850 400 45
3242 3204 400 13
3242 351 1800 50
3243 3851 400 86
3243 3850 400 93
3243 1374 400 22
3243 351 1800 55
3244 2286 400 14
3244 2690 400 27
3244 318 1800 27
3245 3777 400 96
3245 3865 400 76
3245 1649 400 61
3245 539 1800 37
3246 1664 800 25
3246 3110 800 62
3246 280 1800 120
3247 1688 600 16
3247 2628 600 14
3247 470 1800 17
3248 3249 200 9
3248 3736 400 24
3248 3788 400 7
3248 479 1800 32
3248 480 1800 50
3249 3250 200 28
3249 3248 200 9
3249 478 1800 12
3250 3249 200 28
3250 477 1800 75
3251 1726 400 19
3251 2318 400 19
3251 534 1800 12
3252 1730 400 17
3252 1731 400 34
3252 504 1800 12
3252 505 1800 27
3252 1036 1800 25
3253 3254 400 15
3253 1746 400 31
3253 1753 400 42
3253 688 1800 17
3254 3256 400 30
3254 1751 400 31
3254 1752 400 42
3254 3253 400 15
3254 689 1800 22
3255 3256 400 31
3255 1748 900 25
3255 2346 900 14
3256 1750 600 40
3256 2349 600 13
3256 3254 400 30
3256 3255 400 31
3257 1803 400 10
3257 1805 400 31
3257 581 1800 40
3258 1806 400 31
3258 3120 400 37
3258 588 1800 35
3259 1810 400 34
3259 1811 400 38
3259 636 1800 82
3260 1818 800 16
3260 3119 800 30
3260 639 1800 102
3261 3262 400 111
3261 3264 400 82
3261 237 1800 72
3262 2248 400 108
3262 3261 400 111
3262 238 1800 52
3263 3264 400 65
3263 3989 500 10
3263 244 1800 100
3263 267 100 165
3264 2248 400 13
3264 3261 400 82
3264 3263 400 65
3265 3266 400 21
3265 3406 400 24
3265 549 1800 62
3266 3267 400 103
3266 3265 400 21
3267 3266 400 103
3267 550 1800 105
3267 552 1800 82
3268 4176 1000 64
3268 4247 1000 36
3268 570 1800 70
3269 1839 400 46
3269 1841 400 34
3269 576 1800 35
3270 3739 400 13
3270 3742 800 51
3270 2001 800 30
3271 4447 600 36
3271 3180 600 37
3271 106 1800 47
3272 1204 400 51
3272 2999 400 90
3273 3168 600 26
3273 132 1800 57
3274 3680 600 42
3274 3839 400 116
3274 3892 500 97
3274 955 1800 92
3275 3714 600 46
3275 1205 600 41
3275 105 1800 114
3276 3681 400 64
3276 1881 400 225
3276 362 1800 62
3276 940 1800 114
3277 3682 600 34
3277 3683 600 25
3277 3512 900 91
3277 1883 900 59
3278 3279 400 48
3278 3684 400 30
3278 917 1800 62
3279 3280 400 32
3279 3278 400 48
3279 190 1800 72
3280 1925 400 52
3280 3279 400 32
3280 126 1800 100
3281 1927 400 60
3281 2195 400 130
3281 121 1800 140
3282 3283 600 22
3282 3632 600 197
3282 118 100 204
3283 3282 600 22
3283 101 1800 300
3283 892 1800 352
3284 3287 400 207
3284 3435 400 81
3284 119 1800 114
3285 3286 400 180
3285 135 1800 465
3286 1931 600 193
3286 2083 600 116
3286 3285 400 180
3287 1931 600 17
3287 3144 600 92
3287 3284 400 207
3288 1959 600 19
3288 2824 600 24
3288 177 1800 62
3288 180 1800 45
3289 3290 400 34
3289 884 1800 17
3290 2825 400 21
3290 3289 400 34
3290 178 1800 40
3291 3506 600 222
3291 1976 600 1222
3291 46 1800 332
3292 3506 800 123
3292 2442 800 113
3292 47 1800 155
3293 3294 400 16
3293 1366 400 33
3293 1982 400 9
3294 3167 400 54
3294 3293 400 16
3294 211 1800 60
3295 1982 400 92
3295 1983 600 12
3295 2204 600 73
3295 213 1800 67
3296 3297 600 100
3296 92 1800 120
3297 3300 600 277
3297 3296 600 100
3297 90 100 437
3298 3299 400 176
3298 1280 900 65
3298 1985 900 115
3299 3298 400 176
3299 97 1800 90
3300 1987 400 267
3300 2595 600 262
3300 3297 600 277
3300 983 1800 162
3301 3846 400 36
3301 2001 800 25
3301 2939 800 24
3301 592 1800 45
3302 3813 1800 10
3302 4445 1400 16
3303 3685 600 77
3303 2014 600 56
3303 186 1800 40
3304 2034 400 88
3304 234 1800 32
3305 3306 600 66
3305 1210 600 37
3305 771 1800 77
3306 3582 400 62
3306 3583 400 10
3306 3305 600 66
3307 3480 400 40
3307 2106 400 38
3307 768 1800 45
3308 3350 700 20
3308 2114 700 32
3308 21 1800 70
3309 2144 400 42
3309 169 1800 202
3309 908 1800 97
3310 3437 400 82
3310 3855 400 44
3310 3856 400 90
3310 3199 400 19
3311 2188 400 28
3311 2757 400 25
3311 3234 400 30
3312 3686 400 265
3312 3154 400 33
3312 194 1800 195
3313 3314 400 125
3313 3486 400 39
3313 276 1800 40
3314 3315 400 43
3314 3388 400 22
3314 3313 400 125
3314 277 1800 52
3315 4190 1000 33
3315 4690 1000 33
3315 3314 400 43
3316 3116 400 121
3316 214 1800 57
3316 215 1800 122
3317 3318 600 29
3317 219 1800 62
3318 3319 600 18
3318 3317 600 29
3318 225 1800 100
3319 4437 600 20
3319 3318 600 18
3319 218 1800 55
3320 2238 800 48
3320 2939 800 29
3320 565 1800 55
3321 1836 400 81
3321 585 1800 60
3322 2304 600 20
3322 2962 600 18
3322 658 1800 72
3323 2304 400 13
3323 2963 400 180
3324 3481 400 29
3324 3579 400 28
3324 2525 400 16
3324 594 1800 40
3325 1726 400 56
3325 2315 400 30
3325 533 1800 12
3326 1721 400 27
3326 537 1800 35
3327 2387 400 39
3327 2389 400 34
3327 151 1800 22
3328 2050 400 36
3328 2423 400 31
3328 2936 400 9
3329 3449 400 56
3329 76 1800 52
3330 2489 800 45
3330 2490 800 47
3331 2497 400 34
3331 2498 400 12
3331 598 1800 37
3332 3333 400 24
3332 2039 400 34
3332 599 1800 72
3333 3579 400 44
3333 3581 400 88
3333 3332 400 24
3333 596 1800 75
3334 2522 400 8
3334 2525 400 24
3334 595 1800 62
3335 2580 400 52
3335 2777 400 101
3335 290 1800 52
3336 3687 400 142
3336 2590 400 26
3336 3138 400 22
3336 115 1800 47
3337 2693 600 24
3337 2695 600 51
3337 403 1800 97
3338 3339 800 10
3338 2752 800 47
3338 67 1800 65
3339 3688 800 22
3339 3338 800 10
3339 65 1800 57
3340 3688 800 4
3340 2968 800 12
3340 69 1800 60
3341 3342 400 31
3341 2972 400 14
3341 300 1800 45
3342 3343 400 37
3342 3341 400 31
3342 301 1800 162
3343 1479 800 21
3343 2972 800 44
3343 3342 400 37
3344 3345 400 10
3344 3237 400 18
3344 304 1800 47
3345 3346 400 84
3345 3344 400 10
3345 303 1800 52
3346 1477 400 32
3346 3345 400 84
3346 305 1800 72
3347 2785 400 61
3347 2973 400 18
3347 288 1800 72
3348 3689 400 32
3348 2788 400 41
3348 875 1800 67
3349 3350 400 69
3349 3351 400 37
3349 22 1800 72
3350 2793 700 28
3350 3308 700 20
3350 3349 400 69
3351 2788 400 29
3351 2976 400 26
3351 3349 400 37
3352 3418 400 104
3352 3717 400 36
3352 2788 400 96
3353 3415 400 28
3353 3585 400 88
3353 3689 400 15
3354 2920 800 10
3354 3202 800 62
3354 3232 400 40
3355 3690 800 38
3355 2921 800 39
3355 63 1800 67
3356 3367 800 28
3356 4779 800 25
3356 574 1800 52
3357 2951 400 66
3357 2952 400 75
3357 113 1800 50
3358 2952 400 72
3358 2955 400 60
3358 112 1800 35
3359 2968 400 51
3359 2969 400 42
3359 68 1800 25
3360 2988 400 9
3360 2990 400 74
3360 171 1800 62
3361 2990 400 45
3361 172 1800 80
3362 3363 800 29
3362 4777 800 7
3362 603 1800 77
3363 3438 800 52
3363 3362 800 29
3363 604 1800 50
3364 3438 800 33
3364 3547 800 50
3364 3697 400 70
3364 1004 1800 32
3365 3776 600 22
3365 3858 400 36
3365 3184 600 20
3366 3691 400 42
3366 3693 400 61
3366 969 1800 45
3367 3691 400 30
3367 4780 400 19
3367 2941 800 30
3367 3356 800 28
3368 3692 400 27
3368 3715 600 16
3368 3185 600 33
3369 3574 600 33
3369 3692 400 17
3369 3186 600 34
3370 3693 400 73
3370 3694 600 30
3370 3191 600 33
3371 3372 400 176
3371 3195 400 22
3371 621 1800 52
3372 3196 400 40
3372 3371 400 176
3372 624 1800 57
3373 1185 600 31
3373 1186 600 16
3373 738 1800 40
3374 1187 400 28
3374 1192 400 13
3374 743 1800 27
3375 1192 400 40
3375 1194 400 26
3375 745 1800 27
3376 2408 400 54
3376 3059 400 62
3376 793 1800 80
3377 4422 600 14
3377 4557 600 28
3377 227 1800 32
3378 3765 400 8
3378 2466 400 9
3378 804 1800 40
3379 2211 400 73
3379 2214 400 36
3379 2779 400 39
3380 2095 600 67
3380 2424 500 22
3380 2858 600 63
3381 3382 800 94
3381 273 1800 35
3381 281 1800 122
3382 1664 800 29
3382 2772 700 43
3382 3381 800 94
3383 2297 700 37
3383 3189 700 13
3383 563 1800 77
3384 1210 800 45
3384 1220 800 83
3385 1571 900 15
3385 1590 400 19
3386 3556 400 16
3386 3951 1100 33
3387 3943 800 10
3387 3957 900 6
3387 1152 900 6
3388 3412 400 96
3388 3701 400 113
3388 3314 400 22
3389 1070 800 25
3389 1838 800 16
3389 579 1800 52
3390 1084 400 32
3390 1085 400 22
3390 662 1800 47
3391 3404 1100 33
3391 3650 900 37
3391 546 1800 45
3391 559 100 12
3392 2253 400 37
3392 2961 400 46
3392 580 1800 25
3393 4740 400 186
3393 1972 400 26
3393 210 1800 47
3394 4659 400 62
3394 1729 400 28
3394 495 1800 32
3395 2270 400 30
3395 2641 400 27
3395 448 1800 42
3396 4055 1000 14
3396 1712 1000 21
3396 498 1800 27
3397 1713 500 40
3397 493 1800 17
3398 3696 500 6
3398 1207 600 39
3398 100 1800 127
3399 3772 600 29
3399 1310 600 24
3399 84 1800 137
3400 1314 800 49
3400 2859 800 60
3400 83 1800 45
3401 4303 1100 17
3401 4524 1400 63
3401 307 1800 75
3402 3830 800 24
3402 1647 800 37
3402 548 1800 35
3403 4231 800 13
3403 2098 800 33
3403 547 1800 40
3404 3425 400 63
3404 4154 1100 10
3405 3406 400 64
3405 3427 400 44
3405 2586 400 34
3405 557 1800 47
3406 1828 400 27
3406 3265 400 24
3406 3405 400 64
3407 4727 600 43
3407 571 1800 65
3408 3476 800 93
3408 1980 800 57
3408 48 1800 165
3409 3891 600 45
3409 2152 600 18
3409 365 1800 32
3410 3458 1100 18
3410 4491 1100 10
3410 77 1800 42
3411 4699 600 43
3411 2924 600 75
3411 164 1800 45
3412 3459 400 45
3412 3388 400 96
3412 275 1800 30
3413 2598 600 41
3413 3205 600 24
3413 139 1800 57
3414 2600 600 42
3414 2602 600 41
3414 158 1800 40
3415 3540 600 88
3415 3734 500 29
3415 2790 700 88
3415 3353 400 28
3416 3744 600 34
3416 2941 600 28
3416 959 1800 32
3417 3491 800 81
3417 3663 800 27
3417 3738 400 21
3417 963 1800 37
3418 2978 400 42
3418 3352 400 104
3418 24 1800 87
3419 1086 800 25
3419 1087 800 15
3419 1995 400 30
3419 712 1800 35
3420 3421 400 63
3420 1097 1000 26
3421 1096 400 33
3421 2372 400 25
3421 3420 400 63
3422 1097 400 15
3422 1099 400 15
3422 713 1800 45
3423 3428 400 46
3423 1144 300 10
3423 2435 400 18
3423 155 1800 22
3424 4038 900 15
3424 4587 900 24
3424 258 400 30
3424 256 1800 92
3425 3426 600 57
3425 1715 600 22
3425 3404 400 63
3426 4294 600 21
3426 3425 600 57
3426 558 100 42
3427 1716 400 34
3427 2036 400 44
3427 3405 400 44
3428 2040 400 12
3428 2384 400 10
3428 155 1800 37
3429 3957 500 10
3429 2378 500 39
3429 143 1800 30
3430 3431 400 15
3430 2373 1100 6
3430 2611 1100 16
3431 3432 400 36
3431 3430 400 15
3431 724 1800 25
3432 1107 400 16
3432 1108 400 30
3432 3431 400 36
3433 1341 400 63
3433 1344 400 27
3433 80 1800 30
3434 1962 400 60
3434 1965 400 61
3434 188 1800 35
3435 2083 400 9
3435 3284 400 81
3435 118 100 375
3436 2596 600 20
3436 609 1800 42
3437 3697 400 55
3437 3310 400 82
3437 611 1800 40
3438 3363 800 52
3438 3364 800 33
3438 606 1800 52
3439 1857 400 68
3439 848 1800 42
3440 3519 700 21
3440 14 700 16
3441 3443 400 38
3441 1856 600 29
3441 1857 600 13
3442 3443 400 63
3442 1856 400 10
3442 849 1800 40
3443 3441 400 38
3443 3442 400 63
3443 846 1800 20
3444 3181 1100 50
3445 2154 1100 15
3446 1306 400 7
3446 2834 400 24
3446 2858 400 22
3446 829 1800 12
3447 1986 600 784
3447 8 600 33
3448 3541 400 36
3448 1294 800 30
3448 1298 700 24
3449 3450 400 13
3449 3329 400 56
3450 3843 400 106
3450 2481 400 54
3450 3449 400 13
3451 3025 600 211
3452 4501 600 132
3452 2892 600 13
3453 3164 800 33
3454 4381 800 37
3456 4390 1000 9
3456 3182 1100 30
3457 2738 1100 16
3457 2739 1100 30
3458 2740 1100 19
3458 3410 1100 18
3459 3460 400 94
3459 2212 400 33
3459 3412 400 45
3460 3699 400 34
3460 2735 400 34
3460 3459 400 94
3461 1344 400 42
3461 2198 400 42
3462 1640 900 9
3462 1674 400 48
3462 1675 900 25
3463 2258 400 54
3463 2656 400 15
3464 1581 600 46
3464 2640 400 51
3464 2641 600 7
3465 1853 400 49
3465 2591 400 28
3466 3700 400 175
3466 3146 400 127
3467 3223 400 24
3467 3224 400 28
3468 1261 400 34
3469 3760 400 37
3469 2094 400 28
3469 2458 400 34
3470 2052 1100 42
3471 3909 1100 13
3472 2925 600 102
3472 3205 600 26
3473 3474 400 100
3473 1890 800 5
3473 2814 800 37
3474 3698 400 84
3474 3473 400 100
3475 2956 800 26
3475 2957 800 24
3475 3147 400 30
3476 3014 800 76
3476 3408 800 93
3476 859 1800 202
3477 4725 600 21
3477 3235 600 16
3478 3479 400 18
3478 1212 600 16
3478 2106 600 13
3479 3480 400 86
3479 3478 400 18
3480 2381 400 26
3480 3307 400 40
3480 3479 400 86
3481 3482 400 9
3481 2305 400 29
3481 3324 400 29
3482 2523 400 10
3482 2958 400 32
3482 3481 400 9
3483 4150 400 81
3484 3485 400 60
3484 2556 400 53
3484 2771 400 99
3485 3484 400 60
3486 3701 400 9
3486 2558 400 44
3486 3313 400 39
3487 3488 400 43
3487 3847 400 40
3487 423 1800 15
3488 4282 700 21
3488 2230 700 20
3488 3487 400 43
3488 422 1800 162
3489 3848 400 126
3489 4286 700 30
3489 2230 700 37
3489 422 1800 122
3490 1790 600 72
3490 3094 600 42
3491 3587 800 24
3491 3199 700 30
3491 3417 800 81
3491 968 1800 80
3492 4456 600 31
3492 4461 900 3
3492 608 1800 42
3493 3564 900 32
3493 3702 400 29
3493 1413 1000 15
3493 3204 1000 68
3494 3703 600 21
3494 1880 800 54
3494 2985 800 61
3495 3704 600 20
3495 1953 1400 27
3496 4469 1100 32
3496 2543 1100 21
3496 921 1800 70
3497 13 1800 13
3497 12 1800 13
3498 2916 1800 58
3499 3841 700 36
3499 2944 800 25
3499 2980 400 99
3499 3200 800 25
3500 3855 400 92
3500 4457 1200 6
3500 4458 800 5
3500 4459 800 6
3501 1205 400 76
3501 2999 400 141
3501 1010 1800 32
3502 3833 1100 55
3502 3899 1100 19
3503 3166 600 32
3503 3168 600 73
3504 3505 800 66
3504 3575 800 36
3504 2938 600 33
3505 3203 800 69
3505 3504 800 66
3506 3706 400 309
3506 3291 600 222
3506 3292 800 123
3507 3508 750 7
3508 3511 750 21
3508 2857 900 42
3509 3710 600 36
3509 3718 400 36
3509 3883 600 70
3509 3841 700 45
3510 2852 900 39
3510 2855 750 16
3511 2854 750 7
3512 3707 600 10
3512 3708 600 10
3512 1884 900 60
3512 3277 900 91
3513 1883 500 22
3513 357 1800 65
3514 4135 1400 4
3514 4138 800 8
3515 1179 700 12
3515 1185 700 42
3516 1340 400 55
3516 1860 400 51
3516 837 1800 32
3517 1342 400 37
3517 1861 400 46
3518 1365 600 43
3518 1856 600 36
3519 1855 700 6
3519 3440 700 21
3520 1861 400 16
3520 2247 400 19
3520 835 1800 37
3521 1870 400 22
3521 2053 400 19
3522 1873 400 17
3522 2931 400 16
3523 1887 400 13
3523 2126 400 27
3523 842 1800 12
3524 1888 800 16
3524 1889 800 12
3525 1888 800 15
3525 1943 800 18
3526 3873 400 12
3526 2213 400 18
3527 1889 400 16
3527 1944 400 12
3528 3529 500 21
3528 1940 500 17
3528 833 300 40
3529 3530 400 36
3529 3528 500 21
3530 2425 500 16
3530 3529 400 36
3531 1943 500 14
3531 2425 500 12
3531 833 400 32
3532 3873 400 96
3532 1944 400 9
3532 2225 400 15
3533 2008 400 37
3533 2225 400 66
3533 841 1800 27
3534 2053 400 14
3534 2420 400 17
3535 2127 400 25
3535 2128 400 15
3535 842 1800 12
3536 2127 400 19
3536 2422 400 22
3537 2427 400 31
3537 2428 400 22
3538 3539 400 27
3538 1875 400 38
3538 2997 400 9
3539 3538 400 27
3540 3709 700 27
3540 3710 600 88
3540 3415 600 88
3540 868 1800 65
3541 3551 400 18
3541 1301 400 27
3541 3448 400 36
3542 3543 400 13
3542 1887 500 8
3542 2128 500 8
3543 3544 400 25
3543 3542 400 13
3544 1950 500 7
3544 2934 500 9
3544 3543 400 25
3545 3546 600 57
3545 3176 600 79
3546 4430 800 6
3546 3545 600 57
3546 1904 800 13
3547 3856 400 40
3547 3190 800 27
3547 3364 800 50
3547 997 1800 45
3548 3721 600 60
3548 4527 1400 5
3548 4528 1400 8
3549 3178 600 46
3549 2877 600 50
3550 3551 400 13
3551 1294 400 72
3551 3541 400 18
3551 3550 400 13
3552 3553 400 15
3552 2935 400 13
3552 2936 400 10
3553 2932 200 18
3553 2935 200 22
3553 3552 400 15
3554 2996 400 16
3554 2997 400 25
3555 1307 400 7
3555 1308 400 7
3555 3230 400 18
3556 3860 300 112
3556 3859 300 74
3556 657 1800 35
3557 4713 700 21
3557 2894 600 46
3557 2923 700 44
3558 4787 1100 6
3558 2599 1100 36
3558 3414 600 7
3559 3845 400 20
3559 572 1800 30
3560 4511 1700 13
3561 2849 1800 23
3562 3711 600 34
3562 3849 600 52
3562 948 1800 42
3563 4733 800 61
3563 2547 800 34
3564 3712 400 12
3564 2809 900 30
3564 3493 900 32
3565 3940 1000 38
3565 4465 1000 77
3566 1135 800 10
3566 2055 800 13
3567 4774 800 16
3567 1829 800 44
3567 230 1800 95
3568 4772 400 66
3568 1831 400 56
3568 217 1800 162
3569 4341 700 6
3569 4342 900 6
3569 4348 800 6
3570 4338 800 6
3570 4339 900 6
3570 4348 800 6
3571 4345 900 30
3571 1843 1100 49
3571 1844 1100 50
3572 3713 400 99
3572 1883 600 49
3572 2728 600 18
3572 919 1800 57
3573 3040 800 40
3573 2208 800 16
3574 3716 400 58
3574 3188 700 33
3574 3369 600 33
3574 562 1800 32
3575 3504 800 36
3575 15 800 36
3576 3577 400 80
3576 1180 400 84
3576 2386 400 42
3577 1177 400 129
3577 2386 400 69
3577 3576 400 80
3578 3680 600 73
3578 3714 600 105
3578 134 1800 130
3579 3581 400 53
3579 3324 400 28
3579 3333 400 44
3580 3715 600 25
3580 3716 400 15
3581 3333 400 88
3581 3579 400 53
3582 3583 400 45
3582 3306 400 62
3582 772 1800 47
3583 3306 400 10
3583 3582 400 45
3584 1206 800 4
3584 1207 600 25
3585 3717 400 32
3585 3718 400 133
3585 3353 400 88
3586 1206 800 10
3586 1208 800 71
3587 3705 800 26
3587 3894 400 42
3587 3491 800 24
3588 1481 400 92
3588 1482 400 32
3589 2099 400 10
3589 2273 400 29
3590 2786 800 13
3590 2972 800 30
3591 2786 400 20
3591 2973 400 37
3592 3672 700 15
3592 2002 700 43
3593 560 400 57
3594 1069 800 55
3594 1070 800 19
3594 994 1800 32
3595 1073 400 21
3595 995 1800 45
3596 4080 1100 83
3596 4085 1100 86
3596 1026 1800 37
3597 1138 800 18
3597 1139 800 34
3597 1045 1800 57
3598 1223 800 21
3598 1225 800 13
3598 1053 1800 62
3599 1229 400 12
3599 1231 400 115
3600 1242 400 18
3600 1246 400 18
3601 4480 400 42
3601 1328 400 25
3601 903 1800 20
3602 1334 900 23
3602 1336 900 24
3602 878 1800 62
3603 1393 600 40
3603 1395 600 18
3604 4048 1000 34
3604 4276 1000 16
3604 944 1800 17
3605 4320 600 8
3605 4805 600 12
3605 1002 1800 27
3606 3778 700 19
3606 1518 700 15
3606 1020 1800 32
3607 1522 400 18
3607 1523 400 15
3607 451 1800 20
3608 1525 400 18
3608 1526 400 20
3608 1013 1800 27
3608 1020 1800 27
3609 4109 400 20
3609 1538 400 16
3609 1000 1800 22
3610 1538 400 13
3610 1548 400 88
3611 1552 400 14
3611 1553 400 16
3612 4016 800 8
3612 4579 800 7
3612 962 1800 65
3613 1550 400 16
3613 1569 400 16
3614 1569 400 10
3614 1570 400 26
3614 967 1800 17
3615 1582 400 25
3615 1584 400 41
3616 1589 400 34
3616 1591 400 10
3616 984 1800 40
3617 4562 500 25
3617 1599 500 17
3617 972 1800 42
3618 1608 800 7
3618 3098 800 7
3618 996 1800 32
3619 1606 800 26
3619 1617 800 26
3619 443 1800 60
3620 4037 1000 14
3620 4690 1000 16
3620 943 1800 15
3621 4644 800 12
3621 1659 800 8
3621 932 1800 47
3622 1715 400 34
3622 2066 400 20
3622 555 1800 30
3623 4218 800 7
3623 1757 800 7
3624 4140 700 33
3624 1799 700 45
3624 1018 1800 15
3625 3874 800 28
3625 1877 800 15
3625 865 1800 25
3625 866 1800 57
3626 1885 400 10
3626 187 400 30
3626 11 400 27
3627 1886 700 18
3627 882 1800 47
3628 1932 400 36
3628 1933 400 24
3628 922 1800 45
3629 1349 400 62
3629 2017 400 53
3629 905 1800 45
3630 1762 600 24
3630 2024 600 21
3630 1038 1800 12
3631 1240 1100 11
3631 2056 1100 15
3631 1056 1800 50
3632 2083 600 37
3632 3282 600 197
3632 918 1800 220
3633 1761 400 82
3633 2105 400 17
3633 1042 1800 45
3633 1043 1800 30
3634 2108 400 31
3634 2132 400 14
3634 1064 1800 42
3635 4697 400 46
3635 2159 400 27
3635 1028 1800 42
3636 2167 400 28
3636 2168 400 32
3636 184 1800 42
3637 1962 400 57
3637 2183 400 15
3637 887 1800 40
3638 4104 1000 6
3638 2270 1000 8
3638 1009 1800 30
3639 1604 400 42
3639 2284 400 21
3639 449 1800 20
3639 978 1800 42
3640 3777 400 63
3640 4750 800 5
3640 2312 600 10
3641 1731 400 12
3641 2353 400 17
3641 510 1800 20
3641 1039 1800 12
3642 2353 400 17
3642 2354 400 17
3642 1040 1800 12
3643 3786 1000 7
3643 2357 1000 13
3644 1849 1800 21
3645 2431 800 10
3645 2810 800 24
3645 939 1800 42
3646 1936 1800 72
3647 4418 1700 6
3648 3822 1700 20
3649 2529 400 180
3649 2530 400 146
3649 856 1800 52
3650 2583 900 6
3650 1021 1800 72
3651 3828 400 78
3651 3843 400 8
3651 2610 400 22
3651 891 1800 40
3652 2312 600 24
3652 2616 600 22
3653 4626 800 4
3653 2637 800 13
3653 1012 1800 27
3654 2718 400 91
3654 923 1800 30
3655 2736 400 73
3655 2739 400 37
3655 920 1800 55
3656 2748 400 30
3656 915 1800 27
3657 2796 400 48
3657 2797 400 21
3657 870 1800 27
3658 1877 800 25
3658 2838 800 37
3658 866 1800 32
3658 1067 1800 17
3659 2867 400 142
3659 109 1800 142
3660 1945 600 82
3660 2893 600 108
3660 906 1800 50
3661 1968 600 153
3661 2938 600 37
3661 854 1800 117
3662 3663 800 54
3662 3737 400 43
3662 3745 400 30
3662 4704 800 28
3663 3417 800 27
3663 3662 800 54
3664 2945 400 51
3664 2946 400 38
3664 924 1800 37
3665 2970 400 43
3665 911 1800 50
3666 2722 600 19
3666 355 1800 35
3667 2979 400 55
3667 2981 400 21
3668 2985 400 39
3668 925 1800 32
3669 2569 400 33
3669 3032 400 14
3669 1051 1800 60
3670 1997 400 8
3670 3037 400 36
3671 1808 800 10
3671 3081 800 9
3672 3155 700 12
3672 3592 700 15
3673 3793 400 41
3673 2895 800 14
3673 3173 800 25
3674 3892 400 134
3674 3198 400 52
3674 938 1800 107
3675 3198 400 102
3675 934 1800 97
3676 3143 600 38
3676 3198 600 35
3676 933 1800 50
3677 4781 700 37
3677 3221 600 80
3677 1046 1800 32
3678 1310 600 51
3678 3231 600 44
3678 869 1800 42
3679 3233 400 104
3679 3234 400 9
3679 895 1800 32
3680 3274 600 42
3680 3578 600 73
3680 104 1800 52
3681 2160 400 298
3681 3276 400 64
3681 935 1800 42
3682 3277 600 34
3682 356 1800 57
3683 3277 600 25
3683 909 1800 45
3684 1914 400 6
3684 3278 400 30
3684 124 1800 72
3685 2839 600 96
3685 3303 600 77
3685 873 1800 35
3686 3012 400 66
3686 3312 400 265
3686 886 1800 52
3687 3336 400 142
3687 956 1800 65
3688 3339 800 22
3688 3340 800 4
3688 881 1800 50
3689 3348 400 32
3689 3353 400 15
3689 872 1800 65
3690 3202 800 26
3690 3355 800 38
3690 885 1800 107
3691 3366 400 42
3691 3367 400 30
3692 3368 400 27
3692 3369 400 17
3692 1011 1800 30
3693 3366 400 61
3693 3370 400 73
3693 982 1800 30
3694 3858 400 90
3694 3186 600 16
3694 3370 600 30
3695 4420 1200 5
3695 4421 1200 9
3696 2595 600 120
3696 3398 500 6
3696 1024 1800 122
3697 3364 400 70
3697 3437 400 55
3697 1006 1800 47
3698 3874 400 100
3698 3474 400 84
3699 2558 400 34
3699 3460 400 34
3700 2867 400 28
3700 3466 400 175
3700 133 1800 182
3701 3388 400 113
3701 3486 400 9
3701 931 1800 67
3702 3493 400 29
3702 958 1800 52
3703 3889 600 40
3703 3494 600 21
3704 3719 600 18
3704 2906 800 12
3705 3894 400 22
3705 4460 800 18
3705 3587 800 26
3706 3506 400 309
3706 874 1800 737
3706 880 1800 107
3707 3512 600 10
3707 897 1800 52
3708 3512 600 10
3708 902 1800 52
3709 3886 700 54
3709 3540 700 27
3709 27 1800 45
3710 3509 600 36
3710 3540 600 88
3710 861 1800 35
3711 2228 600 88
3711 3562 600 34
3711 424 1800 47
3712 3850 400 174
3712 3564 400 12
3712 352 1800 42
3713 3572 400 99
3713 358 1800 100
3714 3275 600 46
3714 3578 600 105
3714 992 1800 75
3715 3368 600 16
3715 3580 600 25
3715 600 1800 35
3716 3574 400 58
3716 3580 400 15
3716 1019 1800 17
3717 3352 400 36
3717 3585 400 32
3717 24 1800 90
3718 3509 400 36
3718 3585 400 133
3719 3888 400 28
3719 4713 600 22
3719 3704 600 18
3719 894 1800 40
3720 3791 600 48
3720 2923 600 22
3720 904 1800 130
3721 3791 600 36
3721 3548 600 60
3722 3723 400 154
3723 2867 400 42
3723 3722 400 154
3724 3725 600 13
3724 3880 600 12
3725 3730 600 57
3725 3840 400 176
3725 3724 600 13
3725 852 1800 72
3726 3727 400 73
3726 2789 400 22
3726 2790 400 30
3727 3728 400 12
3727 3726 400 73
3727 23 1800 50
3728 2791 700 21
3728 2976 700 42
3728 3727 400 12
3729 3840 600 18
3729 3203 600 46
3729 29 1800 120
3730 3840 600 33
3730 3725 600 57
3730 855 1800 52
3731 3732 400 18
3731 182 1800 37
3732 3733 400 42
3732 1962 400 15
3732 3731 400 18
3733 2167 400 22
3733 3732 400 42
3733 893 1800 45
3733 896 1800 30
3734 3750 500 36
3734 3415 500 29
3735 3736 400 72
3735 1027 1800 57
3736 3248 400 24
3736 3735 400 72
3737 3738 400 52
3737 4780 400 51
3737 3662 400 43
3738 3417 400 21
3738 3737 400 52
3738 561 100 50
3739 3740 400 51
3739 3270 400 13
3740 2547 400 15
3740 3739 400 51
3740 937 1800 25
3741 3742 400 29
3741 945 1800 27
3742 4443 800 37
3742 3270 800 51
3742 3741 400 29
3742 590 1800 45
3743 3744 400 25
3743 3745 400 78
3743 952 1800 30
3744 2940 600 24
3744 3416 600 34
3744 3743 400 25
3745 3662 400 30
3745 3743 400 78
3745 589 1800 22
3746 3747 600 76
3746 108 1800 135
3747 3748 600 66
3747 3746 600 76
3748 1851 800 27
3748 3140 800 17
3748 3747 600 66
3749 3750 400 52
3749 862 1800 62
3750 3887 500 37
3750 3734 500 36
3750 3749 400 52
3751 3752 400 272
3751 876 1800 47
3752 4371 1200 24
3752 4501 600 12
3752 3751 400 272
3753 3754 400 20
3753 4017 900 15
3753 1554 900 13
3754 3755 400 18
3754 3753 400 20
3754 971 1800 25
3755 4581 400 18
3755 1556 400 26
3755 3754 400 18
3756 3757 400 15
3756 1537 400 22
3756 1001 1800 30
3757 4119 900 9
3757 1535 900 6
3757 3756 400 15
3758 3759 400 96
3758 864 1800 80
3759 3772 600 39
3759 1979 600 30
3759 3758 400 96
3760 3761 400 56
3760 3469 400 37
3760 808 1800 12
3761 3762 400 41
3761 3763 400 42
3761 3760 400 56
3762 1282 400 33
3762 2437 400 6
3762 3761 400 41
3763 2456 400 18
3763 2458 400 36
3763 3761 400 42
3764 3765 400 39
3764 1277 400 65
3765 2123 400 13
3765 3378 400 8
3765 3764 400 39
3766 3767 400 54
3766 1277 400 8
3766 2123 400 13
3767 3768 400 30
3767 3766 400 54
3767 1061 1800 25
3768 1282 400 36
3768 1284 400 6
3768 3767 400 30
3769 3770 400 34
3769 3191 400 8
3770 3771 400 51
3770 3769 400 34
3770 602 1800 20
3770 981 1800 55
3771 3774 700 16
3771 3184 700 36
3771 3770 400 51
3771 990 1800 35
3772 3773 400 69
3772 3399 600 29
3772 3759 600 39
3773 3772 400 69
3773 871 1800 42
3773 883 1800 155
3774 2942 700 22
3774 3771 700 16
3774 981 1800 37
3775 3776 600 22
3775 3185 600 14
3776 3365 600 22
3776 3775 600 22
3776 1007 1800 15
3777 3245 400 96
3777 3640 400 63
3777 544 1800 30
3778 4328 700 7
3778 3606 700 19
3778 457 1800 37
3779 1545 700 14
3779 2638 700 10
3780 1566 800 20
3780 1567 800 7
3781 3782 600 7
3781 1698 600 7
3782 3783 600 7
3782 3781 600 7
3783 1699 600 7
3783 3782 600 7
3784 4209 1100 7
3784 4210 900 6
3784 523 1800 12
3785 3789 400 30
3785 1743 600 15
3785 1747 600 24
3786 4351 1000 9
3786 3643 1000 7
3787 1723 600 8
3787 2585 600 6
3788 1682 400 7
3788 3248 400 7
3789 1745 900 12
3789 1748 900 28
3789 3785 400 30
3790 4267 1000 4
3790 2684 1000 36
3791 3720 600 48
3791 3721 600 36
3791 907 1800 37
3792 2278 600 44
3792 2698 700 7
3793 3673 400 41
3793 863 1800 114
3794 3795 1800 15
3795 4506 1800 13
3796 2879 1800 23
3797 3796 1800 10
3798 4500 1800 9
3799 2888 1800 18
3800 2898 1800 36
3801 2907 1800 35
3802 2912 1800 28
3803 1938 1800 21
3804 2919 1800 26
3805 2914 1800 20
3806 2473 1800 40
3807 2471 1800 12
3808 1134 1800 21
3809 1136 1800 10
3810 2852 1800 27
3811 2857 1800 32
3812 2006 1800 19
3813 1128 1800 38
3814 1850 1800 18
3815 2004 1800 14
3816 1367 1800 13
3817 1898 1800 14
3818 1360 1800 13
3819 1357 1800 12
3820 2845 1800 10
3821 4514 1800 7
3822 2862 1700 30
3823 3647 1700 9
3824 2872 1800 29
3825 2876 1800 27
3826 1896 1800 29
3827 1935 1800 21
3828 4765 900 26
3828 1325 900 34
3828 3651 400 78
3829 1561 1800 16
3830 4065 800 15
3830 3402 800 24
3831 2205 700 28
3831 3162 700 33
3832 2837 1600 19
3833 1274 1100 44
3833 3502 1100 55
3834 4764 900 14
3834 1313 900 10
3835 3187 400 65
3835 3188 400 20
3835 1017 1800 27
3835 607 1800 42
3838 3878 400 56
3838 16 400 231
3839 3274 400 116
3840 3725 400 176
3840 3729 600 18
3840 3730 600 33
3841 3499 700 36
3841 860 1800 67
3841 3509 700 45
3842 1957 400 46
3842 20 1800 55
3842 2114 400 61
3843 2481 400 36
3843 3450 400 106
3843 3651 400 8
3844 2736 400 74
3844 3110 400 74
3844 279 1800 27
3845 2547 400 40
3845 3559 400 20
3846 2928 400 14
3846 3301 400 36
3847 3848 400 87
3847 3487 400 40
3848 3489 400 126
3848 3847 400 87
3849 3562 600 52
3850 3242 400 45
3850 3243 400 93
3850 3712 400 174
3851 1423 700 26
3851 3242 400 100
3851 3243 400 86
3852 4338 800 21
3852 2941 800 30
3852 573 1800 80
3853 1408 400 52
3853 2691 800 16
3853 2692 400 64
3853 381 200 20
3854 2254 400 56
3854 395 1800 90
3854 998 1800 182
3855 3310 400 44
3855 3500 400 92
3855 610 1800 25
3856 3310 400 90
3856 3547 400 40
3856 991 1800 40
3857 4462 800 44
3857 1128 900 31
3858 3365 400 36
3858 3694 400 90
3858 601 1800 12
3859 3860 300 12
3859 3556 300 74
3860 3118 600 22
3860 3556 300 112
3860 3859 300 12
3860 657 1800 32
3861 3862 400 26
3861 4101 800 10
3861 3097 800 25
3862 2621 400 22
3862 3097 400 54
3862 3861 400 26
3862 450 1800 12
3863 4325 700 9
3863 1528 700 9
3865 2312 400 20
3865 3245 400 76
3865 540 1800 32
3866 2526 400 36
3866 3189 400 123
3867 3868 400 75
3867 2323 600 36
3867 2479 600 26
3867 681 400 42
3868 3869 400 129
3868 1780 400 20
3868 1781 400 36
3868 3867 400 75
3869 2357 400 37
3869 3868 400 129
3869 681 400 60
3870 3062 400 20
3870 3223 400 36
3870 156 1800 42
3871 1203 1400 65
3871 1285 1400 18
3871 2054 400 10
3871 2171 400 10
3872 2049 1400 27
3872 1203 1400 40
3873 1888 400 9
3873 3526 400 12
3873 3532 400 96
3874 1890 900 49
3874 2838 900 78
3874 3625 800 28
3874 3698 400 100
3875 4137 900 33
3875 1801 900 32
3876 3877 400 114
3876 4138 400 8
3876 658 1800 87
3877 3876 400 114
3877 3088 400 27
3877 658 1800 112
3878 2458 400 63
3878 3838 400 56
3879 2131 400 10
3879 3872 400 12
3880 3881 600 74
3880 3724 600 12
3880 857 1800 72
3881 3882 600 20
3881 3880 600 74
3881 30 1800 85
3882 3884 400 118
3882 3886 700 39
3882 3881 600 20
3883 3509 600 70
3883 858 1800 45
3883 857 1800 67
3884 3885 400 15
3884 3882 400 118
3884 26 1800 20
3885 3887 500 34
3885 3884 400 15
3886 3709 700 54
3886 3882 700 39
3887 3750 500 37
3887 3885 500 34
3888 4716 400 28
3888 2803 400 122
3888 3719 400 28
3888 165 1800 27
3889 2720 700 24
3889 3703 600 40
3889 363 1800 12
3890 3891 600 100
3890 2718 600 34
3890 2720 700 19
3890 928 1800 12
3891 3409 600 45
3891 366 1800 35
3891 3890 600 100
3892 3274 500 97
3892 3674 400 134
3894 3587 400 42
3894 3705 400 22
3894 612 100 42
3895 4444 2200 9
3896 4454 700 5
3896 4455 800 6
3897 3899 900 21
3897 3502 900 33
3898 3001 900 41
3898 3209 1800 51
3899 3900 900 39
3899 3001 900 7
3899 3502 1100 19
3900 4519 1800 10
3901 3898 1800 96
3902 3904 1800 59
3903 3901 1800 58
3904 3906 1800 156
3905 3903 1800 159
3906 3909 900 48
3906 3911 1800 63
3907 3909 1100 25
3907 3908 900 16
3907 3905 900 39
3908 3907 900 16
3909 3911 900 48
3909 1364 900 74
3909 3470 1100 12
3909 3907 900 25
3910 3905 1800 56
3910 3907 900 39
3911 1363 1600 8
3912 3913 800 18
3912 2090 900 6
3912 1763 900 8
3913 4353 900 5
3913 1763 1500 7
3914 3915 800 14
3914 1549 900 40
3914 1576 900 6
3915 3916 800 18
3915 1576 1000 7
3915 1546 1000 8
3916 3917 800 14
3916 1576 900 8
3916 2637 800 6
3917 1576 1800 6
3917 2432 900 9
3918 3919 800 19
3918 4027 900 12
3918 1797 1500 15
3919 3920 800 28
3919 4026 900 7
3919 1797 1500 13
3920 3949 800 21
3920 4028 900 6
3920 1797 1500 15
3921 3922 800 22
3921 4703 1100 8
3921 1124 1100 7
3922 3923 800 20
3922 3968 900 9
3922 1124 1500 8
3923 3935 800 22
3923 4032 1100 8
3923 1124 1100 6
3924 3934 1400 4
3924 3935 1866 4
3925 3928 800 14
3925 4037 1000 5
3925 1626 1000 5
3926 2778 1000 5
3926 3925 800 14
3926 1626 2000 5
3927 4038 900 5
3927 3926 800 12
3927 1626 900 5
3928 2228 1000 33
3928 3927 800 14
3928 1626 1000 5
3929 3932 800 22
3929 4040 800 6
3929 1662 1600 8
3930 4039 1100 6
3930 3929 800 20
3930 1662 1466 9
3931 4042 900 5
3931 3930 800 22
3931 1662 900 7
3932 4041 1000 5
3932 3931 800 22
3932 1662 2000 7
3933 3924 1866 4
3934 3206 1400 90
3935 3924 1466 4
3935 3921 800 20
3935 1124 1466 5
3936 3937 800 26
3936 3958 800 10
3936 3162 700 25
3937 3938 800 24
3937 3958 1800 8
3937 4044 1800 4
3938 3939 800 24
3938 3958 1000 8
3938 4047 900 9
3939 3958 1833 7
3939 4046 1100 4
3939 3936 800 24
3940 3941 800 18
3940 2949 1000 9
3940 3565 1000 38
3941 3965 1100 12
3941 2949 1466 4
3942 2949 900 22
3942 3115 1100 13
3942 3940 800 62
3943 4033 1000 6
3943 1152 2000 6
3944 3945 800 12
3944 1672 900 6
3944 2551 900 41
3945 4739 900 19
3945 1672 900 6
3946 3947 900 21
3946 3976 1100 10
3947 3111 900 22
3947 3946 900 21
3948 3949 900 7
3948 1797 1500 5
3949 4133 900 26
3950 3918 800 24
3950 3948 1500 5
3951 3956 1100 4
3951 3954 800 24
3952 4024 1100 45
3953 4031 800 5
3953 3119 800 6
3953 3952 800 22
3954 3955 800 25
3954 4030 800 5
3954 3118 800 7
3955 2447 1100 34
3955 3953 800 21
3955 1816 1100 8
3956 3952 1100 4
3956 1816 1466 4
3957 3429 500 10
3957 2137 900 6
3957 3387 900 6
3958 3936 1200 10
3958 3937 900 8
3958 3938 900 8
3958 3939 1100 7
3959 3960 1100 37
3959 4045 1100 22
3960 3961 1100 39
3960 3959 1100 37
3961 3962 1100 28
3961 3960 1100 39
3961 946 1800 75
3961 224 1800 225
3962 3965 1100 55
3962 3961 1100 28
3962 207 1800 82
3963 4740 400 6
3963 4741 900 10
3963 4743 900 3
3964 4471 900 42
3964 4742 900 32
3965 3941 1100 12
3965 3962 1100 55
3966 4696 1100 10
3966 4701 1100 13
3966 3208 600 76
3967 4699 600 6
3967 4700 1100 3
3967 4701 1100 3
3967 4702 500 4
3968 4126 900 4
3968 3922 1800 9
3969 3970 1000 38
3969 1831 1000 78
3970 3971 900 8
3971 3972 900 8
3971 3978 800 6
3972 3973 900 8
3973 3974 900 20
3973 3979 1100 35
3974 3975 900 8
3975 3976 900 8
3975 3946 1100 10
3976 3977 900 8
3977 3969 1000 40
3977 3970 900 20
3978 3116 800 27
3978 3972 800 6
3979 3980 900 23
3979 3115 1100 17
3980 3946 800 34
3980 3974 1100 10
3981 3982 800 14
3981 1773 800 8
3981 3080 800 25
3982 3990 800 6
3982 1773 1600 6
3983 3985 800 14
3983 3986 1200 6
3983 1822 1800 6
3984 3988 900 5
3984 2493 900 52
3984 3983 800 12
3985 3987 1800 5
3985 4043 900 5
3986 1823 1200 13
3986 3983 800 6
3987 1822 1800 5
3987 3985 900 5
3988 1822 900 5
3988 3984 900 5
3989 1822 750 6
3989 3263 500 10
3990 3982 1600 6
3990 1774 800 20
3991 1772 800 51
3991 1773 1600 7
3992 1773 1600 7
3992 2330 800 21
3993 3996 800 20
3993 3998 1000 5
3993 1594 2000 6
3994 3995 800 20
3994 3997 900 5
3994 4035 900 5
3995 3993 800 16
3995 1625 800 30
3995 1594 800 8
3996 4000 800 5
3996 1594 800 5
3996 3994 800 14
3997 1594 900 5
3997 3994 900 5
3998 2555 1000 24
3998 3993 2000 5
3999 4035 1800 5
4000 1568 800 53
4000 3996 800 5
4001 4002 800 14
4001 4005 1100 5
4001 1424 1100 5
4002 4003 800 16
4002 4007 900 6
4002 1424 900 6
4003 4004 800 14
4003 1424 1100 6
4003 2682 1100 13
4004 4006 900 6
4004 1424 900 6
4004 4001 800 12
4005 1425 1100 22
4005 4001 1100 5
4006 2235 900 27
4006 4004 1800 6
4007 1423 900 26
4007 4002 1800 6
4008 4575 800 10
4008 1512 800 8
4008 1513 800 6
4009 4013 900 6
4009 1512 1466 5
4010 4011 1100 5
4010 4208 1100 69
4011 4012 800 14
4011 4010 1100 5
4011 1512 1100 7
4012 4008 800 10
4013 2307 900 37
4013 4009 1466 6
4014 4015 800 10
4014 4018 1100 12
4014 1555 1466 5
4015 4290 800 75
4015 1555 1600 6
4016 1555 800 6
4016 3612 800 8
4017 1555 1800 5
4017 3753 900 15
4018 1559 1100 36
4018 4014 1466 12
4019 4021 800 10
4019 1485 800 24
4019 1486 800 6
4020 4048 1000 4
4020 4019 800 10
4020 1486 1000 4
4021 4022 800 14
4021 4023 900 15
4021 1486 900 5
4022 4020 800 14
4022 1486 900 9
4022 2226 600 7
4023 1471 900 6
4023 4021 900 15
4024 3875 1400 4
4025 1762 800 7
4025 1763 900 9
4026 3113 900 18
4026 3919 1800 7
4027 1800 900 51
4027 3918 1800 12
4028 3088 900 36
4028 3920 1800 6
4029 3950 1500 13
4030 1816 1600 8
4030 3954 800 5
4031 1816 800 7
4031 3953 800 5
4032 3136 1100 20
4032 3923 1466 8
4033 2477 1000 10
4033 3943 1000 6
4034 2647 900 38
4035 3994 1800 5
4035 4034 900 5
4036 3999 900 7
4037 3620 1000 14
4037 3925 2000 5
4038 3424 900 15
4038 3927 900 5
4039 2552 1100 38
4039 3930 1833 6
4040 2209 800 12
4040 3929 1600 6
4041 4646 1000 28
4041 3932 2000 5
4042 1663 900 28
4042 3931 900 5
4043 4650 900 32
4043 3985 1800 5
4044 4741 900 12
4044 3937 1800 4
4045 4046 1833 8
4045 3959 1100 22
4046 3939 1650 4
4046 4045 1100 8
4047 2551 900 98
4047 3938 2000 9
4048 3604 1000 34
4048 4020 2000 4
4049 1542 1050 6
4049 2638 700 8
4050 1542 900 5
4050 1543 900 5
4050 4049 800 10
4051 4052 900 6
4051 1544 900 7
4052 4053 800 10
4052 1542 900 6
4052 4051 900 6
4053 4054 700 6
4053 1542 700 6
4053 4050 800 12
4054 2642 700 14
4054 4053 700 6
4055 1710 1000 6
4055 3396 1000 14
4055 2069 500 12
4056 4058 500 12
4056 2327 500 22
4057 1709 1200 15
4057 1710 900 7
4058 4655 1000 7
4058 1710 1000 8
4059 4063 800 8
4059 1719 800 26
4060 4064 1000 6
4060 1720 1000 5
4061 4062 1000 5
4061 2620 1000 5
4061 4059 500 10
4062 4599 1000 18
4062 4061 1000 5
4063 1720 800 6
4063 4060 500 10
4064 1721 1000 25
4064 4060 1000 6
4065 1646 800 6
4065 3830 800 15
4065 2618 800 16
4066 4067 1466 5
4066 4167 1100 9
4067 4068 1833 12
4067 4066 1100 5
4068 1646 1466 5
4068 4067 1100 12
4068 4065 800 14
4069 4070 1800 6
4069 1615 1100 6
4070 2618 1500 6
4070 4069 1100 6
4071 4076 800 6
4071 1071 800 45
4072 4076 800 6
4072 4075 800 12
4072 1075 800 6
4073 4079 1100 4
4073 1075 1466 4
4073 4072 800 10
4074 4077 800 6
4074 1075 800 6
4074 4073 800 12
4075 4078 1100 7
4075 1075 1466 4
4075 4074 800 10
4076 4071 800 6
4076 4072 1600 6
4077 3073 800 16
4077 4074 800 6
4078 2614 1100 22
4078 4075 1833 7
4079 4080 1100 4
4079 4073 1833 4
4080 3596 1100 83
4080 4079 1100 4
4081 4083 800 12
4081 4776 800 16
4081 1121 800 6
4082 4083 800 6
4082 4084 800 10
4082 1120 800 6
4083 4081 800 12
4083 4082 1600 6
4084 4086 1100 4
4084 4087 800 14
4084 1120 1466 4
4085 4086 1100 4
4085 3596 1100 86
4086 4084 1833 4
4086 4085 1100 4
4087 4088 800 8
4087 4089 800 12
4087 1120 1600 6
4088 2102 800 6
4088 4087 2000 8
4089 4090 1100 5
4089 1120 1466 4
4089 4082 800 12
4090 2328 1100 63
4090 4089 1833 5
4091 4092 800 10
4091 1614 800 6
4091 1616 800 49
4092 4095 1100 8
4092 1614 1100 5
4093 4094 1100 5
4093 1614 1100 5
4093 4091 800 10
4094 3101 1100 5
4094 4093 1466 5
4095 1613 1100 8
4095 4092 1100 8
4096 4100 1100 5
4096 2621 1100 19
4097 4098 1100 5
4097 1612 1100 5
4098 4099 800 10
4098 1611 1100 5
4098 4097 1100 5
4099 4100 800 10
4099 1610 400 44
4099 1611 400 6
4100 1611 1100 5
4100 4096 1100 5
4101 4105 800 10
4101 1609 800 6
4101 3861 800 10
4102 4103 1100 5
4102 1609 1100 5
4102 4101 800 10
4103 2621 1100 6
4103 4102 1100 5
4104 4105 2000 9
4104 3638 1000 6
4105 1609 2000 6
4105 4104 1000 9
4106 1582 1000 6
4106 2270 1000 9
4107 1581 1000 6
4107 1582 1000 8
4108 4113 1800 6
4108 1535 900 14
4109 1536 800 6
4109 3609 400 20
4110 4111 900 6
4110 1541 900 22
4111 4112 1800 6
4111 4110 900 6
4112 1536 900 6
4112 4111 900 6
4112 4109 800 10
4113 4114 800 10
4113 1536 900 6
4113 4108 900 6
4114 4115 1000 6
4114 1536 750 6
4115 1532 500 18
4115 4114 750 6
4116 4117 1800 5
4116 1537 900 5
4117 4118 1800 8
4117 4116 900 5
4118 1534 1800 5
4118 4117 900 8
4119 4120 1800 6
4119 3757 900 9
4120 1534 900 6
4120 4119 900 6
4120 4118 800 10
4121 4122 900 5
4121 4258 900 12
4122 4123 1800 5
4122 4121 900 5
4123 1534 1800 5
4123 4122 900 5
4124 4125 1400 6
4124 2293 700 16
4125 1534 1050 6
4125 4124 700 6
4125 4123 800 10
4126 4127 1800 11
4126 3968 1800 4
4127 4129 800 10
4127 2148 900 4
4127 4126 900 11
4128 4129 500 5
4128 2158 500 12
4129 4132 800 10
4129 2148 1000 5
4129 4128 1000 5
4130 4131 1100 4
4130 4132 1833 8
4131 2328 1100 36
4131 4130 1466 4
4132 2148 1833 4
4132 4130 1100 8
4133 4134 1800 12
4134 4138 800 12
4134 3514 900 4
4135 4136 1400 12
4136 3386 1400 20
4137 3514 900 6
4138 3876 400 8
4138 4135 800 12
4139 4142 900 6
4139 1798 900 7
4140 1798 700 10
4140 3624 700 33
4140 4139 800 28
4141 4144 1100 47
4141 1798 1100 4
4141 4140 800 21
4142 3113 900 27
4142 4139 900 6
4143 1795 1100 4
4143 3092 1100 4
4144 4145 800 21
4144 1795 1100 4
4144 4141 1100 47
4145 4146 1200 6
4145 3093 600 22
4146 1795 1200 6
4146 4145 600 6
4146 4143 800 14
4147 4148 1466 5
4148 4155 1100 7
4148 1650 1466 5
4149 1650 1200 8
4149 1715 600 30
4150 1650 800 12
4150 3483 400 81
4151 4152 1100 5
4151 1650 1466 5
4151 4150 800 12
4152 4153 1100 7
4152 4151 1833 5
4153 4166 1100 6
4153 4152 1466 7
4154 4147 1466 6
4155 3391 1100 44
4156 2640 1000 6
4156 3103 1000 9
4157 1581 1000 16
4157 2640 1000 6
4157 1008 1800 45
4158 4564 400 45
4158 1577 800 9
4159 1577 1000 5
4159 3103 1000 12
4160 1574 1000 18
4160 1577 1000 5
4161 4165 800 8
4162 4163 400 8
4162 2100 800 8
4163 4168 800 12
4163 2966 400 15
4164 4166 1100 5
4164 2100 1100 5
4165 4162 800 8
4165 4164 800 14
4166 4153 1100 6
4166 4164 1100 5
4166 556 1800 30
4167 4168 1100 10
4167 4066 1100 9
4168 2100 1100 5
4168 4167 1100 10
4169 4170 1600 6
4169 1835 800 19
4170 4171 800 10
4170 1834 800 6
4170 4169 800 6
4171 4174 1000 8
4171 4173 800 10
4171 1834 2000 5
4172 4176 1000 6
4172 1834 1000 4
4172 4170 800 10
4173 4175 800 6
4173 1834 800 6
4173 4172 800 10
4174 1843 1000 56
4174 4171 2000 8
4175 2241 800 18
4175 4173 1600 6
4176 3268 1000 64
4176 4172 2000 6
4177 1620 800 66
4177 1621 800 10
4178 4179 800 6
4178 1623 800 8
4179 1621 800 6
4179 4178 800 6
4180 1621 1125 5
4180 3108 750 53
4180 4179 800 10
4181 1618 800 8
4181 1621 800 6
4181 4180 800 10
4182 1436 900 9
4182 2668 900 13
4183 4184 800 10
4183 1436 900 5
4183 2667 900 10
4184 4185 600 6
4184 1436 1200 6
4185 2292 600 25
4185 4184 1200 6
4186 4269 1000 22
4186 1087 1000 6
4187 1087 1000 10
4188 1109 800 9
4188 1110 800 20
4189 1109 1000 6
4189 3067 1000 21
4190 4191 1000 8
4190 3315 1000 33
4191 4192 800 32
4191 1562 1000 4
4191 4190 1000 8
4192 1561 1400 10
4193 1562 900 6
4193 4191 800 20
4194 4195 900 6
4194 1563 900 9
4195 1562 1800 5
4195 4194 900 6
4196 4192 1400 9
4197 4198 1000 9
4197 4201 800 10
4197 1563 1000 4
4198 4281 1000 17
4198 4197 1000 9
4199 1563 700 5
4199 4197 800 12
4200 4199 1050 7
4201 2837 900 38
4202 1455 900 29
4202 1498 1800 13
4203 4252 900 12
4203 1498 900 12
4204 4205 1050 6
4204 2314 700 6
4205 4206 800 10
4205 1515 700 6
4205 4204 700 6
4206 1515 1100 5
4206 2629 1100 5
4207 4208 1100 5
4207 1515 1100 5
4207 4205 800 10
4208 4010 1100 69
4208 4207 1100 5
4209 1735 1100 13
4209 3784 900 7
4210 1741 900 6
4210 3784 1100 6
4211 4212 800 10
4211 1740 1100 6
4211 1741 1100 6
4212 1741 600 6
4212 1742 600 50
4212 4210 800 10
4213 4214 1800 5
4213 2025 900 6
4214 4217 1800 5
4214 4213 900 5
4215 4216 1050 8
4215 2023 700 6
4216 4219 800 12
4216 1756 1050 6
4216 4215 700 8
4217 1756 1500 5
4217 4214 900 5
4217 4216 800 12
4218 1756 800 7
4218 3623 800 7
4218 4217 800 10
4219 4220 900 8
4219 1756 1500 5
4220 1749 900 8
4220 4219 1500 8
4221 4222 900 6
4221 4223 800 10
4221 1547 800 6
4222 2649 900 9
4222 4221 800 6
4223 4228 400 6
4223 1547 800 6
4224 4225 900 6
4224 1547 800 6
4225 1549 900 6
4225 4224 800 6
4226 4227 700 6
4226 1547 700 6
4226 4224 800 10
4227 1545 700 12
4227 4226 700 6
4228 1548 400 13
4228 4223 800 6
4229 1606 800 9
4229 2087 800 12
4230 1604 800 6
4230 1606 800 8
4231 1647 800 11
4231 3403 800 13
4232 1647 800 6
4232 1826 400 52
4233 4234 900 5
4233 3035 900 60
4234 1828 1800 5
4234 4233 900 5
4235 4236 900 6
4235 2586 900 28
4236 1828 1800 6
4236 4235 900 6
4237 1828 1200 10
4237 2584 600 6
4238 4239 1100 9
4238 3087 1100 42
4239 1782 1800 5
4239 4238 1100 9
4240 4241 800 7
4240 1782 800 6
4240 4239 800 10
4241 2323 800 6
4241 4240 1600 7
4242 1782 1800 7
4242 2550 900 16
4243 1782 800 9
4243 2101 400 18
4244 4245 800 10
4244 1805 800 38
4244 1833 800 6
4245 4247 1000 8
4245 1833 2000 4
4246 1831 1000 105
4246 1833 1000 5
4246 4244 800 18
4247 3268 1000 36
4247 4245 2000 8
4248 1445 800 6
4248 2089 400 15
4249 1445 800 6
4249 1446 400 6
4250 1445 900 6
4250 2659 900 24
4251 1441 900 46
4251 1445 900 6
4252 1499 900 22
4252 4203 900 12
4252 417 1800 12
4253 1499 900 8
4253 1500 900 19
4254 4255 900 5
4254 1502 900 5
4255 1501 1800 5
4255 4254 900 5
4256 4257 1200 7
4256 1533 700 19
4257 1501 900 7
4257 4256 700 7
4258 1501 1800 5
4258 4121 900 12
4259 4260 700 6
4259 1501 900 6
4260 1497 700 25
4260 4259 1200 6
4260 415 1800 20
4261 4262 800 10
4261 1465 400 6
4261 2233 400 32
4262 4264 1000 4
4262 1465 2000 4
4263 4264 1000 8
4263 1468 1000 6
4264 4262 2000 4
4264 4263 1000 8
4265 1465 800 6
4265 1472 400 6
4266 4267 1000 4
4266 1465 2000 4
4267 3790 1000 4
4267 4266 1000 4
4268 1085 400 9
4268 1088 800 6
4269 4270 1000 5
4269 4186 1000 22
4270 4271 2000 5
4270 4269 1000 5
4271 4275 2000 5
4271 4270 1000 5
4272 4273 1000 6
4272 2499 1000 9
4273 1088 2000 12
4273 4272 1000 6
4274 4275 800 10
4274 1088 400 7
4274 2371 400 36
4275 1088 2000 5
4275 4271 1000 5
4276 4277 2000 8
4276 3604 1000 16
4277 4278 1666 5
4277 4276 1000 8
4278 1487 1500 4
4278 4277 1000 5
4279 4280 800 6
4279 2580 400 44
4280 1487 800 6
4280 4279 800 6
4281 4283 1666 8
4281 4198 1000 17
4282 4283 800 16
4282 1487 900 6
4282 3488 700 21
4283 1487 1666 4
4283 4281 1000 8
4283 4280 800 16
4284 4285 1800 5
4285 4286 800 10
4285 1560 1400 4
4285 2836 1400 42
4286 4287 800 10
4286 1560 700 6
4286 3489 700 30
4287 4349 1100 7
4287 1560 1466 4
4288 4290 800 6
4288 4289 800 10
4288 1488 800 6
4289 1488 600 6
4289 2678 600 88
4290 4015 800 75
4290 4288 1050 6
4291 1488 1200 6
4291 2507 600 16
4292 1488 1200 6
4292 1490 600 34
4293 1716 900 6
4293 2582 900 18
4294 1716 1200 8
4294 3426 600 21
4295 4299 1466 6
4295 2812 1100 13
4296 4297 1466 5
4296 4303 1100 8
4297 4300 800 10
4297 1373 1100 4
4297 4296 1100 5
4298 4302 800 6
4298 1373 700 6
4298 4297 800 10
4299 1373 1100 5
4299 4295 1100 6
4299 4298 800 10
4300 4301 800 6
4300 1373 700 6
4300 4299 800 10
4301 2811 800 22
4301 4300 700 6
4302 1375 800 24
4302 4298 700 6
4303 3401 1100 17
4303 4296 1100 8
4304 4305 1800 6
4304 1291 900 12
4305 4306 800 10
4305 1429 900 6
4305 4304 900 6
4306 4307 1200 6
4306 1429 800 6
4307 1431 1200 13
4307 4306 800 6
4308 4309 1200 6
4308 2676 1200 12
4309 1429 900 6
4309 4308 1200 6
4309 4305 800 10
4310 4311 900 10
4310 4312 400 6
4310 4313 400 8
4310 4314 900 6
4311 2668 900 7
4311 4310 1800 10
4312 1440 400 12
4312 4310 800 6
4313 2073 400 44
4313 4310 800 8
4314 1439 900 28
4314 4310 900 6
4315 4316 800 6
4315 1377 800 81
4316 4317 800 12
4316 1483 800 5
4316 4315 800 6
4317 4637 800 22
4317 1483 1600 5
4318 1481 800 36
4318 1483 1600 7
4319 1483 900 6
4319 2780 500 22
4320 4323 1200 6
4320 3605 600 8
4321 4322 1050 6
4321 1497 700 18
4322 4323 800 10
4322 1496 700 6
4322 4321 1200 6
4323 1496 1200 6
4323 4320 1200 6
4324 1496 1200 7
4324 1498 1200 16
4324 4322 800 10
4325 1527 700 7
4325 3863 700 9
4326 1527 700 9
4326 2653 700 9
4327 1519 800 6
4327 1522 800 6
4328 1519 700 7
4328 3778 700 7
4329 4330 800 9
4329 1772 800 9
4330 1771 800 5
4330 4329 800 9
4331 1771 1000 13
4331 2448 1000 9
4332 4336 800 10
4332 1784 900 6
4332 2304 600 54
4333 4337 1100 7
4333 3087 1100 38
4334 4336 1466 10
4334 3088 1100 9
4335 1784 1050 12
4335 1802 700 40
4336 1784 1466 5
4336 4334 1100 10
4337 1784 1100 5
4337 4333 1100 7
4337 4332 800 10
4338 4339 800 12
4338 3570 800 6
4338 3852 800 21
4339 4346 900 7
4340 3570 900 6
4340 4338 800 14
4341 4342 800 10
4341 2003 700 16
4341 3569 700 6
4342 4347 900 8
4343 3569 900 6
4343 4341 800 10
4344 4343 900 9
4345 4340 900 6
4346 1844 900 20
4347 3571 900 27
4348 3569 800 6
4348 3570 800 6
4349 4350 1100 9
4349 4287 1466 7
4350 1559 1100 23
4350 4349 1100 9
4351 1763 1666 8
4351 3786 1000 9
4351 3912 800 24
4352 4353 1800 7
4352 2025 900 15
4353 3913 1500 5
4353 4352 900 7
4354 2903 900 12
4355 4356 800 5
4355 4361 800 20
4356 4357 1800 4
4356 2015 800 4
4357 4358 900 12
4357 2901 900 15
4358 3173 800 140
4358 4355 800 14
4359 4362 800 9
4359 4363 900 7
4359 4360 800 32
4360 2015 800 8
4360 2146 800 32
4360 4356 800 16
4361 4362 800 10
4361 2015 1100 4
4361 2902 1100 17
4362 2015 800 6
4362 4359 900 9
4363 2905 900 7
4363 4359 800 7
4364 2906 1400 5
4365 2900 900 16
4366 2901 1600 54
4366 4365 900 6
4367 4368 900 18
4368 4369 800 10
4368 2905 900 4
4369 4718 600 28
4369 2905 1200 4
4370 4375 900 5
4370 4372 800 28
4370 4376 900 7
4371 4375 800 12
4371 1952 1200 4
4371 3752 600 24
4372 4373 800 20
4372 1952 900 9
4372 2883 900 42
4373 4374 800 5
4373 1952 800 5
4374 4771 800 15
4374 4373 800 5
4375 1952 900 5
4375 4370 900 5
4376 4378 900 15
4376 4370 900 7
4377 1975 900 10
4377 2841 900 4
4378 2841 900 5
4378 4376 900 15
4378 1945 800 18
4379 2889 900 16
4380 4382 800 12
4380 2787 800 6
4380 2970 800 45
4381 2787 800 8
4382 3453 800 44
4383 1975 1100 4
4383 2787 1100 5
4383 4380 800 12
4384 4387 900 7
4384 2881 900 38
4385 4386 900 12
4386 4384 900 9
4387 4389 800 24
4387 2880 900 4
4387 4384 1800 7
4388 2740 1000 8
4388 2880 1000 6
4388 4387 800 18
4389 4390 1000 8
4389 2880 2000 10
4390 3456 1000 9
4390 4389 1000 8
4391 4393 800 12
4391 1323 900 5
4392 4394 800 10
4392 1323 600 4
4392 2443 600 105
4393 1323 800 4
4393 2129 800 71
4393 4392 800 14
4394 1322 1100 34
4395 2872 1400 18
4396 4397 900 6
4396 1338 1000 10
4396 2909 1000 6
4397 2875 800 9
4398 2908 1000 6
4398 2909 1000 6
4399 1339 1200 6
4399 1341 600 14
4400 1339 800 8
4400 2863 800 8
4401 1338 400 46
4401 1339 800 10
4402 2908 800 32
4403 4404 600 6
4403 2863 1200 6
4403 4402 600 8
4404 1329 600 29
4404 4403 1200 6
4405 4413 600 4
4405 3560 900 27
4406 4410 1200 6
4406 1353 600 32
4407 4409 1600 15
4408 4415 1600 6
4408 4426 1600 8
4409 4408 1600 5
4410 4414 1200 6
4410 4406 600 6
4411 4414 800 6
4411 4412 600 13
4411 1350 800 22
4412 4414 1200 4
4412 4417 1200 5
4413 4415 600 27
4413 4412 600 9
4414 4415 800 6
4414 4410 600 6
4414 4411 800 6
4414 4412 1200 4
4415 4414 1600 6
4415 4410 800 10
4415 4408 1600 6
4416 4552 600 68
4416 4405 600 8
4417 4416 600 14
4417 4405 600 6
4418 4419 900 30
4418 3561 1700 22
4419 4420 800 18
4419 3695 900 12
4420 4422 1200 6
4420 3695 1200 5
4421 4423 1200 37
4421 3695 1200 9
4422 3377 600 14
4422 4420 1200 6
4422 914 1800 52
4423 4427 900 9
4423 4421 600 37
4424 4429 1800 9
4425 4426 1600 6
4425 4427 600 6
4425 4428 900 8
4425 4424 1800 4
4426 4427 800 13
4426 4408 1600 8
4426 4425 1600 6
4427 4428 800 20
4427 4423 1200 9
4427 4425 900 6
4428 2731 900 10
4428 4425 900 8
4428 4424 800 12
4429 2843 900 15
4430 1900 800 4
4430 3546 800 6
4431 4434 800 21
4431 1897 800 6
4432 4433 800 10
4432 1832 1200 6
4432 3160 600 49
4433 4434 800 6
4433 4435 800 10
4433 1832 800 5
4434 4431 800 21
4434 4433 1600 6
4435 4436 800 13
4435 1832 800 10
4435 2527 800 24
4436 4440 800 55
4436 1832 800 6
4436 4432 800 13
4437 4438 800 13
4437 3159 1200 7
4437 3319 600 20
4438 4440 800 9
4438 3159 800 3
4439 2208 800 10
4439 3159 800 10
4440 4436 800 55
4440 4438 800 9
4441 1848 900 13
4442 1847 900 9
4443 1845 800 6
4443 3742 800 37
4444 1130 1100 23
4445 4462 1400 7
4445 4461 800 25
4445 3895 900 30
4446 4449 800 6
4446 1997 800 9
4446 3038 400 56
4446 3895 900 14
4447 4448 1200 5
4447 4450 800 25
4447 3271 600 36
4448 1852 1200 5
4448 4447 600 5
4449 4451 800 8
4449 4446 800 6
4450 4451 800 8
4450 4455 800 6
4450 1852 800 5
4451 1852 800 6
4451 4449 800 8
4452 4453 800 12
4453 4454 800 13
4453 3896 1200 6
4454 4458 700 20
4454 3896 800 5
4455 3896 700 6
4455 4450 800 6
4456 4457 1200 9
4456 3492 600 31
4457 4458 800 10
4457 3500 900 6
4457 4456 1200 9
4458 4459 800 10
4458 3500 700 5
4458 4454 800 20
4459 4460 800 6
4459 3500 800 6
4460 3705 800 18
4460 4459 800 6
4461 3218 900 6
4461 3492 900 3
4461 1127 800 22
4462 3218 1400 4
4462 4445 900 6
4463 3857 900 24
4464 1127 1466 6
4464 2596 1100 20
4465 4466 1000 6
4465 3565 1000 77
4466 2948 1000 4
4466 4465 1000 6
4467 4468 800 18
4467 2729 1000 53
4467 2948 1000 4
4468 2205 700 34
4468 2948 700 7
4468 4466 800 14
4469 4470 1100 4
4469 3496 1100 32
4470 1970 1466 8
4470 4469 1100 4
4471 4472 1800 5
4471 3964 900 42
4472 4473 800 10
4472 1970 900 4
4472 4471 900 5
4473 1970 600 6
4473 2202 600 30
4474 1326 900 7
4474 1327 1200 13
4475 1325 900 30
4475 1326 1800 6
4476 1326 900 6
4476 1328 900 29
4477 1326 1200 6
4477 2512 1200 14
4478 1327 900 8
4478 2868 900 21
4479 1327 800 8
4479 2116 400 39
4480 1327 800 8
4480 3601 400 42
4481 4482 1400 10
4481 3179 1400 13
4482 2805 1750 6
4482 4481 1400 10
4483 4484 800 12
4483 1942 1400 7
4483 2804 700 13
4484 4486 1800 6
4484 4485 800 14
4484 1942 1800 4
4485 1942 800 6
4485 2168 800 12
4485 2805 800 18
4486 1953 900 18
4486 4484 1500 6
4487 1961 800 6
4487 2183 400 26
4488 1961 700 5
4488 2111 700 16
4489 4492 1200 8
4489 2130 600 8
4490 1328 1100 9
4490 2130 1100 9
4490 4489 800 22
4491 2130 1100 8
4491 3410 1100 10
4492 2129 1200 8
4492 4489 600 8
4493 3497 1800 52
4494 4495 1800 62
4495 1937 1800 12
4496 2918 1800 79
4497 4498 1800 52
4498 2899 1800 22
4499 3799 1800 124
4500 2897 1800 112
4501 3452 600 132
4501 3752 600 12
4502 2889 1800 30
4503 4504 1800 10
4504 1368 1800 26
4505 2840 1800 60
4506 2833 1800 10
4506 4391 900 34
4507 3824 1800 22
4508 4509 1800 11
4509 4510 1800 17
4510 4555 1800 14
4511 3648 1700 6
4512 4513 1800 10
4513 1356 1800 65
4514 2843 1800 9
4515 2835 1800 73
4516 1899 1800 70
4517 4729 1800 100
4518 3644 1800 96
4519 3902 1800 77
4520 4521 700 9
4520 4522 700 10
4520 3021 600 28
4521 2306 700 30
4521 4520 700 9
4522 1799 700 42
4522 4520 700 10
4522 665 1800 90
4523 4526 1400 9
4523 3237 1400 43
4523 412 1800 235
4524 4525 800 42
4524 1376 1400 15
4524 3401 1400 63
4525 4526 800 16
4525 1376 800 5
4525 3236 800 10
4526 1376 1400 4
4526 4523 1400 9
4527 3179 1400 7
4527 3548 1400 5
4528 3237 1400 107
4528 3548 1400 8
4529 1435 900 14
4529 2685 900 14
4530 4612 400 56
4530 1435 400 5
4531 1493 500 6
4531 2664 500 24
4532 1460 400 16
4532 1493 400 6
4533 1493 600 5
4533 2029 600 13
4533 4531 800 12
4534 1448 400 50
4534 1450 400 5
4535 1450 400 5
4535 1458 400 52
4536 4621 600 21
4536 1459 600 5
4537 1452 600 42
4537 1459 600 5
4538 1708 600 10
4538 1709 600 10
4539 1709 600 4
4539 2336 600 13
4540 1743 400 13
4540 1745 400 15
4540 683 1800 20
4541 1572 900 9
4541 2648 900 7
4542 1553 500 6
4542 2656 500 18
4543 1553 900 6
4543 1554 900 18
4543 4542 800 18
4544 1553 900 7
4544 2654 900 18
4545 564 1800 62
4545 2238 700 14
4546 4547 800 14
4546 1789 600 5
4546 3018 600 29
4547 1789 600 5
4547 3019 600 20
4548 4549 800 14
4548 1320 700 5
4548 3006 700 26
4549 4551 800 14
4549 1320 600 4
4549 2832 600 18
4550 4552 600 4
4550 1320 600 3
4550 4548 800 16
4551 4553 600 5
4551 1320 600 5
4551 4550 800 14
4552 4416 600 68
4552 4550 600 4
4553 4558 600 6
4553 4551 600 5
4554 4558 900 4
4554 3170 600 9
4555 4556 900 22
4555 3823 1700 17
4556 4554 900 6
4557 4558 600 15
4557 3377 600 28
4558 2926 600 61
4558 4553 600 6
4558 4554 600 4
4558 4557 600 15
4559 1750 400 18
4559 1752 400 15
4559 690 1800 17
4560 1618 800 4
4560 2087 800 30
4561 1607 800 4
4561 2506 800 19
4562 1607 500 5
4562 3617 500 25
4562 4561 800 12
4563 4564 400 6
4563 4565 400 6
4563 1575 400 7
4564 4565 800 12
4564 4158 400 45
4564 4563 400 6
4565 1583 400 40
4565 4563 400 6
4566 1573 400 31
4566 1575 400 15
4566 999 1800 47
4567 1573 400 18
4567 2432 400 39
4567 429 1800 15
4568 1619 800 4
4568 1620 800 20
4569 4627 800 6
4569 1522 800 6
4570 4571 800 6
4570 4572 800 16
4570 4574 800 5
4571 4572 700 5
4571 1517 800 4
4571 4570 800 6
4572 1516 700 22
4572 4571 700 5
4572 1517 800 12
4573 1513 400 6
4573 1514 400 40
4573 4008 800 14
4574 1513 800 6
4574 4570 800 5
4574 4573 800 12
4575 4009 800 8
4576 1532 400 18
4576 1539 400 17
4576 461 1800 22
4577 1503 500 5
4577 1506 500 25
4577 1016 1800 15
4578 1503 1000 6
4578 1505 1000 4
4578 4577 800 14
4579 4581 800 16
4579 1557 800 4
4579 3612 800 7
4580 1557 800 3
4580 1558 800 4
4581 1557 400 6
4581 3755 400 18
4581 4580 800 12
4582 4614 400 33
4582 1451 400 6
4583 1451 600 5
4583 1452 600 13
4584 1451 600 7
4584 2674 600 9
4585 1627 900 4
4585 1629 900 63
4586 1627 400 6
4586 1630 400 19
4587 1627 900 4
4587 3424 900 24
4588 4592 600 17
4588 4683 600 13
4589 4591 900 8
4589 1682 900 37
4589 4588 600 10
4590 4591 1000 9
4590 1693 1000 16
4590 487 1800 20
4591 4592 600 6
4591 4589 900 8
4591 4590 1000 9
4592 4593 600 8
4592 4591 600 6
4593 4685 600 10
4593 4592 600 8
4594 1703 400 14
4594 1704 400 12
4594 488 1800 30
4595 4685 600 13
4595 1704 600 5
4596 1702 600 22
4596 1704 600 5
4597 1722 600 8
4597 2345 600 12
4598 4600 1000 4
4598 4601 600 5
4598 4602 1100 4
4599 4600 1000 6
4599 4062 1000 18
4600 4601 800 9
4600 4598 1000 4
4600 4599 1000 6
4601 4602 800 16
4601 2619 600 16
4601 4598 600 5
4602 1733 1100 22
4602 4598 1100 4
4603 4604 1100 8
4603 1735 1100 20
4603 511 1800 40
4604 1733 1100 7
4604 4603 1100 8
4605 1733 500 12
4605 1734 500 12
4605 514 1800 20
4606 1749 400 18
4606 1750 400 6
4607 1750 600 5
4607 1755 600 9
4607 4606 800 12
4608 4611 400 25
4608 1430 400 12
4608 323 1800 10
4609 4610 400 28
4609 1430 600 3
4609 2675 600 6
4610 1291 400 76
4610 4609 400 28
4611 4612 400 8
4611 4608 400 25
4612 4613 400 5
4612 4530 400 56
4612 4611 400 8
4613 4616 400 32
4613 2277 400 20
4613 4612 400 5
4614 1449 400 6
4614 4582 400 33
4615 1449 400 6
4615 2282 400 12
4616 1449 400 5
4616 4613 400 32
4617 1448 400 13
4617 1449 400 5
4618 4619 400 5
4618 4620 600 4
4618 4621 600 4
4619 4621 800 16
4619 1469 400 21
4619 4618 400 5
4620 1489 600 25
4620 4618 600 4
4620 4619 800 12
4621 4536 600 21
4621 4618 600 4
4622 1469 400 8
4622 2679 400 58
4622 333 1800 65
4623 1556 400 13
4623 1565 400 31
4623 421 1800 27
4624 1558 400 55
4624 1565 400 12
4624 965 1800 37
4625 1604 800 4
4625 1605 800 13
4626 1526 800 4
4626 3653 800 4
4627 1526 800 4
4627 4569 800 6
4628 4629 800 20
4628 1636 800 7
4628 1644 800 49
4629 4630 800 14
4629 1636 400 6
4629 2097 400 22
4630 1623 800 32
4630 1636 800 4
4631 1636 400 13
4631 2911 400 28
4632 2029 400 16
4632 2028 400 10
4633 2028 400 12
4633 2510 400 17
4633 338 1800 17
4634 1554 400 51
4634 2258 400 13
4634 418 1800 45
4635 1470 1000 5
4635 1471 1000 23
4636 1476 800 8
4636 1485 800 85
4637 1476 800 6
4637 4317 800 22
4638 1476 400 12
4638 2096 400 30
4639 1466 1000 4
4639 2684 1000 17
4640 4642 400 30
4640 960 1800 42
4641 1567 800 8
4641 1568 800 4
4642 1567 400 16
4642 4640 400 30
4643 1567 400 12
4643 2646 400 21
4644 1660 800 4
4644 3621 800 12
4644 2775 800 18
4645 1660 1000 6
4645 1661 1000 12
4645 4644 800 16
4646 2775 1000 10
4646 4041 1000 28
4647 4693 800 13
4647 1631 800 5
4647 268 1800 75
4648 1631 800 8
4648 2747 800 16
4649 4653 400 37
4649 1823 400 15
4649 236 1800 22
4650 4651 900 6
4650 4043 900 32
4651 4652 900 8
4651 4653 400 6
4651 4650 900 6
4652 3035 900 20
4652 4651 900 8
4653 4649 400 37
4653 4651 400 6
4654 1697 1000 6
4654 1698 1000 6
4655 1698 1000 9
4655 4058 1000 7
4656 1696 400 24
4656 1698 400 5
4657 1699 600 4
4657 1700 600 10
4658 1706 400 9
4658 2347 400 12
4658 489 1800 12
4659 1728 400 19
4659 3394 400 62
4659 494 1800 15
4660 1729 400 12
4660 2351 400 12
4660 500 1800 12
4661 1717 400 36
4661 2310 400 22
4661 527 1800 70
4662 1717 400 20
4662 526 1800 55
4663 1785 700 4
4663 1786 700 4
4664 1786 400 4
4664 3017 400 21
4665 1786 700 5
4665 3022 700 19
4666 1777 800 6
4666 3086 800 31
4667 1807 800 5
4667 1809 800 45
4668 1807 600 8
4668 1810 600 14
4669 1807 800 6
4669 3081 800 10
4670 1807 600 10
4670 2962 600 29
4671 1077 600 13
4671 1080 600 4
4672 1080 800 6
4672 3074 800 21
4673 1080 800 6
4673 1081 800 4
4674 1093 400 18
4674 2502 400 18
4674 709 1800 17
4675 4676 700 17
4675 3183 700 21
4676 1680 700 6
4676 4675 700 17
4677 4678 700 8
4677 1679 700 13
4678 1680 700 8
4678 4677 700 8
4678 1681 800 10
4679 1681 400 13
4679 1685 400 39
4679 473 1800 12
4680 4681 600 10
4680 1689 600 13
4680 474 1800 12
4681 1679 600 41
4681 4680 600 10
4682 1688 600 12
4682 2341 600 10
4682 472 1800 15
4683 1691 600 13
4683 4588 600 13
4683 1035 1800 17
4684 1692 400 5
4684 2495 400 16
4685 1692 600 19
4685 4593 600 10
4685 4595 600 13
4686 4688 800 18
4686 1683 600 10
4686 2316 600 9
4687 2316 1100 7
4687 2630 1100 8
4687 4686 800 22
4688 1682 900 56
4688 2316 900 5
4689 1628 1000 6
4689 2778 1000 25
4690 3315 1000 33
4690 3620 1000 16
4690 2485 400 93
4691 1628 1100 12
4691 2484 1000 10
4692 2484 400 7
4692 2485 400 66
4693 1624 800 7
4693 4647 800 13
4694 1624 800 5
4694 3107 800 19
4695 4698 800 26
4695 1126 1100 8
4695 2596 1100 61
4696 1126 1100 4
4696 3966 1100 10
4697 4698 600 4
4697 1125 600 36
4697 2523 400 49
4697 3635 400 46
4698 1126 600 6
4698 4697 600 4
4698 4696 800 14
4699 4701 800 16
4699 3411 600 43
4699 3967 600 6
4700 4703 1100 6
4700 3967 1100 3
4700 4699 800 16
4701 4702 800 16
4701 3966 1100 13
4701 3967 1100 3
4702 2159 500 5
4702 3967 500 4
4702 4700 800 14
4703 3921 1100 8
4703 4700 1100 6
4704 2941 800 14
4704 3662 800 28
4704 961 100 45
4705 1984 600 9
4705 2733 600 60
4705 203 1800 20
4706 1596 500 5
4706 1599 500 21
4707 1595 500 34
4707 1596 500 5
4708 1598 800 5
4708 1622 800 26
4709 1478 800 13
4709 1479 800 29
4710 1291 900 18
4710 1427 900 10
4710 964 1800 52
4711 1427 1100 9
4711 2682 1100 39
4712 1409 700 5
4712 2692 700 12
4713 4715 700 10
4713 4716 400 32
4713 3719 600 22
4713 3557 700 21
4714 4715 700 9
4714 2891 700 12
4715 4713 700 10
4715 4714 700 9
4716 3888 400 28
4716 4713 400 32
4717 4719 600 14
4717 2891 600 6
4718 2891 600 8
4718 4369 600 28
4719 2892 600 8
4719 4717 600 14
4720 4724 1000 4
4720 1983 1000 77
4721 4723 1000 5
4721 4725 800 24
4721 2731 1000 24
4722 4723 800 12
4722 1371 400 5
4722 2730 400 34
4723 1371 1000 4
4723 4721 1000 5
4724 1371 1000 3
4724 4720 1000 4
4724 4722 800 12
4725 1371 600 4
4725 3477 600 21
4725 4724 800 12
4726 4761 900 4
4726 4762 900 9
4727 3407 600 43
4727 4726 600 10
4728 4732 900 4
4728 4760 600 10
4729 4730 900 14
4729 3827 1800 36
4730 4728 900 24
4731 1902 600 5
4731 4728 600 12
4732 4733 800 32
4732 4731 600 6
4733 4734 800 26
4733 1902 800 8
4733 3563 800 61
4734 4761 900 3
4734 1902 900 4
4735 1421 600 7
4735 2687 600 7
4735 386 1800 30
4736 4737 600 5
4736 4738 600 5
4736 2285 600 25
4737 4738 1800 12
4737 1417 600 34
4737 4736 600 5
4738 2688 600 6
4738 4736 600 5
4739 1670 900 9
4739 3945 900 19
4740 4743 800 16
4740 3393 400 186
4740 3963 400 6
4741 3963 900 10
4741 4044 900 12
4742 4743 900 4
4742 3964 900 32
4743 3963 900 3
4743 4742 900 4
4744 4745 800 10
4744 1718 800 12
4745 1719 800 10
4745 4744 800 10
4746 4747 750 8
4746 4748 400 10
4746 4749 750 4
4747 4748 800 10
4747 2623 750 25
4747 4746 750 8
4748 2319 400 78
4748 4746 400 10
4749 1717 750 19
4749 4746 750 4
4750 1648 800 14
4750 3640 800 5
4751 1649 800 8
4751 2069 800 32
4751 542 1800 40
4752 4753 900 9
4752 4754 800 28
4753 4754 800 6
4753 4755 900 4
4753 4756 800 10
4754 4755 800 12
4754 1919 800 10
4754 4753 800 6
4755 4757 900 5
4756 1902 800 6
4756 4753 800 10
4757 1896 900 38
4758 1919 800 9
4758 2018 800 11
4759 1919 800 8
4759 2199 800 41
4760 3158 600 25
4760 4728 600 10
4761 4726 900 4
4761 4734 900 3
4761 4727 800 15
4762 1935 900 14
4763 2922 600 38
4763 2924 600 30
4763 138 1800 110
4764 4767 900 5
4764 3834 900 14
4765 4766 600 24
4765 1312 900 9
4765 3828 900 26
4766 4767 600 16
4766 1312 600 6
4766 2770 600 19
4767 1312 900 5
4767 4764 900 5
4768 4769 800 13
4768 2563 800 9
4768 25 1800 87
4769 3165 800 58
4769 4768 800 13
4770 2443 600 171
4770 2563 600 5
4771 2563 800 8
4771 4374 800 15
4772 4773 1800 24
4772 1830 400 8
4772 3568 400 66
4773 1830 800 4
4773 3040 800 16
4773 4772 1800 30
4774 1830 800 11
4774 3567 800 16
4775 4792 800 16
4775 1121 800 6
4775 3216 800 5
4776 1121 600 4
4776 3217 600 8
4777 3129 800 7
4777 3362 800 7
4778 2497 400 37
4778 3129 400 5
4779 2942 800 24
4779 3356 800 25
4779 976 1800 35
4780 3367 400 19
4780 3737 400 51
4780 961 100 45
4781 4782 800 10
4781 3677 700 37
4781 1140 700 6
4782 4784 1000 5
4782 1140 1000 4
4783 1140 400 7
4783 1990 400 27
4784 2374 1000 12
4784 4782 1000 5
4785 4786 600 22
4785 634 1800 17
4786 4791 800 12
4786 1132 600 10
4786 4785 600 22
4787 4788 1100 5
4787 3558 1100 6
4787 4786 800 24
4788 1132 1100 5
4788 4787 1100 5
4789 1132 800 9
4789 2602 800 43
4789 4788 800 18
4790 4791 1000 5
4790 3220 1000 5
4790 4789 800 30
4791 1132 1000 5
4791 4790 1000 5
4792 4793 800 18
4792 1121 800 8
4792 4081 800 14
4793 4792 800 18
4793 1029 1800 17
4794 1098 1100 9
4794 3072 1100 9
4794 721 1800 50
4795 1764 1000 8
4795 2357 1000 11
4796 1079 800 4
4796 2329 800 25
4797 2022 400 48
4797 3075 600 22
4797 1074 800 45
4798 2281 900 10
4798 2433 900 10
4798 428 1800 55
4798 999 1800 32
4799 4800 900 10
4799 1572 900 14
4799 974 1800 35
4800 4801 300 6
4800 4802 900 6
4800 4799 900 10
4801 4802 800 18
4801 1587 300 19
4801 4800 300 6
4802 3385 900 16
4802 4800 900 6
4803 1456 900 8
4803 2659 900 14
4804 1455 900 16
4804 1456 900 9
4805 1494 600 12
4805 3605 600 12
4805 414 1800 57
4806 1432 400 6
4806 1433 400 46
