50000
1 144504 144506
0 144504 144506
1 245049 245646
1 160605 162030
1 857932 864488
1 1039089 1039090
1 268078 268079
1 846179 846252
1 261643 261645
1 583319 594731
1 247179 247180
1 417168 417170
1 571742 571748
1 1063132 1063133
0 1063132 1063133
1 451682 451683
0 268078 268079
0 160605 162030
1 507349 507580
0 1039089 1039090
1 18209 18227
0 417168 417170
0 261643 261645
0 571742 571748
1 1018305 1018307
0 846179 846252
1 985159 985182
1 110319 110322
0 1018305 1018307
1 497694 497695
1 820103 824808
0 507349 507580
1 607981 607985
1 297045 297062
0 985159 985182
0 857932 864488
1 394492 395282
0 607981 607985
0 583319 594731
1 894403 894407
1 765142 765147
1 862451 862496
1 612999 613000
1 75872 75873
1 932507 932866
0 612999 613000
1 1068612 1069039
1 54465 54466
1 441807 441809
1 717135 717676
1 541594 541618
1 645671 645744
1 549 8391
1 240351 240354
1 758487 758489
1 1018544 1018547
1 37061 37068
1 952126 956229
1 445342 445447
1 374651 375513
0 1018544 1018547
0 445342 445447
1 640548 640568
1 431203 431207
1 530417 530418
1 1031072 1050620
1 255159 707651
1 370506 370507
1 110688 110795
1 771894 771898
1 872443 872445
0 717135 717676
0 18209 18227
0 932507 932866
1 83685 83762
0 297045 297062
0 431203 431207
1 48738 48739
1 155027 155030
1 647183 647184
1 444611 447958
1 688013 688014
1 138230 138261
1 983074 983111
0 645671 645744
1 1045928 1051310
1 461770 461782
0 894403 894407
0 530417 530418
0 240351 240354
1 691103 691104
1 663602 664977
1 1009760 1009762
0 663602 664977
1 842385 842386
1 446788 446964
1 407112 407115
0 83685 83762
1 5385 5399
1 740888 740892
0 1045928 1051310
1 869434 876775
1 580331 580335
1 620160 620991
1 725627 725629
0 255159 707651
1 323581 337264
1 598598 598600
0 765142 765147
1 567397 567398
1 745125 745126
1 125762 125763
0 54465 54466
1 799201 799209
0 1009760 1009762
1 262852 262855
1 699900 699901
1 529048 529364
1 1076462 1076519
1 345802 345803
1 46537 46543
0 799201 799209
0 1068612 1069039
1 323831 324902
0 497694 497695
0 745125 745126
1 506345 506352
0 598598 598600
0 567397 567398
1 237284 237286
1 515204 515216
1 375246 375248
1 348629 349494
1 103506 103574
1 209767 209775
1 713746 713747
1 973000 973003
0 820103 824808
1 582951 583136
1 697234 697235
0 515204 515216
1 496150 496161
0 461770 461782
1 456408 456420
1 68231 71751
1 908932 911945
0 869434 876775
0 872443 872445
1 368274 368424
1 268165 268221
1 111396 111401
1 788577 789198
1 607711 608661
1 181557 181561
0 973000 973003
1 350978 351219
1 257196 258109
1 534830 534832
1 417840 417898
1 900562 900564
0 580331 580335
1 554343 555294
1 881178 881179
0 688013 688014
1 288902 288903
1 731097 731098
0 441807 441809
1 175212 175214
1 883732 883733
1 378402 378405
1 119043 119045
1 865356 865686
1 998056 998132
1 476477 476478
0 620160 620991
1 911557 911559
1 939683 939684
1 403937 403956
1 770193 770196
1 145402 145403
1 46862 47017
1 1067880 1067883
1 907612 907613
1 851224 851225
1 245108 254456
1 464096 464598
0 881178 881179
1 644105 644110
1 52622 52633
1 244937 244947
1 753754 753755
0 75872 75873
1 404851 404877
1 287368 287369
1 1077543 1077806
1 110658 110659
0 175212 175214
1 698413 698415
1 557055 557056
0 119043 119045
1 730987 730988
1 533974 535537
1 41024 41025
1 379953 380544
0 788577 789198
1 106583 106586
1 1079654 1081049
1 743842 744402
1 672149 678354
0 1067880 1067883
0 549 8391
1 607510 607787
1 32837 33529
1 916901 916902
1 163066 163067
1 843407 843414
1 495086 495087
0 456408 456420
0 52622 52633
1 596643 596644
1 538420 538547
1 244582 244753
1 532526 532527
1 664246 664247
1 188422 188425
1 106939 106946
1 206512 206524
1 726083 726084
1 992607 992621
1 275258 275259
1 669777 669778
1 743033 743166
1 300630 301261
1 841813 841814
1 834970 834972
0 245108 254456
1 785037 785038
1 1027589 1028722
0 1031072 1050620
1 656163 656229
1 871921 871923
1 14023 14024
0 983074 983111
1 329272 329273
1 763589 763752
1 845251 854593
1 747792 749052
1 655934 656234
0 763589 763752
0 5385 5399
1 597654 597655
0 111396 111401
0 245049 245646
1 550194 550212
1 821280 821683
1 533 4960
1 402043 402141
0 871921 871923
0 68231 71751
1 118753 118755
0 446788 446964
1 459417 466286
1 161431 161435
1 912143 912148
1 94848 108950
0 118753 118755
1 772960 772967
0 138230 138261
1 793566 793934
1 839389 839417
0 237284 237286
1 733662 733663
1 974171 974172
0 46862 47017
0 647183 647184
1 257009 257010
1 952092 952385
1 714200 714202
1 897730 900683
1 110750 110751
1 303514 303518
1 415296 415297
1 1065192 1065210
1 829777 829786
1 1090740 1090741
1 69768 76064
0 582951 583136
0 394492 395282
1 768677 768682
1 505542 505543
0 554343 555294
1 575205 575206
1 646442 646443
1 62125 62140
0 110658 110659
1 1030416 1030458
1 807427 807428
1 934922 936746
1 699658 699659
1 1005571 1005687
1 832725 832726
1 375108 375117
0 672149 678354
1 220285 220296
1 762063 762064
1 750684 750828
0 62125 62140
0 532526 532527
1 910270 910271
1 833328 833337
1 765911 765913
1 128175 155567
0 41024 41025
1 1011033 1011034
1 1062023 1062025
0 404851 404877
1 637113 637129
0 952092 952385
1 1075220 1075233
1 127641 128506
1 980490 980491
1 969219 969430
1 991552 997997
1 863131 863149
0 646442 646443
0 644105 644110
1 684077 684150
1 187104 187115
1 81990 91396
0 839389 839417
1 276952 276953
1 847115 847144
1 201317 201320
1 937595 937596
0 916901 916902
0 379953 380544
1 1043499 1043500
0 495086 495087
0 262852 262855
1 367149 367164
1 131642 145705
0 655934 656234
1 137137 137150
1 1003814 1003909
1 973075 973080
1 668772 670932
0 762063 762064
1 766231 766235
1 564527 564528
0 758487 758489
0 345802 345803
1 692988 692990
0 691103 691104
1 1059822 1074529
1 915804 915806
1 39798 39804
1 440389 440390
1 63228 74981
1 691491 691494
1 734818 735523
1 918328 918738
1 723529 729069
1 942575 942832
0 378402 378405
1 121832 121840
1 579597 579602
1 1087739 1087740
0 541594 541618
1 709464 709465
1 466990 470437
1 589622 589623
1 293232 293240
1 172926 173085
1 291067 291129
0 350978 351219
1 589524 593502
1 180961 181455
1 241751 241844
1 885657 886942
1 589684 589687
1 871822 871823
1 888235 888236
0 505542 505543
1 160176 160399
1 650287 650290
0 862451 862496
1 929900 929967
1 396801 396802
1 810702 810733
1 831596 831638
1 117552 117825
1 541774 541776
1 321845 321850
1 658671 658777
0 992607 992621
0 897730 900683
1 209068 209070
0 538420 538547
1 642282 642417
0 268165 268221
1 434696 442069
0 785037 785038
0 131642 145705
1 1035830 1036697
1 254278 254283
1 388209 388210
1 367767 370893
0 726083 726084
1 807411 810182
1 902818 902819
1 863858 863864
1 551223 551224
1 327989 327991
1 798057 798615
1 622696 622697
0 94848 108950
1 8409 8411
1 531438 544149
1 145259 145271
0 908932 911945
1 733467 733470
0 733467 733470
1 474467 478565
0 106939 106946
0 810702 810733
0 834970 834972
1 973094 973102
1 1072125 1072136
0 885657 886942
0 1005571 1005687
1 1032932 1032934
0 650287 650290
1 507998 508195
1 684728 684731
0 1062023 1062025
1 8005 8031
1 582370 582379
1 397328 397330
1 87052 87707
0 1076462 1076519
1 961237 961238
1 837838 837839
1 397287 397570
1 97862 97865
1 195676 197003
1 917326 917381
1 505874 506440
1 580308 602537
1 578389 578390
1 356631 365931
1 441360 441424
1 79084 79715
1 611013 615326
1 103811 103812
1 303765 303766
0 257196 258109
1 960329 960345
1 252670 252945
1 409771 409773
0 709464 709465
0 32837 33529
1 964057 964177
1 1069024 1069196
0 831596 831638
1 1064447 1064451
1 468530 468531
1 357630 357631
1 136873 136915
0 367149 367164
1 165060 165110
0 474467 478565
1 142940 142942
1 1060510 1090772
1 338586 338631
0 847115 847144
0 768677 768682
1 995608 995616
1 246762 246763
0 578389 578390
0 303765 303766
1 61716 61796
1 144258 144264
1 1022514 1022515
0 793566 793934
0 534830 534832
0 961237 961238
1 1079624 1079626
1 312230 321633
0 952126 956229
1 757716 757717
0 533 4960
1 1064807 1064809
1 299135 299138
1 909828 909829
1 475664 476349
0 743033 743166
0 367767 370893
1 687187 687194
1 979743 979744
1 568001 568002
0 121832 121840
1 620987 621356
0 1011033 1011034
1 9645 9647
0 770193 770196
1 120366 124470
1 481350 481353
1 140592 140596
0 841813 841814
1 1089309 1089311
1 117662 122476
1 84251 84989
0 444611 447958
1 796813 796814
1 943053 943986
0 699658 699659
0 973075 973080
1 453565 453578
1 665448 676665
0 246762 246763
1 147171 147172
1 147466 147467
0 697234 697235
1 566631 566641
1 677275 677276
1 236992 236993
0 765911 765913
1 48352 48353
1 133120 133121
1 426870 427026
1 711969 711970
1 124302 124305
1 752495 752504
1 610974 610986
1 893832 893833
1 129039 129045
1 547620 548229
0 937595 937596
1 764224 764950
1 159661 159722
1 1043197 1043200
1 1034025 1034050
1 387164 387172
1 1079281 1079282
1 762074 762075
1 1084155 1084156
1 353006 353007
1 358947 358949
1 299443 299468
1 819574 819585
1 745707 745719
1 1036508 1036513
1 774723 774725
1 600663 600665
1 409521 409525
1 697784 697792
1 2014 2015
0 684728 684731
1 856864 865406
1 306919 306926
1 304915 304950
0 306919 306926
1 504455 504652
0 529048 529364
1 79395 79396
1 898303 898304
1 464652 464654
1 135206 135207
1 584650 584651
1 1073589 1073590
1 517440 517852
0 771894 771898
0 254278 254283
1 729790 730551
1 610139 610157
0 557055 557056
1 440359 440362
0 180961 181455
1 650067 650433
1 229755 230388
1 493394 493395
0 387164 387172
0 677275 677276
1 509682 511263
1 236740 236744
1 453082 453090
1 762281 777027
1 200689 200726
1 907093 907094
1 407906 407913
1 168763 168766
0 145259 145271
1 752763 752778
1 935430 935432
0 466990 470437
1 614655 614656
0 61716 61796
1 497102 497104
1 236695 236926
1 97902 107700
1 646647 646649
1 634840 634841
1 447475 447477
1 640354 641182
1 1020655 1020656
1 374650 374653
1 420471 420476
1 892132 892133
1 731500 731988
0 668772 670932
1 460097 460098
1 789156 789157
1 294144 294202
1 318723 319088
1 995713 995715
1 379230 379742
1 727953 727993
0 697784 697792
0 276952 276953
0 865356 865686
0 730987 730988
0 1060510 1090772
0 917326 917381
0 506345 506352
1 535928 536516
1 1697 10347
1 582765 601575
0 304915 304950
0 980490 980491
1 407449 407452
1 803889 804990
1 355189 355191
1 684185 684195
1 752460 752465
0 165060 165110
1 676426 676427
0 397287 397570
1 762386 762388
1 1085281 1085285
1 310445 310448
1 88870 88895
1 966028 966250
1 439776 440002
0 420471 420476
1 929788 938403
1 432799 432800
1 970449 970454
1 569381 569382
0 1079654 1081049
1 128550 128551
1 736032 736033
1 520612 521993
1 833141 833143
0 110688 110795
1 49130 49131
1 84054 84057
0 995608 995616
1 891019 891020
1 69343 69344
1 1072127 1072128
1 900367 900570
1 68584 68585
1 612083 612534
1 985103 986158
1 847413 847434
1 4663 10359
1 698666 699230
1 625175 626817
1 638806 638807
0 374651 375513
1 563656 566276
0 409521 409525
1 1043860 1051587
1 122959 122961
1 451750 451751
1 509559 509560
1 316354 317046
1 879906 879919
1 236856 236860
1 56134 56135
1 758580 780141
1 564256 564296
1 376259 376657
0 244937 244947
0 299135 299138
1 292886 292898
0 353006 353007
1 610899 611231
1 875810 875954
0 117552 117825
1 768242 768243
1 831362 831366
0 84054 84057
1 23392 26606
1 572167 572168
0 871822 871823
0 762281 777027
1 183963 185544
1 974665 974679
1 105443 105445
1 925458 925657
0 589622 589623
1 13590 13591
1 648648 648649
1 476205 476213
0 356631 365931
1 669167 669180
1 1034820 1034822
1 295788 295789
1 104923 104924
1 137888 137889
1 293042 293043
1 766003 766004
1 93144 93290
0 133120 133121
1 468921 478500
0 97862 97865
0 220285 220296
1 315663 316061
0 665448 676665
0 845251 854593
1 879897 896992
1 106177 106179
1 1010823 1010824
1 85959 85966
0 729790 730551
1 427211 427565
1 807470 816016
0 929900 929967
1 1074116 1074126
1 552532 553182
1 644392 644393
1 150967 151274
1 1080607 1080609
0 620987 621356
0 1030416 1030458
1 688898 688899
0 517440 517852
1 860345 860366
1 304480 304484
1 582966 583149
1 141165 141169
1 1051632 1051634
0 468530 468531
1 930325 932965
1 381649 381650
1 108023 109435
1 777484 778336
1 829570 829595
0 48352 48353
0 135206 135207
1 165623 166560
0 551223 551224
1 40973 40974
1 836567 837924
1 758675 758965
1 801415 801730
0 504455 504652
1 735343 736014
1 839899 839901
0 688898 688899
1 350421 354919
1 270321 270508
1 862238 862279
1 16649 16650
1 1047041 1047044
1 33699 33700
1 263344 264325
0 13590 13591
1 349126 349127
1 291522 291523
1 70220 70399
0 766231 766235
0 110750 110751
1 973558 973600
0 569381 569382
0 943053 943986
1 11173 22550
0 839899 839901
1 594989 594991
1 861732 861782
1 320514 320517
1 268074 268076
1 417817 417822
1 856967 863812
1 93968 95042
0 137888 137889
1 492444 492446
1 1049819 1049826
1 566718 566720
0 566718 566720
0 819574 819585
0 669167 669180
1 356951 357034
1 475283 475284
0 740888 740892
1 267947 281738
1 970396 970431
1 526122 526148
1 349069 349071
1 767367 767381
1 760453 760454
0 355189 355191
0 713746 713747
0 970449 970454
1 28775 28776
0 909828 909829
1 329067 329255
1 792540 792542
1 66143 66146
1 587949 587950
1 999516 1000026
1 1060021 1060036
0 582765 601575
1 362472 363030
1 206541 206551
1 616538 616549
1 284964 285072
1 1026465 1026466
1 173419 174854
0 104923 104924
1 228827 228828
0 468921 478500
1 352366 352368
1 1044670 1044773
1 613565 613566
1 704610 704776
1 331470 331497
1 795637 795639
0 610974 610986
1 444424 452685
1 492983 493047
0 376259 376657
1 241399 241401
1 1075448 1085355
1 633826 633828
1 417504 417507
1 451946 451950
1 516649 516867
0 331470 331497
0 969219 969430
1 19861 19874
0 829777 829786
1 1063399 1079216
0 147171 147172
0 144258 144264
0 669777 669778
1 680268 680352
0 582370 582379
1 558494 558836
1 497668 497669
1 373258 373259
1 980009 980010
1 507392 507403
0 912143 912148
1 122321 122531
0 942575 942832
1 753299 753300
1 241043 241045
1 126827 126828
1 263812 263813
0 481350 481353
0 236992 236993
0 236740 236744
1 536941 544978
1 355620 681635
1 534544 535275
0 584650 584651
0 268074 268076
1 758341 758374
1 183982 184112
1 346590 347370
1 758536 758537
1 331638 331639
1 775145 775235
1 37659 37660
0 960329 960345
0 375246 375248
0 87052 87707
1 1079650 1079663
1 234329 234335
1 189035 189037
1 32724 33213
0 1072125 1072136
1 834426 834444
1 805927 805928
1 853612 853639
1 664116 664120
0 206512 206524
0 19861 19874
0 492983 493047
1 649831 649833
1 369291 370316
0 439776 440002
0 46537 46543
0 318723 319088
0 195676 197003
0 475283 475284
1 280013 280014
1 415084 432027
0 750684 750828
1 218360 218366
1 540242 540243
0 287368 287369
1 712934 712935
1 447190 447921
1 125474 125702
1 1003014 1003015
1 224923 231314
1 504594 504737
1 691344 691351
1 112638 123447
1 569058 578362
0 644392 644393
0 362472 363030
1 832790 832792
1 1064976 1090449
1 71627 73639
1 174646 183102
0 128550 128551
0 743842 744402
1 584244 584247
1 142012 142533
0 807411 810182
1 550494 550714
0 236856 236860
1 122153 122154
0 634840 634841
1 274150 274151
1 614107 617115
0 807470 816016
0 292886 292898
0 664116 664120
1 620727 629493
0 900367 900570
1 900366 900566
0 752495 752504
1 33494 33512
1 169186 170190
1 643468 643469
0 160176 160399
1 658304 670305
1 438245 438250
1 222032 222033
1 140752 140753
1 736554 736555
0 803889 804990
1 660761 660762
1 974968 975117
1 1055579 1056637
1 76812 76814
1 952086 952093
1 517067 517069
1 666096 666109
1 321287 321288
1 25641 25645
1 47021 47504
1 443134 443174
1 471176 471938
1 2691 2693
0 451682 451683
1 894204 894361
1 613384 613385
1 1074714 1074863
1 40398 41346
1 542046 542047
0 918328 918738
0 747792 749052
1 111710 111717
1 621497 621498
0 875810 875954
1 255624 255625
0 891019 891020
1 865269 865271
0 564256 564296
1 1059748 1059775
1 515748 515749
1 468865 468866
0 1003014 1003015
1 454945 454946
1 701885 701886
1 741019 741020
1 934858 1009580
1 687804 687805
1 53489 53490
1 570106 570107
1 654902 655082
1 510831 510832
1 371488 371493
1 454235 454249
1 238359 238912
1 365434 365435
1 112017 112024
1 449567 449574
0 300630 301261
0 56134 56135
0 764224 764950
1 912108 912394
0 837838 837839
0 856967 863812
0 893832 893833
1 868596 868822
0 865269 865271
1 624595 627017
0 327989 327991
1 690280 696729
1 915369 915771
1 700781 700782
1 113247 113249
1 879607 879618
1 1068940 1069360
1 787214 788144
1 1079288 1079291
1 926351 926371
1 687151 687175
0 126827 126828
1 659350 659351
1 474333 478861
0 303514 303518
0 1075220 1075233
1 1011643 1013816
1 600650 600651
1 360525 360526
0 1051632 1051634
1 306262 307111
1 715476 715478
1 678735 678736
1 1036303 1036304
0 883732 883733
1 318125 318127
1 391002 391003
1 1006459 1006460
1 221850 223072
1 570703 571181
1 406397 406418
1 168724 168807
1 929280 931786
0 403937 403956
1 191480 215852
1 714685 714686
1 1150 1317
1 1044002 1044003
1 245554 245556
1 102821 108157
1 1074424 1087019
1 982456 982540
1 294192 294193
1 236812 237001
1 939911 939957
0 676426 676427
0 451946 451950
1 84048 85064
1 947592 949996
1 303608 303610
1 653417 653418
1 561709 561875
0 368274 368424
0 1084155 1084156
0 964057 964177
1 300642 300644
1 1031230 1052696
1 338082 338669
1 710579 712345
1 692066 692096
0 1063399 1079216
1 1064445 1064446
1 291643 291647
1 808531 808954
0 357630 357631
1 680747 680748
1 608412 610441
1 974741 975259
0 440359 440362
0 275258 275259
1 639690 639691
1 192744 192750
0 464096 464598
1 322682 322683
1 798169 798277
0 1074714 1074863
0 374650 374653
1 182840 182879
1 358485 358486
1 680988 681004
1 633462 633855
1 141400 141418
1 45981 45991
1 895115 895116
0 329272 329273
1 496413 496889
0 14023 14024
1 238992 238994
0 580308 602537
1 803208 803209
1 366474 366487
1 88048 88053
1 233350 233355
0 836567 837924
0 1043860 1051587
0 926351 926371
1 30680 30684
0 407906 407913
0 616538 616549
1 241514 241516
1 766938 767170
1 995471 995472
1 766832 766833
0 1003814 1003909
0 366474 366487
1 135951 151055
1 512346 512348
0 406397 406418
0 432799 432800
0 293042 293043
1 995068 995071
1 642420 642422
0 973558 973600
1 429854 429886
1 642055 647049
1 587480 587493
1 1008936 1009140
1 807376 807559
1 702191 702194
0 734818 735523
1 387103 387116
1 932608 932795
1 681511 681513
1 374181 374182
1 390616 390621
1 590221 590226
0 509559 509560
1 26911 27057
1 1069428 1069741
1 798715 798724
1 360833 360997
1 659729 659730
0 700781 700782
1 359031 359344
1 42890 42896
0 999516 1000026
1 729957 729958
0 352366 352368
0 691344 691351
0 8005 8031
1 739614 739615
1 200870 200873
0 795637 795639
1 2871 3296
1 404464 404465
1 32072 32079
1 960618 960915
1 373900 374425
1 279559 279562
1 416987 416996
0 315663 316061
1 233413 233420
1 981308 981385
0 140592 140596
0 520612 521993
0 991552 997997
1 266258 266259
1 227834 227856
0 191480 215852
1 508630 508631
0 847413 847434
1 712797 713796
0 692988 692990
1 581049 581050
0 84251 84989
1 159224 159232
0 241751 241844
1 174464 183974
1 461591 462992
1 797897 803036
0 639690 639691
1 448036 448500
1 575806 578975
0 122959 122961
1 848050 848055
1 187134 213634
1 218159 218160
1 756485 756487
1 628193 629260
1 558152 558154
1 131305 131314
1 999035 999052
0 263812 263813
1 8171 10682
1 832848 832867
0 1020655 1020656
0 241043 241045
1 70441 70442
0 206541 206551
0 11173 22550
0 291522 291523
1 472581 473534
0 862238 862279
1 1065275 1065286
1 283710 283711
0 768242 768243
1 248854 248856
0 757716 757717
0 497668 497669
1 374959 374972
1 828057 828158
1 927438 928070
1 500229 500352
1 818094 818204
0 37061 37068
1 24688 24723
1 1032765 1032766
1 502386 502548
0 650067 650433
1 262308 262838
0 613384 613385
1 397362 397363
1 332264 332267
0 935430 935432
1 596170 596435
0 929280 931786
1 619887 619888
0 461591 462992
1 13346 13347
1 374061 374062
1 119896 119907
1 371239 371242
0 739614 739615
1 40989 40997
0 236812 237001
1 236924 254123
1 969384 969385
1 344254 344256
1 682692 695252
1 438474 438475
1 639841 642903
0 417817 417822
0 270321 270508
1 964197 966216
1 852702 852705
1 831073 831092
1 413740 414311
1 348744 348745
1 413043 413048
1 501016 504171
1 996183 996184
1 420377 420396
0 637113 637129
0 358485 358486
1 844534 844537
1 725454 725455
1 685591 685598
1 821742 821743
1 803663 804641
1 493993 493996
1 519773 526178
1 303548 303551
0 233413 233420
0 698413 698415
1 453795 453796
0 234329 234335
0 519773 526178
0 150967 151274
0 168724 168807
0 426870 427026
0 752763 752778
1 810526 810529
1 312625 312627
1 29159 29160
0 658671 658777
1 296432 296433
1 503202 503278
1 976510 977863
0 434696 442069
1 291353 291354
1 579636 579890
0 622696 622697
1 738576 739087
0 691491 691494
1 196750 210982
1 802344 802345
0 863858 863864
1 1082435 1085231
0 969384 969385
1 697365 697467
0 9645 9647
0 140752 140753
1 38478 38480
1 839574 839602
1 537798 538213
1 1049324 1050746
1 454295 454307
1 604603 604605
0 568001 568002
1 322785 322788
1 828368 828369
1 466085 466086
1 399226 413890
0 526122 526148
0 454295 454307
1 1063240 1063241
1 581641 581644
1 666498 666509
1 838872 838873
1 455188 455190
1 533604 533646
0 1080607 1080609
1 33965 33966
1 369971 369976
1 979568 980249
1 445205 445207
1 715236 715411
1 493854 493883
0 1049324 1050746
0 929788 938403
1 608554 608567
1 7124 7173
1 292246 293610
1 426689 426703
0 233350 233355
0 642420 642422
1 103996 104022
1 691143 691145
0 119896 119907
1 799938 799939
1 440856 440857
1 641743 641744
1 277177 281550
1 87248 87252
1 1068778 1069237
1 1027703 1027747
1 557135 561979
1 130799 131578
1 16997 17000
1 22382 22773
1 474021 474023
1 942027 950573
0 453082 453090
1 197063 197066
0 619887 619888
1 45685 45827
1 123222 123223
1 788516 788518
1 1011140 1011142
0 459417 466286
1 1071472 1071478
1 722585 722652
1 359634 359638
1 141248 141249
1 1009471 1009472
0 725627 725629
1 846239 846243
1 1084458 1084459
1 496396 496404
1 959766 961100
1 194595 200240
1 78668 78789
1 77531 77533
0 1055579 1056637
1 780908 780910
1 21819 21837
1 361389 361408
1 228375 228376
1 719424 720155
1 190145 190164
1 401019 401028
1 277729 277730
1 201478 201479
1 375188 375215
1 606317 606319
1 185284 185770
1 463430 463828
1 448876 449023
0 397362 397363
0 147466 147467
1 852859 852860
0 947592 949996
1 100739 100742
1 302376 302455
1 1040722 1040723
1 767518 767521
1 201723 201729
1 794919 796861
0 49130 49131
1 64420 64421
1 341989 343934
1 188920 214392
0 587480 587493
1 207303 207304
1 244512 244530
1 740803 740807
0 183982 184112
0 124302 124305
1 757784 757785
1 1063353 1063635
1 347418 684367
0 691143 691145
1 875232 875233
0 427211 427565
0 444424 452685
0 699900 699901
1 576652 576653
1 838675 838965
1 893195 893431
1 856080 856605
1 893170 893411
0 974968 975117
0 502386 502548
1 198602 198623
0 557135 561979
0 236695 236926
0 1060021 1060036
0 767518 767521
1 444673 444676
1 916742 916844
1 348003 348004
1 526297 526299
0 714200 714202
0 221850 223072
1 340890 344843
1 114086 114087
0 879906 879919
0 291643 291647
0 79084 79715
0 447475 447477
0 299443 299468
1 335223 335224
0 1040722 1040723
0 766938 767170
0 633826 633828
1 664235 664236
1 356484 356490
1 120401 120745
0 741019 741020
1 1042391 1042418
1 1021338 1021343
1 615371 615496
1 1018427 1018435
0 460097 460098
1 770527 770528
1 1089951 1089954
1 739411 739773
1 32153 32162
1 373257 373658
1 403501 403655
1 814402 814403
1 126090 129013
1 387005 391100
0 102821 108157
0 329067 329255
1 127400 127443
1 962799 962800
1 640463 640464
1 1085883 1085884
1 913261 913263
0 678735 678736
1 442307 442308
1 551363 551364
1 117509 117520
1 417079 417081
1 848071 848794
1 1067217 1067238
1 945801 945907
1 1050012 1050037
1 306489 306651
0 895115 895116
1 720143 720162
1 299983 299986
0 610899 611231
0 1010823 1010824
1 133384 133385
1 208609 209078
1 1022201 1022203
1 777334 777335
1 4111 4460
0 188920 214392
0 979743 979744
1 232249 235097
0 792540 792542
1 286606 307637
1 194073 195892
1 381188 381947
1 426916 426918
0 66143 66146
1 575977 576038
1 741262 747548
1 549541 549542
1 137524 137525
1 201613 201615
1 869130 869176
1 44892 44893
0 798715 798724
1 725124 725125
1 612190 614150
1 883757 883758
1 387262 387273
1 112830 113610
0 135951 151055
1 888855 889624
1 1076551 1076554
1 426533 430191
1 601694 601699
1 659121 659129
1 1030570 1052443
0 338586 338631
1 688320 688322
0 601694 601699
1 809705 809708
1 422614 422624
0 687151 687175
1 337682 337684
0 537798 538213
0 1090740 1090741
1 945553 945555
1 764634 777355
0 907612 907613
0 387103 387116
1 533795 535753
0 942027 950573
1 1019061 1022562
0 416987 416996
1 725153 725154
0 915804 915806
1 722442 722443
0 359634 359638
1 898733 898835
0 517067 517069
1 931381 931414
0 756485 756487
0 117509 117520
1 125142 125144
1 441086 441096
1 17818 17821
0 564527 564528
0 1089309 1089311
0 973094 973102
1 1014674 1014676
1 514366 514368
0 165623 166560
1 585791 585799
0 447190 447921
0 228375 228376
0 350421 354919
0 294144 294202
0 869130 869176
1 731475 731949
1 767998 767999
0 575977 576038
1 525122 525153
1 609198 609199
1 669487 669670
1 960679 960680
0 1014674 1014676
1 406356 406357
0 13346 13347
1 348393 348395
0 40989 40997
0 133384 133385
1 1088074 1088076
1 507816 507817
1 885789 887737
1 971429 971430
0 381188 381947
1 954922 954993
1 512642 512645
1 250598 250602
1 275434 275444
1 22666 22668
1 223966 224655
1 878073 878611
1 504293 504294
0 725124 725125
0 898733 898835
1 181482 181484
1 924765 924766
0 833141 833143
0 685591 685598
0 621497 621498
1 685473 693552
0 692066 692096
1 113869 113872
1 11658 11665
1 984169 984245
1 880538 881172
1 17244 17287
0 894204 894361
1 715423 715705
0 924765 924766
1 798788 798789
1 726835 726836
1 370811 370812
1 240132 240133
1 714731 714732
0 799938 799939
1 809140 809149
0 828368 828369
0 22666 22668
1 928196 928197
1 762549 762550
1 87686 87687
1 886304 886341
1 722131 722145
1 908794 919754
0 1085883 1085884
1 259609 260486
0 347418 684367
1 751466 751467
1 253134 253571
0 117662 122476
0 585791 585799
0 375188 375215
1 647899 648186
0 589524 593502
1 631068 635747
1 620367 620373
1 638019 638020
1 1032660 1032733
1 794703 801537
1 385818 386736
0 1035830 1036697
1 582375 582378
1 624118 624126
0 373257 373658
1 130954 130966
1 317301 317310
0 369971 369976
0 1089951 1089954
1 137813 137841
1 1030681 1049133
1 236226 236232
0 796813 796814
1 705416 705417
1 702267 702268
1 1036728 1036738
0 63228 74981
0 84048 85064
0 981308 981385
0 71627 73639
1 945811 945815
1 32961 33235
1 180038 180177
1 709764 709797
1 220577 220578
1 848081 848795
0 624118 624126
0 664235 664236
1 35342 35346
0 302376 302455
0 114086 114087
1 315605 315608
1 1071881 1087868
0 196750 210982
1 1023649 1023651
1 530812 530837
1 672581 672582
0 1072127 1072128
0 303548 303551
1 1001322 1001957
1 217094 217148
1 624211 624213
1 473090 473713
1 714509 714510
1 753249 754187
1 572383 572384
1 785370 785371
1 263136 263226
1 600264 600284
0 684077 684150
1 159684 161484
1 228840 228841
1 139486 139490
0 962799 962800
1 428193 428198
0 536941 544978
0 659729 659730
1 314079 314080
1 977199 977202
1 1068758 1085781
1 744810 744816
1 487296 487297
1 124249 124251
0 365434 365435
1 314965 315079
1 77762 80798
1 194384 213772
1 688709 688710
0 832790 832792
0 722585 722652
1 674 675
0 409771 409773
0 979568 980249
1 229649 229650
0 8409 8411
1 325669 325678
1 482187 482255
1 906540 906544
1 886461 886485
1 649066 649067
0 187134 213634
1 853267 853268
1 160818 160822
0 379230 379742
0 124249 124251
1 901747 901748
1 611607 611608
1 288178 288188
1 831434 831444
1 69814 69815
0 612083 612534
0 607510 607787
1 685966 696138
1 849338 849346
1 838760 839490
1 195915 195916
1 791341 791342
0 284964 285072
1 970796 977743
0 229755 230388
1 742588 743030
1 911582 911584
1 88961 320959
1 791116 791146
0 911557 911559
1 439333 439402
1 585791 585792
1 490853 491104
1 1016723 1016724
0 960679 960680
1 289919 290102
0 722442 722443
0 1087739 1087740
1 330085 330092
1 933013 933344
1 1023348 1023351
1 713329 713330
0 620367 620373
1 184847 184849
1 187699 214897
1 431679 431809
1 330774 330775
0 201723 201729
0 838675 838965
1 190454 190566
0 570106 570107
1 226357 226789
1 145830 146108
1 115664 118714
0 888855 889624
0 341989 343934
1 940425 941171
0 766003 766004
1 886980 886987
1 845663 845668
1 620304 620319
1 322718 322723
1 148920 284806
1 219419 219420
0 387005 391100
0 868596 868822
1 652620 652621
1 513262 513264
1 57159 57161
1 169585 169590
1 262749 262750
1 440776 441796
1 770994 771020
1 17635 17655
1 780671 780673
1 24892 34340
1 236278 236279
1 243403 246130
1 183594 183596
1 221446 223104
0 600663 600665
0 669487 669670
1 429971 433406
1 619892 619907
1 1031780 1031781
1 327687 328312
1 54502 54510
0 399226 413890
1 74898 74899
1 209350 211811
1 665869 665875
1 924458 924459
1 190277 190278
1 125409 125688
1 974796 978238
1 58470 58817
1 332682 333386
1 126877 147127
1 1003645 1003752
0 32724 33213
1 704817 707835
1 971947 976168
1 279412 279581
0 227834 227856
1 980817 980818
0 28775 28776
1 278521 278528
1 36862 53232
1 327756 330914
0 739411 739773
1 12949 13493
1 81353 92875
1 783979 783980
1 677516 677517
1 941133 941135
1 279704 280154
1 323012 323471
1 797291 797292
1 722272 723120
0 1018427 1018435
1 440476 440530
1 1043773 1043774
0 262749 262750
1 333495 333512
1 504514 504691
1 820078 820085
1 63212 63213
0 638806 638807
0 579636 579890
1 620769 621288
1 884630 896287
1 270961 270963
0 722272 723120
1 1066139 1066599
1 859938 859952
1 515970 516610
1 646142 646144
0 582966 583149
1 444265 444457
0 515970 516610
1 118791 118807
1 164559 164849
1 190923 211826
1 989845 989846
1 1007105 1007106
1 500940 500944
1 444223 448807
1 224926 224927
1 180097 180206
1 829399 829432
1 257071 257072
0 682692 695252
1 349193 349194
1 495485 495571
1 40115 40119
1 401355 401647
1 590395 590398
1 576108 576110
1 349862 349959
1 865361 865683
0 181482 181484
1 672519 672520
1 518216 518525
0 1150 1317
1 1080079 1080543
1 993407 993412
1 87530 87668
0 913261 913263
1 728274 728276
1 172023 172025
1 636238 636242
1 30905 30906
0 183594 183596
1 977570 978170
1 939174 950841
1 598538 598539
1 640629 640630
1 302661 302800
0 413740 414311
1 400393 400394
0 999035 999052
1 372153 372723
1 121474 121492
0 838760 839490
1 259849 267070
1 887463 888542
0 1075448 1085355
1 796433 796495
1 248538 248715
1 639291 639305
1 720070 720076
1 710228 710229
0 173419 174854
1 764919 764923
1 359296 359410
1 977416 977417
1 23591 34339
0 672581 672582
1 190705 190706
0 570703 571181
1 390138 390140
1 396884 396885
1 52446 52447
1 567207 567208
1 192792 192794
0 715476 715478
1 305641 305659
1 884856 884864
0 558494 558836
1 145618 156094
1 680118 690186
0 52446 52447
1 576751 576752
1 135412 135413
1 392224 393157
1 296252 296253
1 884129 884132
0 1007105 1007106
1 944186 944299
1 663625 663626
1 982839 982840
0 892132 892133
0 145830 146108
0 803208 803209
0 604603 604605
0 335223 335224
0 387262 387273
1 550426 550427
1 607550 612539
1 589394 589547
1 164888 164897
1 172231 172463
1 37869 38130
0 429854 429886
0 279412 279581
0 428193 428198
1 687432 687436
1 225574 225575
1 678119 678120
0 253134 253571
1 640653 640654
1 991377 992025
1 236037 236039
0 220577 220578
1 138528 138541
1 266505 266507
1 893275 893376
0 636238 636242
1 258207 258209
1 100142 104808
0 103811 103812
0 293232 293240
0 333495 333512
0 535928 536516
1 696346 696347
1 427242 427245
1 432586 432588
0 93968 95042
1 579715 579718
1 240238 240611
1 631526 631527
0 238359 238912
1 593685 593688
0 37659 37660
0 762074 762075
1 739500 739501
1 930418 937266
1 84330 92394
1 830434 830435
1 169627 169628
1 626596 626598
1 820747 824610
1 783921 783928
0 995068 995071
0 228840 228841
1 116635 116908
1 950345 950346
0 401355 401647
1 331198 331631
1 21104 35674
1 425574 425576
1 418407 418456
1 942507 942510
1 682871 682873
1 723069 723071
0 808531 808954
0 391002 391003
1 28248 28355
1 173263 173264
0 710228 710229
0 680118 690186
1 241281 241282
1 298257 298259
1 871855 872013
1 755464 760802
1 847003 847011
0 725454 725455
1 276610 276614
1 199669 199671
1 1013157 1013159
1 679292 679509
0 240132 240133
1 452443 452445
0 660761 660762
0 187699 214897
1 44105 44168
1 754776 754781
1 377297 377299
1 897653 899608
1 684642 684655
1 453644 453645
0 283710 283711
1 652812 652820
1 932142 932143
1 870248 871628
1 808217 811735
1 79325 311915
0 1011140 1011142
1 909763 910332
0 1026465 1026466
1 508705 508854
1 945711 945743
1 978998 978999
1 1070418 1070419
0 853267 853268
0 783921 783928
1 434327 434328
0 200870 200873
1 301686 301687
0 288178 288188
1 255031 345184
0 7124 7173
1 627893 627906
1 540469 540476
1 1032972 1032973
1 885827 885839
1 412248 412251
1 174779 174783
1 463340 463350
1 93989 93990
1 415746 419773
0 349862 349959
1 861270 862419
1 369640 369654
1 78911 78917
0 932608 932795
0 757784 757785
0 909763 910332
0 248854 248856
1 959581 959584
1 253179 253583
1 827521 827522
1 765098 765099
0 390616 390621
1 343970 343971
1 206027 206034
0 950345 950346
0 1047041 1047044
0 32153 32162
1 311926 313896
1 992600 992605
1 560854 562805
1 619028 619476
1 313643 313644
0 760453 760454
0 192792 192794
1 151202 151203
1 975500 975502
1 42503 42504
1 447177 447514
1 377699 377849
1 212547 212550
0 731097 731098
0 772960 772967
1 168646 168647
1 135193 135194
1 1077475 1077476
1 489683 489684
1 732277 732280
0 221446 223104
1 563839 563851
1 932949 932951
0 758341 758374
1 550500 551139
1 30716 30719
0 828057 828158
1 125052 125056
1 784022 784037
1 753962 779611
1 583771 583981
1 828047 828058
0 11658 11665
1 917288 917292
1 1060913 1060933
0 440776 441796
1 912595 920520
1 423157 423551
0 513262 513264
1 1033300 1033301
0 474021 474023
1 3060 3064
1 99599 101120
1 716434 716435
1 1032022 1032024
1 584493 584495
0 964197 966216
0 17244 17287
1 361987 363187
1 70842 70847
1 879043 887874
1 550706 550739
1 465771 465775
1 101215 101218
0 360833 360997
1 551694 551697
1 499722 499888
1 64341 64343
0 349069 349071
1 733471 734156
0 4663 10359
1 778292 778294
0 902818 902819
0 69768 76064
0 241399 241401
1 534719 534731
1 554832 554834
1 576215 578671
1 653504 653507
1 151434 151435
1 102150 102151
1 114872 115707
1 801058 801059
0 81990 91396
1 456427 456437
1 182593 182594
1 406601 406603
0 74898 74899
1 833563 833633
1 638185 638187
0 989845 989846
1 772885 772901
1 723834 723836
1 270391 270392
1 242013 253868
1 881830 881831
1 488935 488940
1 511153 511165
1 522176 522177
1 306549 306552
0 1084458 1084459
1 431410 431413
1 906110 906111
0 712934 712935
0 278521 278528
1 115724 116338
1 288110 288153
0 1043773 1043774
1 918645 918646
1 414545 414549
1 327855 327856
1 625160 626830
1 900789 900804
1 805842 805849
0 687432 687436
1 646848 646849
1 708780 708789
1 11218 11875
0 473090 473713
1 941627 941669
1 737555 738322
1 1013157 1013158
1 104669 104670
1 437243 437244
1 195081 195082
1 699042 699302
1 711940 712144
1 599770 599786
0 185284 185770
1 513827 513828
0 236278 236279
1 804017 804019
1 533753 533754
0 688709 688710
1 708495 708496
0 320514 320517
1 689019 689020
1 757716 779545
1 330158 330487
1 660101 660105
1 567721 567722
0 78911 78917
1 839111 839140
1 277056 277128
0 291353 291354
1 995337 997617
0 736032 736033
1 1064865 1064867
1 11008 11009
1 728219 728463
1 954567 955806
1 760391 760392
0 377297 377299
0 642055 647049
1 744772 744774
1 633967 633969
1 496879 497329
0 646647 646649
1 1018269 1018270
1 294674 294676
1 24089 24105
0 509682 511263
1 860028 860118
0 489683 489684
1 94570 94571
1 766730 766738
1 693539 693563
1 661663 661732
1 848180 848389
1 431778 431782
1 134589 134613
1 400158 400196
1 380634 380674
0 122321 122531
0 279704 280154
1 724809 724826
0 312625 312627
1 331109 331113
0 884630 896287
0 236924 254123
0 40398 41346
1 649253 650778
0 945711 945743
1 82311 82364
1 332564 332567
0 118791 118807
1 69099 69100
1 972489 972490
1 663008 663009
1 67593 67596
0 373900 374425
1 548311 548312
1 335548 335944
1 557592 557593
0 608554 608567
1 560952 561135
1 515326 515327
0 174779 174783
1 38600 38602
1 933535 933536
1 838207 854930
1 208227 208238
1 620749 621115
1 821889 821895
1 50795 50819
1 103191 103192
0 17818 17821
0 972489 972490
0 861270 862419
1 268398 268399
1 305392 305418
0 697365 697467
0 794703 801537
1 631375 631376
1 380622 380802
1 318830 319133
0 754776 754781
0 777484 778336
1 834462 834463
1 885801 887626
0 402043 402141
1 655740 655741
1 926987 927102
0 441086 441096
1 738248 750280
0 698666 699230
1 535179 535184
0 123222 123223
1 29783 29784
1 572368 572372
1 334011 334052
0 348393 348395
1 1043173 1043174
1 352712 354067
1 908466 908476
0 135193 135194
1 716346 716911
1 898767 898768
0 1003645 1003752
1 714508 714599
0 497102 497104
1 126061 155357
1 66984 66986
0 1018269 1018270
1 1043128 1043129
1 207467 207503
0 563839 563851
1 576487 576504
1 37088 37094
0 87530 87668
1 942802 942805
1 157999 158001
0 758580 780141
1 220102 220103
1 448035 448038
1 315991 316148
1 704925 704968
1 637472 637474
1 912817 912932
1 362232 362241
0 805842 805849
1 165310 166105
0 762549 762550
0 911582 911584
0 611013 615326
0 737555 738322
0 1074424 1087019
1 723524 723525
1 728694 728695
1 293625 293626
1 766366 766394
0 125762 125763
0 276610 276614
0 932949 932951
1 430956 432860
1 855312 855314
1 323302 330799
0 942507 942510
1 796146 796152
1 887327 892213
1 402562 402666
1 217590 217601
1 274409 274412
0 832725 832726
1 460755 479644
1 338443 338462
1 360840 361601
0 344254 344256
1 99214 99215
1 440594 440609
1 332728 332778
1 615124 615287
1 781654 781662
0 888235 888236
1 189954 213261
1 720771 720783
1 239049 239055
1 1072157 1072160
1 289502 306732
0 340890 344843
1 652660 652919
1 1081926 1081927
0 550494 550714
0 1044002 1044003
0 802344 802345
1 833197 833200
1 518670 519485
1 248594 248595
1 194608 194646
1 691269 691270
0 208609 209078
1 1083427 1083437
0 503202 503278
1 922480 922482
0 642282 642417
1 1044389 1044390
0 101215 101218
1 964675 964688
1 51641 51642
1 116705 117258
1 772332 777130
0 639291 639305
1 243723 244180
0 448035 448038
0 696346 696347
1 551395 551451
1 425933 425939
1 325033 337255
1 994155 994811
1 248164 248675
1 1036904 1036943
1 299188 299192
0 726835 726836
1 326732 326733
1 261154 261155
0 797897 803036
0 839111 839140
1 943259 943261
1 240203 240205
1 679682 695495
1 821951 822114
1 701343 701577
1 1074164 1074172
1 138861 138862
0 67593 67596
0 103506 103574
0 982839 982840
1 67671 67672
1 266692 266694
1 150324 150326
0 360840 361601
1 90895 90903
1 323023 323517
1 445287 445411
1 453975 454001
1 423765 423766
0 870248 871628
1 678833 693712
1 349579 349606
1 374546 375740
0 1016723 1016724
1 1011862 1014695
1 136139 136140
0 259849 267070
1 503053 503093
1 367672 367683
1 338304 338308
0 522176 522177
1 180117 180236
1 506730 506731
1 752618 752619
0 305641 305659
0 161431 161435
0 125142 125144
0 24892 34340
0 304480 304484
0 1082435 1085231
1 833011 833018
0 716346 716911
1 768572 768573
1 416116 416134
0 550194 550212
1 1012590 1012592
1 671833 671834
1 952666 952667
1 164519 164520
0 512642 512645
1 780798 781521
0 1083427 1083437
1 1051733 1051735
1 843610 843611
1 910900 910939
1 635325 635326
1 593848 593997
1 970114 970115
1 26929 27186
1 295523 295564
1 794864 794865
0 548311 548312
1 201993 201996
0 1043128 1043129
1 108117 108118
1 227008 227009
0 970796 977743
1 642591 642592
1 1027612 1027615
1 780891 781213
1 1040114 1040115
1 411917 411919
1 384148 384150
1 257262 257263
1 419921 432121
1 972899 972900
1 756287 756393
0 110319 110322
1 820680 820681
1 523262 523593
0 217094 217148
1 984849 984910
1 618493 618502
1 830118 830226
1 382808 388877
0 833563 833633
1 486648 487496
0 663625 663626
0 93989 93990
1 103423 103424
1 732078 733913
1 1023498 1023499
1 1033217 1033239
0 624595 627017
0 126061 155357
0 444265 444457
1 149118 154984
1 255921 255922
1 406832 406834
0 830118 830226
1 908184 908712
1 379206 379216
1 744464 744578
1 593330 593333
1 828656 828657
1 831264 831280
1 43525 43527
0 218360 218366
1 84747 84984
1 1848 1854
1 280870 280872
1 50146 50216
1 439614 439860
1 751757 763232
1 1030291 1046246
1 740872 741246
1 933965 938146
1 873852 874125
1 829966 829969
1 81516 81556
0 572383 572384
1 460979 462876
1 844911 844919
1 573904 577118
0 834426 834444
1 332890 343693
1 871615 871616
0 783979 783980
1 959783 961009
1 886529 886578
1 377689 377692
0 687804 687805
1 438017 438094
1 576506 576513
0 321845 321850
1 165218 165232
1 423396 423411
1 1083532 1083534
1 492051 492656
0 21104 35674
1 443145 443146
1 1082484 1082485
1 190898 190899
1 957519 958140
1 635390 635392
1 839204 839209
0 808217 811735
1 998702 998703
1 390659 394491
1 406027 406028
1 32030 32031
0 994155 994811
0 1043499 1043500
1 590521 590522
1 348576 348956
1 302648 302678
0 849338 849346
1 827126 827131
1 566949 566951
1 509151 509152
1 374724 375551
1 1066244 1066259
1 157360 157361
0 572368 572372
1 510750 510758
0 677516 677517
0 575806 578975
1 877917 877995
1 735049 735975
0 115664 118714
1 433075 433081
1 459869 459870
1 425921 425922
1 514185 514261
1 120054 120056
1 264645 264646
1 989326 989329
0 804017 804019
0 17635 17655
1 287931 287933
1 594566 594567
1 315554 316108
1 732857 746642
0 1064445 1064446
1 586224 586227
1 246783 246892
1 469630 469749
0 1044670 1044773
1 330681 330710
1 680427 681345
1 953180 953423
0 375108 375117
1 973858 973865
1 777075 777077
0 788516 788518
0 642591 642592
1 611546 611809
1 879536 879537
1 742602 742845
1 539311 539444
0 352712 354067
1 501519 501520
1 754831 754832
1 691247 691956
1 70787 70788
1 408552 414393
0 510750 510758
1 198280 198283
1 885924 885927
0 908794 919754
0 848050 848055
1 177673 177674
0 431410 431413
0 40115 40119
0 954567 955806
1 1051373 1051374
1 534053 534055
0 615124 615287
0 232249 235097
1 727228 727322
0 346590 347370
1 390488 390489
0 169585 169590
1 411204 411205
1 1022278 1022386
1 104034 104038
1 356058 356369
0 863131 863149
1 700474 700816
0 402562 402666
1 323448 323585
0 952086 952093
1 606874 607427
1 615254 615256
1 532542 532543
1 803657 803659
1 735143 735151
1 1030006 1030527
0 856864 865406
0 1063353 1063635
1 842062 842134
1 971499 971621
1 236243 236672
1 277455 277456
1 706174 706636
1 811214 812387
1 306311 306363
1 78720 91089
1 417664 417746
0 704817 707835
1 943907 944069
1 176397 176409
1 934153 934158
1 978480 978481
1 419525 419535
1 769832 777007
1 807848 807866
0 396801 396802
1 844094 844114
1 939203 941709
1 791092 791094
1 580491 580492
1 99423 99424
1 1082455 1082456
0 952666 952667
0 488935 488940
1 13100 14941
1 242664 242734
1 961279 967350
1 462415 479321
1 852708 852711
1 982774 982775
0 803657 803659
1 518994 519016
0 518216 518525
1 346241 346387
1 141133 141135
1 851731 851732
0 533604 533646
1 401219 401220
0 723529 729069
1 535658 535659
1 311861 311942
1 838083 838084
0 493854 493883
1 416149 418037
1 869173 869178
0 244512 244530
1 657749 657784
1 146993 147044
1 73629 73630
0 708780 708789
1 409219 409220
1 550676 550774
0 24688 24723
0 833197 833200
1 1076841 1077044
1 670365 670382
1 863059 863576
0 155027 155030
1 899662 899664
1 719591 719603
1 447426 447442
1 616367 616410
1 69672 69673
1 1050793 1050795
0 1077475 1077476
1 147443 156244
1 172765 185581
1 898040 898279
1 891332 895876
1 232539 232542
0 2014 2015
0 1036508 1036513
1 377814 377878
1 36988 36989
1 168293 168298
1 471202 471206
1 265642 265881
1 483315 483316
1 559136 559137
1 1057036 1057038
0 631526 631527
1 954405 955658
1 1017503 1022705
1 817706 817805
0 169627 169628
1 691935 691936
0 371239 371242
1 408348 408349
0 898303 898304
1 901239 904053
1 989370 989371
1 260918 260921
1 890940 890941
1 397937 397938
1 119701 120380
1 269115 269117
1 529416 529417
1 275658 275667
1 1043531 1043559
0 385818 386736
1 876148 876443
1 455969 455971
1 211506 211510
0 680427 681345
0 848081 848795
0 302648 302678
1 761834 761835
0 580491 580492
1 778301 778302
0 511153 511165
1 573677 573678
1 856849 856866
1 831777 831778
1 10929 10930
1 408254 408255
0 1079624 1079626
0 581049 581050
1 103909 103932
1 819590 820545
1 746321 746324
0 317301 317310
1 289784 289785
1 209732 209735
1 328690 328691
1 588424 588429
0 21819 21837
1 621590 621616
1 153893 153894
1 164191 167499
1 100183 100185
1 1015695 1016416
1 748001 748002
1 47458 47459
1 116647 116940
1 1019591 1019600
1 488398 488403
1 737049 738018
1 692153 692154
1 208991 208996
1 403630 403631
0 859938 859952
1 370814 449214
1 741393 749332
1 880590 880789
1 545707 545708
1 757205 757341
0 2871 3296
0 471202 471206
1 812098 812103
0 977416 977417
1 663804 663808
1 442325 442326
1 665113 665114
0 374546 375740
1 174564 174849
1 954606 954607
0 744772 744774
1 576774 576866
1 1029450 1029451
1 229042 229044
1 965447 965448
1 43765 43781
1 588134 604797
1 59196 59199
1 251307 251985
0 323831 324902
0 576108 576110
1 293872 293877
0 10929 10930
1 420136 420137
0 612190 614150
1 403442 403444
1 9277 9327
1 621488 621819
1 314218 322002
0 266505 266507
1 332412 333132
1 441045 441767
1 494196 494385
1 903822 903836
0 625160 626830
1 488826 489206
0 129039 129045
1 675061 675070
1 996398 996400
0 411917 411919
1 35059 35060
0 719591 719603
0 523262 523593
1 1064083 1064085
0 1070418 1070419
1 480631 480632
1 60843 60844
0 121474 121492
1 886819 886827
1 1000590 1000591
1 773408 773410
1 888721 888725
0 134589 134613
1 292106 292108
1 134252 134253
1 212797 212798
1 137795 138089
1 684400 684510
1 1043066 1051436
0 787214 788144
1 37865 55536
1 134109 134122
0 411204 411205
1 164461 164463
1 536256 536264
1 295599 295604
1 777309 777313
0 915369 915771
0 656163 656229
1 28437 28438
1 679457 690116
1 294633 295344
1 387735 387762
0 851731 851732
0 884129 884132
1 875672 875937
1 373669 373789
1 78485 91093
1 333839 333873
0 78668 78789
0 1079281 1079282
0 738576 739087
1 417887 417888
1 733927 749039
1 77684 77853
0 28248 28355
1 217646 217653
1 313543 313544
0 761834 761835
0 361987 363187
1 295536 295545
1 278710 278970
1 600381 600382
0 30905 30906
1 1057791 1057792
1 700858 701121
1 608801 610196
0 323581 337264
0 653504 653507
0 515748 515749
1 702199 705292
1 943642 943643
0 289784 289785
1 1083611 1083612
1 112115 112116
1 528802 529303
1 8398 8608
0 974741 975259
1 745443 745446
0 280013 280014
1 392682 393136
1 704315 704317
1 875576 875581
1 662708 662731
1 645363 645364
1 496943 499386
1 536275 536528
1 111633 111933
1 115690 115693
1 927420 927421
1 188588 188589
0 444223 448807
0 172023 172025
1 145293 145294
1 146030 146050
1 541626 541627
0 1057036 1057038
1 1028241 1028242
1 849841 849859
1 234310 234342
0 658304 670305
0 1066244 1066259
1 747160 748472
1 3075 3440
0 440389 440390
1 855001 855002
1 1078129 1078130
0 608801 610196
0 576215 578671
1 541481 541485
1 534983 534984
1 334342 334448
0 647899 648186
1 539778 539779
0 1015695 1016416
1 187637 187645
1 790642 790643
1 1071463 1071464
1 598292 598350
1 627743 627744
1 611887 611888
1 1001598 1001599
0 69814 69815
1 649779 651304
1 44507 44508
1 212794 212795
1 749649 749652
0 429971 433406
1 764569 764747
0 856849 856866
1 435880 435901
0 906110 906111
1 402557 402565
1 624590 629725
0 1036303 1036304
1 421186 433904
0 407112 407115
1 821006 821007
1 664161 664163
1 803332 803334
1 322807 322808
0 672519 672520
1 1040780 1051239
1 777547 777552
1 1061285 1061301
0 164191 167499
1 15511 15512
1 260698 265848
1 574004 574005
1 987738 987739
1 574169 574170
0 1028241 1028242
1 891802 892626
1 924466 924532
1 821893 822146
1 951983 952000
1 563623 657725
0 589394 589547
1 329046 343417
1 3727 3736
1 42733 42736
1 52517 52518
1 182921 1053673
0 753962 779611
1 1041776 1041782
1 244680 244701
0 1008936 1009140
1 17762 17763
1 980649 980650
1 613044 614799
1 385794 385846
0 640548 640568
1 990593 990801
1 1033080 1033090
1 81240 81250
1 176399 176400
0 704610 704776
1 466452 466463
1 881348 881351
1 531703 532268
1 682482 682483
1 53171 53176
1 329229 329594
0 408348 408349
1 36737 36738
0 574169 574170
1 868 966
0 372153 372723
0 455188 455190
1 1078285 1078293
1 450980 450982
0 374061 374062
1 521034 521920
1 593023 593024
0 865361 865683
1 609556 609557
1 931910 932109
0 818094 818204
1 776660 776662
1 332823 332933
1 430711 430714
1 646967 646968
1 874289 874290
0 980817 980818
1 283069 283072
1 316818 316820
0 970396 970431
0 679457 690116
0 495485 495571
1 657652 657653
0 753754 753755
1 71427 71429
0 964675 964688
1 833750 833751
1 1058442 1058443
1 884111 884112
0 539778 539779
1 284119 284120
0 844094 844114
1 501267 504146
1 190289 190344
1 516305 516443
1 529851 529852
1 959032 959033
0 933013 933344
1 2925 2926
0 893170 893411
0 496413 496889
0 599770 599786
0 293625 293626
0 172765 185581
1 612295 612307
1 707835 708106
1 411878 412590
1 587672 587838
0 157360 157361
0 141248 141249
1 629214 629217
1 821928 822123
1 994668 994719
1 125558 125567
1 383773 383779
1 821075 821094
0 299983 299986
0 829966 829969
1 885099 885233
0 869173 869178
0 292246 293610
1 848494 848496
1 502319 502321
1 276800 276810
1 19546 19899
1 1078521 1079954
1 716165 716900
1 425113 425114
0 847003 847011
0 369640 369654
1 129451 129453
1 1037876 1037877
0 681511 681513
0 756287 756393
1 23105 23109
0 943259 943261
1 962240 962712
1 931214 931456
1 428492 429477
1 656439 661743
0 130799 131578
0 666096 666109
0 289502 306732
1 180688 180873
1 898755 899510
1 1027723 1027724
0 70441 70442
0 933965 938146
1 368631 369080
1 293526 308545
1 60680 60681
1 462323 462848
0 587672 587838
0 338082 338669
1 627445 628496
1 140098 140130
1 160188 160191
0 229042 229044
1 97478 97479
0 1032660 1032733
1 682639 948508
1 19516 19517
1 275920 275921
1 1001472 1001473
0 408254 408255
1 931427 931428
1 531424 532312
0 267947 281738
1 252746 253003
1 840996 840999
1 611180 617641
1 482747 482748
1 90549 91132
1 291897 291901
1 502745 502804
0 719424 720155
1 921931 921935
1 808193 808203
1 45802 45970
1 248523 248535
1 898178 898295
0 419525 419535
0 409219 409220
0 131305 131314
0 690280 696729
1 581903 581905
1 84617 84924
1 1011055 1011056
1 1057182 1057214
0 607550 612539
0 514185 514261
1 892457 892459
1 87303 87595
1 465150 465151
1 461862 462610
0 821075 821094
1 920701 920703
1 280918 282711
1 874452 874804
1 175967 175968
1 298891 298895
1 899321 904817
1 986274 986349
0 37865 55536
1 442721 443516
1 539153 539155
1 462667 478717
1 267764 274895
1 341977 341979
1 98193 98261
1 243770 243789
0 639841 642903
0 330681 330710
1 515988 515991
1 187635 214916
1 769758 769762
0 767998 767999
1 387561 387562
0 294674 294676
1 1046202 1046291
1 71563 71566
1 1087767 1087769
1 622429 622470
1 323907 323947
1 608392 608393
1 422168 422169
0 652660 652919
0 1030681 1049133
1 116725 116735
1 523239 523266
1 84024 84948
1 434519 434521
1 630941 630944
1 257734 257738
1 246239 246240
0 50146 50216
1 1084950 1090426
0 63212 63213
0 141165 141169
0 614655 614656
1 829073 829074
1 205285 205287
1 99791 99794
1 529485 534296
1 111511 111520
1 44240 44244
0 236243 236672
1 945879 946175
1 818112 818113
1 452185 452186
1 112664 112665
0 1065275 1065286
1 871727 871729
1 162896 162924
1 995103 995106
0 974665 974679
0 531703 532268
1 766829 766830
0 727953 727993
1 269043 270809
0 989326 989329
1 346568 346760
1 349805 353849
1 798125 798130
1 417360 417457
0 941627 941669
1 1037204 1037205
1 431201 431292
1 70115 70116
1 181685 181783
1 869797 870280
0 1088074 1088076
0 439614 439860
1 733945 733946
0 838083 838084
0 831434 831444
1 606121 606980
0 180097 180206
1 602 603
1 589392 589672
1 485231 485233
1 420197 420198
1 239443 239445
1 67786 67787
1 924273 924274
1 838489 838493
0 851224 851225
1 282611 282612
1 659737 659744
1 843048 843053
1 516431 526512
1 587076 587077
1 178389 178391
1 574727 574996
1 934065 934069
1 593080 593783
1 764710 778191
1 394236 394241
1 66112 66158
0 176399 176400
1 435149 435150
1 708786 708793
1 110257 110259
1 53692 53693
1 297409 297504
0 868 966
0 633967 633969
1 967161 967292
1 398904 400259
1 447677 447912
1 723419 729560
1 176967 176992
1 921182 921183
1 197583 197586
1 954957 954961
1 776729 776733
1 552920 552921
0 878073 878611
1 879572 879584
1 172746 172748
1 302884 302885
1 657673 657674
0 1031230 1052696
1 196098 196099
1 540475 540720
1 1053957 1056787
1 770139 770169
1 28889 28890
0 1006459 1006460
0 611607 611608
0 574727 574996
1 863818 863824
1 306907 306923
1 1059002 1059004
0 871855 872013
0 986274 986349
1 1016734 1016735
0 855312 855314
1 96992 96997
1 937130 937132
1 68722 68723
0 142940 142942
1 988045 988046
1 748535 748536
0 1060913 1060933
0 70115 70116
0 990593 990801
1 23062 23063
0 58470 58817
1 306032 308349
1 916052 916078
0 137524 137525
0 199669 199671
1 979493 979495
0 428492 429477
0 972899 972900
1 277306 277309
1 221664 221691
0 323302 330799
1 546738 546961
1 779499 779501
1 999215 999217
1 515708 515755
1 649090 649122
0 828656 828657
1 1002036 1002037
1 903412 903748
1 154051 154053
1 4215 4216
1 117931 122969
0 1085281 1085285
1 996390 996394
0 664246 664247
1 279444 328527
1 314622 315789
0 462323 462848
1 849753 849761
0 1078521 1079954
0 99791 99794
0 449567 449574
0 833328 833337
1 943465 943809
1 959281 959282
1 1089315 1089317
0 397937 397938
1 990057 990058
0 111633 111933
0 583771 583981
0 8171 10682
1 679812 680528
1 799346 799348
0 1030570 1052443
1 106523 106524
0 120054 120056
1 510672 510673
1 1042743 1042744
1 838541 838545
0 187637 187645
1 425585 425637
1 327514 327515
1 405799 405814
1 500713 503885
1 662173 662178
1 743326 743626
0 494196 494385
0 515326 515327
0 1063240 1063241
1 52749 52750
1 395323 395324
0 691269 691270
0 552532 553182
1 631901 631902
1 284631 294143
0 821742 821743
1 698356 698807
0 57159 57161
1 697935 697949
0 959766 961100
0 439333 439402
1 59107 59112
0 175967 175968
1 1002811 1011548
0 648648 648649
1 976126 977379
1 96893 96894
0 731500 731988
1 1067635 1084617
1 61245 61254
0 355620 681635
1 753090 753091
0 579597 579602
1 440658 440881
1 42825 42826
0 368631 369080
1 188537 188539
1 730692 731379
0 684642 684655
1 219199 219276
1 276095 276253
1 525339 525398
1 74755 75011
1 620237 621300
1 17624 17650
1 858283 858284
0 1040780 1051239
1 721627 721628
0 807848 807866
1 787613 787614
0 906540 906544
1 599303 599308
1 1038993 1038994
0 181557 181561
1 9841 9861
1 888350 888351
1 772760 772761
1 176579 184392
1 66674 66675
0 1079288 1079291
1 907826 920974
0 270961 270963
0 970114 970115
1 482526 482863
1 476968 476969
1 1036187 1042456
1 940868 940869
1 923000 923356
0 534719 534731
1 449057 449059
1 857779 857780
0 136873 136915
1 468104 468105
1 642355 642356
1 1173 1174
1 71885 71957
1 519112 519113
1 486101 486442
1 106791 106832
0 113247 113249
0 306549 306552
0 240238 240611
0 715236 715411
1 580469 602588
1 849689 849725
0 306489 306651
0 741393 749332
1 82934 82942
1 179745 179904
1 300444 300449
0 675061 675070
1 939309 939310
1 10193 10196
1 685064 685103
1 839826 839829
1 342903 343814
1 591370 591379
1 356728 356729
1 880010 881319
1 190616 191097
1 469368 469817
1 386084 386086
1 417232 417236
1 861183 865768
1 735539 735540
0 84617 84924
0 857779 857780
1 648479 648482
0 880010 881319
1 713122 713123
1 523575 523581
0 530812 530837
0 331638 331639
1 752143 752150
1 840282 840314
0 848180 848389
0 678833 693712
1 262602 262608
1 16971 16972
1 928142 928375
0 70842 70847
1 378571 378830
1 130807 130808
0 377689 377692
0 252670 252945
1 810906 810907
1 404815 404816
0 128175 155567
1 810203 811506
0 9277 9327
1 794297 794300
0 659350 659351
1 528283 528567
0 442721 443516
0 728274 728276
1 1018951 1018952
1 963496 963499
0 1023649 1023651
0 627743 627744
1 320654 320802
0 666498 666509
1 55810 56060
0 190289 190344
1 636264 636265
0 945811 945815
0 744810 744816
0 346241 346387
0 927420 927421
0 149118 154984
1 159878 159884
1 367142 367150
0 321287 321288
1 183502 183574
1 764623 777355
1 517451 517454
0 45802 45970
1 623127 623128
1 1006948 1012666
1 419857 419956
1 141614 141647
1 248283 248684
1 849936 849937
1 827530 827533
1 251792 251801
1 494062 494609
1 1071127 1071128
1 250641 254902
1 445630 445631
1 908004 908444
1 663943 663944
0 1041776 1041782
1 116084 123375
0 374959 374972
0 820078 820085
0 69343 69344
0 842062 842134
0 28437 28438
1 138374 138388
1 27166 27167
1 5706 5707
1 605518 605520
1 45695 45696
1 492502 492505
1 632241 632242
1 80315 80345
0 29159 29160
1 177946 177947
1 573702 573703
1 852004 852008
1 640425 640455
1 938770 938771
1 607939 610393
1 259321 259322
0 165310 166105
1 270283 270382
1 172637 172655
0 188422 188425
1 893347 893422
1 471121 471690
0 652812 652820
1 867765 867767
1 1079761 1079762
0 453644 453645
1 200898 200899
1 534114 534120
1 62761 69668
1 686662 689115
1 606417 607594
1 559045 561981
1 192047 192049
1 238554 238555
1 1005649 1005755
0 338304 338308
1 974954 975327
1 645829 645833
0 377699 377849
0 1032972 1032973
1 238084 238241
1 821474 823194
1 572025 572026
1 186836 211957
1 560143 560158
1 445958 446545
1 463390 463391
1 625436 625437
1 349738 349929
0 493394 493395
1 78360 89284
0 526297 526299
1 411159 411163
0 1073589 1073590
1 545248 545469
1 612191 614321
1 318321 318332
0 708786 708793
0 641743 641744
1 600096 600130
0 93144 93290
1 879564 879569
0 221664 221691
1 465474 466273
0 303608 303610
0 468865 468866
0 566631 566641
0 838541 838545
1 739329 739368
1 1063032 1063987
1 160744 160745
0 1058442 1058443
1 911723 912004
1 204288 204291
1 724469 724473
1 712653 712691
1 762832 779768
1 298600 298602
0 754831 754832
0 998702 998703
1 951132 951149
1 288735 288740
1 293234 293266
0 628193 629260
1 934451 936486
1 317407 317408
1 38110 38111
1 179187 179383
1 844327 844329
1 59280 59284
1 738694 738695
1 593029 593031
1 485658 485664
1 664260 664268
1 339648 340889
1 192471 195460
1 760867 760872
1 1038760 1038762
1 64381 64382
0 422168 422169
0 246239 246240
0 1076551 1076554
1 378239 378240
1 730702 734819
0 886819 886827
0 60680 60681
1 864005 864006
1 370670 370784
1 1040467 1040468
1 723293 723295
1 838813 838815
1 773472 773473
1 255917 255918
0 749649 749652
1 58213 58214
1 539889 539963
1 139902 139947
1 1016507 1016537
1 985295 985308
1 336923 336974
1 215023 215025
1 156712 156715
0 590521 590522
1 696125 696126
0 314218 322002
1 234394 234404
1 122697 122699
1 728419 728420
0 879897 896992
0 856080 856605
1 916644 916646
0 441360 441424
1 295123 295125
0 910900 910939
0 248164 248675
0 1027723 1027724
1 226671 226769
0 885099 885233
0 773408 773410
1 487074 487086
0 843407 843414
1 374012 374016
0 201613 201615
1 145961 145962
1 578668 578669
1 1067492 1067493
1 183207 183208
1 393830 393831
1 465702 465706
0 42890 42896
0 301686 301687
1 598156 598157
1 860160 860161
0 827530 827533
1 5728 5729
1 315216 315249
1 1045029 1045030
1 285010 285011
1 207225 207230
1 547451 548430
1 1062502 1088529
0 1031780 1031781
1 1080721 1080723
1 359050 366209
1 357332 357815
1 913399 913431
1 897806 898108
0 463430 463828
1 885967 885968
1 18969 18970
1 1021819 1022141
1 797905 797912
1 435903 435909
1 593320 603834
0 412248 412251
1 1055198 1055421
0 425585 425637
0 82311 82364
0 190616 191097
0 791116 791146
1 52596 52597
1 259360 259364
1 412393 412396
1 883447 883479
1 104089 104090
1 367897 367899
1 608011 608156
1 49684 49698
0 208227 208238
0 646848 646849
1 85115 87070
1 101298 101300
1 942165 942167
1 589406 589410
1 817278 817472
1 889442 890122
0 752143 752150
1 507505 507506
0 849936 849937
1 593655 593656
1 640405 640456
1 459182 459717
1 41572 41589
1 157712 168986
1 802775 802777
1 839924 839943
1 642548 642632
1 492189 492916
1 370607 370722
1 600189 604229
1 940082 940083
1 843532 843533
1 112787 112788
1 1060889 1062141
0 874452 874804
1 754398 757402
0 10193 10196
1 753096 753104
0 306907 306923
0 134252 134253
1 780195 780196
1 817052 817054
0 43525 43527
1 579641 579642
1 588643 605511
1 298362 298375
1 30858 30859
1 345120 351374
1 384475 384745
1 587890 587894
1 194689 194690
1 634817 634818
1 438629 438806
1 708826 708827
1 910893 910930
0 940425 941171
0 64420 64421
1 366821 372580
1 238121 238162
1 388443 388561
0 869797 870280
1 1011709 1011711
1 922301 922374
0 187104 187115
1 1002652 1002653
1 1053597 1053598
1 372532 372533
1 383550 383551
1 488063 488240
1 988614 988667
0 348003 348004
0 1012590 1012592
1 1033482 1033485
1 444677 444679
1 476310 476317
1 664007 664023
0 367672 367683
1 68600 68602
1 112961 112976
0 275434 275444
1 1020143 1048814
1 101967 101971
1 101247 101263
1 311792 321108
1 278191 278337
1 670535 670539
1 261491 261494
1 581114 597666
0 406601 406603
1 654036 654063
1 226659 226672
1 31416 31421
0 711969 711970
1 1070866 1086212
1 468368 468409
0 881830 881831
1 846434 846437
1 658914 658933
1 463143 463149
0 275658 275667
0 192047 192049
1 660255 660257
1 512175 512186
1 612897 612898
1 42698 42713
0 924466 924532
0 159224 159232
1 527426 527704
1 21538 34107
0 664007 664023
1 1074195 1074200
0 665113 665114
1 218936 218953
1 1020990 1022139
0 1071472 1071478
1 998898 999583
0 842385 842386
1 991564 991578
1 122692 122838
1 432647 432655
1 928836 928842
0 891802 892626
0 619028 619476
0 885801 887626
1 238653 238655
1 466038 477792
0 640653 640654
1 546780 546781
0 476968 476969
1 850105 853591
1 554975 554981
0 887463 888542
1 780563 780655
1 939903 939921
0 898767 898768
1 839227 839229
1 727148 727163
1 103683 103804
0 139486 139490
1 741075 741273
0 313543 313544
0 116725 116735
1 814452 816865
1 419856 419857
1 961622 961629
0 261154 261155
1 713748 714145
1 1061491 1061509
1 561393 561540
1 914427 914430
0 561709 561875
1 539440 539441
0 119701 120380
0 702199 705292
1 424059 424060
1 159139 159143
0 766829 766830
1 844800 844801
1 272375 280583
0 688320 688322
1 492208 492237
1 893548 894538
1 575083 575084
1 808324 808486
1 670362 670363
0 59280 59284
1 622478 622482
1 488628 496162
1 588883 603531
0 954957 954961
1 181553 184274
1 538036 538309
1 203161 203164
1 618678 618791
1 271017 271018
1 710762 710763
0 234394 234404
1 125619 125875
0 64341 64343
1 15809 15965
1 612855 612857
1 898645 899232
1 729129 729131
1 727079 727080
1 557693 557860
1 727124 727390
1 883715 883716
0 931381 931414
1 245343 245350
1 838362 838363
0 381649 381650
1 679625 693476
0 1067217 1067238
1 159289 159294
1 919709 919710
0 248523 248535
1 862460 864131
1 1074652 1074653
0 465771 465775
0 908466 908476
1 854270 854276
1 863502 867415
1 92560 92562
1 748971 748982
0 464652 464654
1 726747 726854
1 635785 641918
0 685966 696138
1 418197 418198
1 274085 274099
0 908004 908444
1 409138 409142
1 441276 441573
0 70787 70788
1 1038537 1038538
1 594063 594065
1 206564 206566
1 996133 996340
1 379525 379538
0 359031 359344
0 483315 483316
0 996183 996184
1 911365 911366
0 69099 69100
1 8309 8837
1 855552 855553
0 463340 463350
0 769758 769762
0 779499 779501
1 647563 647986
0 1064865 1064867
0 1011862 1014695
1 625156 627169
1 233509 233510
1 426125 426126
0 781654 781662
0 890940 890941
1 808888 808962
1 740092 741330
1 947004 947167
1 422455 422791
1 685784 685838
0 1032765 1032766
1 882106 882115
1 1072285 1072929
1 530633 530648
0 126090 129013
1 640468 640469
0 1013157 1013158
0 385794 385846
1 757811 757815
1 669257 674315
1 1003620 1011994
1 789797 789803
1 964619 964676
1 306510 306516
1 384409 384716
0 608392 608393
1 115842 116615
1 221427 223387
0 590221 590226
1 159551 159564
1 1055772 1056684
1 684684 684685
1 239286 239287
0 11218 11875
1 275033 275034
0 829570 829595
1 304380 304386
1 898649 899048
1 964798 964799
0 727124 727390
1 845005 845011
1 829873 829875
1 994084 994085
0 426689 426703
1 402348 402358
1 966525 966528
1 184175 185508
1 388362 388365
1 793723 793724
1 406858 406863
1 237943 238036
1 95295 95318
1 482482 482484
1 82178 91337
1 881494 890213
0 1064976 1090449
1 832131 832135
1 991348 991386
0 476477 476478
0 296432 296433
1 775812 775837
1 301958 301967
1 1006045 1006056
1 981728 981734
1 3765 3766
1 765191 765195
1 788427 788431
0 277306 277309
1 1003330 1013312
0 450980 450982
1 256634 256636
1 61646 61655
0 262308 262838
1 454507 458152
0 396884 396885
0 332890 343693
1 360466 360849
0 87303 87595
0 557693 557860
1 691640 695680
0 277177 281550
1 371265 371274
0 392224 393157
1 199811 199820
1 909309 909316
1 1029387 1030727
0 315605 315608
1 1084314 1087031
1 503693 503701
1 938044 938045
0 586224 586227
1 733397 734301
1 202024 202026
1 876799 876801
0 1006045 1006056
1 274168 274169
0 275920 275921
1 714161 714350
1 812977 813011
0 560952 561135
1 238000 238093
1 196303 196312
1 637689 637690
0 38478 38480
1 629391 629621
0 388362 388365
0 32030 32031
0 945553 945555
0 880538 881172
1 669104 669340
1 490711 490721
1 154915 154917
1 1024133 1024928
1 351118 351331
0 30858 30859
0 584244 584247
1 647525 647526
1 1048109 1048293
1 105814 105816
1 873280 873306
0 255917 255918
1 449692 449698
1 207938 207939
0 1030291 1046246
0 629214 629217
1 316650 316652
0 298362 298375
1 657111 657112
1 53313 53314
1 259696 259697
1 572857 573044
1 754470 779361
1 404185 404191
1 241782 241784
0 829873 829875
1 258352 258353
1 605245 605248
1 68843 69468
1 149335 149337
1 341080 343362
1 302204 302207
1 1056809 1056810
1 708418 709647
0 68600 68602
1 50804 50839
1 358546 358547
1 966938 966944
1 629121 630311
0 831264 831280
1 357634 357637
0 100739 100742
1 69975 69976
1 805641 805645
0 1055198 1055421
1 25499 25552
0 621488 621819
1 626065 626070
0 575083 575084
0 112115 112116
1 883402 883403
1 711180 711210
1 113464 113480
1 571249 571250
1 450035 450036
1 236433 236453
1 870222 873512
1 423746 423753
0 733397 734301
0 500229 500352
0 833011 833018
0 332564 332567
1 194981 195013
1 539295 539296
1 559057 559058
0 116647 116940
1 371866 371867
1 560862 561278
0 519112 519113
1 931221 931673
1 313743 313953
1 653132 653173
1 422264 422285
1 39548 39559
1 700270 700272
0 190898 190899
1 903777 903779
1 608320 608321
1 276205 276206
1 277466 277467
1 130143 130145
0 404464 404465
1 431678 431679
0 59196 59199
1 69606 69607
0 85115 87070
0 737049 738018
1 526017 526162
1 705012 705013
1 307454 307481
1 115530 115660
1 804617 816186
1 821119 821631
1 1054473 1058887
1 596893 596895
0 190923 211826
1 1035894 1035895
0 620749 621115
0 182593 182594
1 681538 694183
1 718339 721415
0 550500 551139
1 1082858 1082859
1 688011 690554
1 1063266 1063274
1 842714 842746
1 751378 751401
1 471175 471176
1 71458 71471
0 390659 394491
0 654036 654063
1 274252 274253
1 131816 131817
0 293526 308545
0 202024 202026
0 282611 282612
1 947081 947201
1 286164 309222
1 506230 506998
1 885771 888004
0 881494 890213
1 603378 603580
1 501543 501544
1 926160 926164
1 965989 966242
0 844911 844919
0 443134 443174
1 27104 27113
1 116337 120258
1 54883 54885
0 43765 43781
0 682871 682873
0 679812 680528
1 175144 184221
1 48424 48425
1 378377 380091
1 834379 854369
0 257734 257738
1 1019772 1019774
1 718894 719370
0 1036904 1036943
1 414180 414187
1 230197 232144
0 47021 47504
1 324089 324102
0 447177 447514
1 530633 530634
1 540545 540554
0 559057 559058
1 419653 419664
1 887950 887980
1 953788 953789
0 413043 413048
1 795029 795126
0 184175 185508
1 532411 532413
1 558357 558729
1 708400 708401
0 846434 846437
1 742485 742839
1 797329 797335
1 702028 702034
1 604784 605859
1 49258 49259
1 1067344 1073585
1 727248 728714
1 450736 450737
1 1032871 1052913
0 324089 324102
1 417795 417808
0 404185 404191
1 883925 884432
1 878029 878783
0 348744 348745
1 520065 520066
1 700733 700734
1 514863 514864
1 513199 513200
1 1009394 1009402
1 574653 574655
0 576506 576513
1 485172 485282
1 326419 326420
1 311609 311793
1 915140 915141
1 147178 147180
1 748237 748253
0 908184 908712
1 559586 559603
1 111460 111488
1 227435 227437
1 412903 412907
1 743859 744257
1 750678 750680
1 1059702 1059704
1 664859 664866
1 455561 455562
1 910090 910099
1 310209 310210
1 144567 144571
0 378377 380091
0 539440 539441
0 521034 521920
0 534544 535275
1 369968 369986
1 49678 49688
0 746321 746324
1 367780 367781
1 609289 609290
1 219163 227791
1 1060503 1085331
1 331660 331846
0 875672 875937
1 344726 344727
0 863059 863576
1 58542 58543
1 1037036 1037037
1 701027 701028
1 868588 868612
1 829155 850430
0 796146 796152
1 231113 231519
0 819590 820545
1 14534 14535
0 129451 129453
0 207938 207939
0 482526 482863
1 550302 550417
0 325669 325678
0 488398 488403
0 742602 742845
1 1066460 1066486
1 590968 590973
0 302204 302207
1 1054753 1054754
1 464014 464023
1 468748 469212
0 573677 573678
1 428876 428899
1 756683 756700
0 889442 890122
1 761315 765939
1 909141 909142
1 13811 13812
1 250256 250542
0 311926 313896
1 191450 193805
0 137795 138089
1 167621 167623
0 1001322 1001957
1 730347 731091
0 223966 224655
1 1075105 1076043
1 767081 767288
1 874976 875002
1 432151 432156
0 106791 106832
0 1000590 1000591
1 944183 944184
1 288928 310151
0 103683 103804
1 506930 511511
1 831434 831453
1 948036 950331
1 87625 87781
1 763772 763773
1 758538 758671
0 540475 540720
1 680602 680627
0 327855 327856
1 391725 391726
1 927510 927512
1 348800 348967
0 292106 292108
1 741636 742901
0 5728 5729
1 401949 401950
1 730487 730553
1 12961 13010
1 640972 640973
0 629121 630311
0 506730 506731
1 259087 263529
1 535190 535483
1 1005682 1005683
0 459869 459870
0 306311 306363
1 1070754 1070758
1 487923 487924
1 487197 487263
0 276205 276206
1 782078 782079
0 306510 306516
1 28969 28992
0 732078 733913
1 218777 223360
1 334221 334483
1 936093 936096
1 415076 424147
1 941628 950413
1 445120 445121
1 142067 142073
0 450035 450036
1 766892 766893
0 604784 605859
1 156040 156041
0 1022201 1022203
0 501016 504171
1 190185 190187
1 727885 729596
1 505276 505279
1 30644 30814
0 710762 710763
0 105443 105445
0 705416 705417
1 248011 248032
0 430711 430714
1 788931 788933
1 768536 769476
1 122644 122646
1 8068 8069
1 847056 847381
0 1033217 1033239
1 686074 686075
0 298257 298259
0 920701 920703
0 341080 343362
0 528802 529303
0 78485 91093
1 3874 3878
1 86975 91788
0 966028 966250
1 253807 253808
1 181147 181330
0 558357 558729
1 121212 121213
1 872447 872563
0 69672 69673
0 964798 964799
1 424656 424657
1 173234 184122
0 1020143 1048814
1 714514 714516
1 402377 402378
1 77718 77719
1 157453 157455
1 461955 461977
1 148079 152778
0 298600 298602
1 372626 372692
1 27130 27134
1 1035626 1035632
1 566364 566365
0 579715 579718
1 1079197 1079199
1 69126 70715
1 870631 870753
1 927208 929949
1 239862 239863
1 462677 467875
0 945801 945907
1 80582 80728
0 17762 17763
0 817278 817472
0 16971 16972
1 991784 991785
1 637051 639965
0 402348 402358
1 718915 718918
1 827323 827324
0 138528 138541
1 691503 691504
1 679742 689050
1 517196 517198
1 362372 363149
1 450835 450836
1 884902 885164
0 1013157 1013159
0 753249 754187
1 729878 729879
1 428268 428269
0 598156 598157
1 225164 225167
1 42778 42808
0 325033 337255
1 581311 581400
1 112686 112687
1 679613 923855
1 1083935 1083936
0 874289 874290
1 808242 808471
1 442581 443571
1 793985 794004
1 968667 972590
1 1000564 1000571
1 239449 239451
1 908001 908019
0 134109 134122
0 934065 934069
1 68213 68400
1 494027 494028
1 411100 411105
0 236226 236232
0 1019061 1022562
0 374724 375551
1 315447 315448
1 814475 814476
1 1039025 1039026
0 966938 966944
0 312230 321633
1 392320 392327
1 463876 467953
1 898442 903923
0 330774 330775
0 53313 53314
0 463390 463391
1 582616 582617
1 81714 81730
1 435608 436809
1 332505 332513
1 522477 522831
1 582757 582758
1 127736 128611
1 1057467 1057468
0 241782 241784
1 1021107 1021108
1 239333 245803
0 452185 452186
1 368436 368458
0 314622 315789
1 724061 724063
1 467244 467245
1 594401 594402
1 360571 360915
1 809699 809740
1 83067 83844
0 732857 746642
1 943726 943727
1 131144 146733
0 708400 708401
1 63388 76127
1 278535 278538
1 778760 778778
1 911142 911143
1 847399 847402
1 986214 986215
1 154256 154282
0 1082858 1082859
1 822301 822477
1 679254 679378
1 205445 205447
0 251792 251801
1 913668 916219
1 623986 626694
1 198038 198401
1 624203 627086
1 77943 77961
0 201317 201320
0 877917 877995
1 852760 852762
0 5706 5707
1 61611 61613
1 1064432 1064434
1 756983 759250
0 507998 508195
0 980009 980010
1 973911 973912
1 962895 962902
1 825253 825254
0 200689 200726
1 462685 471585
1 939175 939176
0 1032022 1032024
1 568393 568394
1 350443 350851
1 1066355 1084731
0 1011055 1011056
1 500809 500810
0 174564 174849
1 610990 611089
1 622192 622193
0 751757 763232
1 617908 617912
1 73433 73436
1 769150 769158
0 196098 196099
1 221906 235347
1 483331 483339
0 704925 704968
1 750894 779744
0 766892 766893
1 159296 159300
1 1031112 1031122
1 704310 708111
1 973422 973470
1 629129 629148
1 880749 881260
1 964500 967999
1 285357 285358
1 271703 271711
1 929528 932242
1 709965 709966
0 1034820 1034822
1 868713 870712
1 70162 70163
1 998207 1000327
1 521292 521298
1 438102 438103
1 44180 44181
0 199811 199820
1 871642 871649
1 448225 457679
0 860160 860161
1 49182 55704
1 203388 203390
1 192520 192522
0 916742 916844
1 698215 698224
1 895458 895859
0 422614 422624
1 132654 132677
1 407388 407736
1 525000 525115
0 980649 980650
1 59900 59945
0 885789 887737
1 501268 501274
1 1075020 1075028
0 831434 831453
1 795142 797235
1 699300 699301
0 238992 238994
1 738599 738956
1 550155 550650
1 915703 918395
0 1173 1174
1 788870 788871
0 971429 971430
0 209732 209735
0 762832 779768
1 246478 246825
0 720771 720783
1 278759 278768
1 235553 235558
1 902209 902850
1 261580 261780
1 500913 503561
1 773 774
1 675259 675260
1 640954 640955
0 775812 775837
0 463876 467953
1 437519 437632
1 422319 422321
1 164181 246768
1 631928 635609
1 774229 774230
1 1015256 1017348
0 932142 932143
1 893222 893450
1 969625 977952
0 1042743 1042744
1 1054736 1054738
1 915363 915612
0 596893 596895
1 731753 749597
1 736314 736319
1 419616 419618
1 482586 482963
1 86747 87828
1 105707 105712
1 11048 11099
1 548105 556775
0 142012 142533
1 233830 233831
1 870203 870218
1 1067085 1067373
0 649066 649067
1 808250 808469
1 1016051 1016052
1 549112 549302
1 747590 748067
0 516431 526512
1 806236 806238
0 437519 437632
0 937130 937132
1 952207 952536
1 806772 806775
1 60869 61323
1 467227 467713
0 611180 617641
1 532772 537096
1 564950 565068
1 641217 646156
1 426548 426554
1 754613 754616
0 743859 744257
1 803900 803901
1 197536 209164
1 522296 522297
1 289383 289385
1 540200 540732
1 96325 96328
1 16445 16449
0 873852 874125
0 707835 708106
1 778485 778487
0 637051 639965
1 963798 963799
1 847918 847923
1 822308 822309
1 146839 146840
1 755309 780251
1 178449 178457
1 439195 439205
1 431559 431669
1 11063 35323
0 415076 424147
1 1084463 1086314
1 467938 467940
1 877529 877530
1 1032304 1032309
1 389946 389955
1 324382 324383
1 1078570 1078571
0 246478 246825
1 487409 487414
0 445205 445207
1 679358 681638
1 641842 642133
1 182233 182234
0 646967 646968
1 1074319 1074341
0 808250 808469
1 1040500 1040540
0 535658 535659
0 417079 417081
1 243032 243036
0 882106 882115
1 70055 70058
1 500164 500165
1 625583 625584
1 624031 626686
1 752083 752138
0 662173 662178
1 94471 96212
1 855176 867893
0 589392 589672
1 642290 642291
0 280870 280872
1 654063 654064
1 983665 983666
0 629129 629148
0 510831 510832
1 621013 630548
1 1055654 1055655
1 585694 596958
1 895374 895375
1 145285 145293
1 498665 498666
1 1053544 1053545
0 69126 70715
1 229826 229830
1 375612 375613
1 293289 305476
1 872493 872494
0 442325 442326
0 175144 184221
1 467588 467590
1 971510 971511
0 1001598 1001599
0 620237 621300
0 764634 777355
1 751628 753108
1 975126 977322
1 610798 611261
1 1032291 1032298
1 951540 951708
1 608559 608560
1 680114 690180
1 208665 208673
0 415296 415297
1 21159 21266
0 649090 649122
0 622429 622470
1 824060 824061
1 97793 109702
1 722541 722571
0 733945 733946
0 1037036 1037037
1 704791 704889
1 461474 462385
1 975535 975946
0 300642 300644
1 758517 758604
0 618678 618791
0 73629 73630
1 532030 532226
1 28211 28343
1 157968 157974
0 115724 116338
1 382915 392599
1 551984 551994
0 702267 702268
1 129599 129603
0 90895 90903
0 563656 566276
0 306032 308349
1 251589 251751
0 878029 878783
0 1081926 1081927
1 411181 411183
0 343970 343971
1 1027262 1028062
1 863677 867857
0 600189 604229
1 345778 354881
0 720143 720162
1 833935 833945
1 1074012 1074013
1 205372 205373
0 172746 172748
0 435903 435909
0 1050012 1050037
1 17495 17497
1 117798 118143
1 724233 724235
0 218936 218953
1 1010874 1010879
1 472695 473496
0 1003620 1011994
1 955583 955587
1 951466 951664
1 984691 984692
1 384624 384627
0 115690 115693
1 719424 720166
0 513199 513200
1 636756 636757
0 208991 208996
0 1022514 1022515
1 113267 113269
0 755464 760802
1 67857 67867
1 781423 781425
1 421943 770299
1 79835 79839
0 1043197 1043200
0 1043066 1051436
1 275855 275862
0 1057182 1057214
0 416116 416134
1 810239 810243
1 373267 373445
0 358546 358547
1 806980 806986
1 690033 690055
1 323871 324651
1 290375 290420
0 116337 120258
1 849762 849763
0 99599 101120
0 649779 651304
1 232347 232386
0 465474 466273
1 272499 272684
0 961622 961629
1 160869 160871
0 995713 995715
1 541623 543108
1 654868 654869
0 501267 504146
1 44394 44477
1 690303 690305
1 687249 687251
1 984293 984765
0 680602 680627
1 729770 729773
1 189358 189376
1 687554 687556
1 705419 705422
1 520211 520212
1 1053292 1053293
0 713122 713123
1 575692 575713
0 614107 617115
1 179706 179829
0 721627 721628
1 574683 574890
1 115488 115498
0 1084314 1087031
1 403212 403213
1 1087997 1088001
0 515988 515991
1 15021 15022
0 551395 551451
0 710579 712345
1 533139 533140
0 649253 650778
1 954183 954184
0 122697 122699
1 505075 505087
1 899174 899175
0 549112 549302
1 531779 531780
1 182343 182469
1 878950 895756
1 617065 617824
1 898249 899993
1 869984 869985
1 753827 753828
1 391454 391455
1 405946 406011
1 661418 661419
1 640240 640242
0 573904 577118
0 608559 608560
0 88870 88895
0 493993 493996
1 49153 49154
0 766366 766394
1 253205 253575
0 188537 188539
1 83531 91029
1 504476 504493
1 734625 736085
0 1037204 1037205
1 208231 208234
0 472581 473534
1 108409 109901
1 988735 988766
0 833935 833945
1 74780 74781
0 207225 207230
0 149335 149337
0 528283 528567
0 438474 438475
0 627445 628496
1 958329 958330
0 434327 434328
1 47723 47731
0 349126 349127
1 763038 763039
0 698215 698224
1 457012 457098
0 430956 432860
1 831037 831039
1 458503 459044
1 269790 269792
1 442798 442799
1 817667 826399
0 494027 494028
1 347123 347132
1 935969 935970
1 726834 726840
1 686203 686204
1 452781 452821
1 201850 201854
1 934745 934800
0 636264 636265
1 161237 161241
0 500713 503885
1 941460 941585
1 805537 805547
0 275033 275034
1 892650 892917
1 533683 533685
1 132578 132794
0 274150 274151
1 390070 390083
0 588134 604797
1 969976 969977
1 198186 198216
0 585791 585792
1 1055780 1055781
0 860345 860366
0 679625 693476
1 846828 854086
0 773472 773473
1 414205 414207
0 574004 574005
1 699360 699981
0 794297 794300
0 741636 742901
0 540545 540554
1 345645 345646
1 138537 138662
1 799237 799318
1 65292 65300
1 369129 369130
1 940671 945254
1 74519 74556
1 496081 496087
1 1020938 1020953
0 504594 504737
1 228606 228609
1 1014736 1014737
1 860429 860434
1 956631 956635
0 623127 623128
1 600867 600884
0 624031 626686
1 350529 353396
0 116084 123375
1 1047106 1047107
1 810206 812367
1 733017 733023
1 446621 446624
1 470983 473466
1 334816 334854
1 692220 692222
1 135401 135407
1 395025 395026
1 815936 816116
0 670365 670382
1 73815 73824
1 349593 349595
1 490270 490272
1 11334 11335
1 43477 43478
0 508705 508854
0 42698 42713
1 404818 404956
0 45981 45991
1 1654 2479
0 462685 471585
1 818874 818875
1 764191 764226
1 403016 403018
1 1006590 1012585
1 844693 844703
1 1001297 1011843
1 793695 793696
1 670319 670320
0 520065 520066
0 928196 928197
0 108023 109435
1 935266 935302
0 1030006 1030527
1 991992 992108
1 301749 301753
1 244754 246303
1 60208 60351
0 984691 984692
1 643263 643264
1 803896 804571
1 235871 235872
1 869615 869617
1 1052880 1052941
1 751533 751537
1 168362 168493
1 402533 402666
1 86809 86811
1 510851 510872
1 42498 55462
1 962645 962726
1 1069900 1070020
0 83531 91029
0 945879 946175
1 31181 31185
1 995069 995072
0 378571 378830
1 432470 432471
1 264079 264080
1 740683 740687
1 1046318 1047706
0 899174 899175
1 285010 285013
1 201141 217005
0 112961 112976
1 896954 896955
0 1067344 1073585
0 482586 482963
1 242931 242933
1 1035668 1035792
1 80500 92508
1 340351 340364
1 817090 826351
1 735412 735457
1 85185 85793
1 462811 462813
1 804075 805168
0 870631 870753
1 221753 221797
1 616379 616391
1 843144 843163
0 194689 194690
1 355376 355378
0 142067 142073
0 230197 232144
1 839198 839213
1 306882 306883
0 238000 238093
0 16445 16449
1 504841 509141
0 795142 797235
1 207946 207949
0 722541 722571
1 241861 241862
1 606958 606960
1 704764 704973
1 447026 447050
1 260755 260799
0 59107 59112
1 318026 318191
1 850319 854876
0 573702 573703
1 582648 583051
1 470566 471454
1 869523 873281
0 1053292 1053293
1 434735 434737
0 794864 794865
1 49899 49904
1 1017101 1017102
0 505276 505279
1 281512 282682
0 682482 682483
0 418197 418198
1 225798 225800
1 886544 887586
1 761072 761086
1 792263 801645
1 1082713 1082716
0 912595 920520
0 598292 598350
1 969014 969015
1 846641 846739
1 1069037 1069039
0 640629 640630
1 726624 726674
1 176727 176752
1 941584 949369
1 940935 940938
1 481915 484388
1 320248 320773
1 758590 758600
1 415906 415911
1 25184 25185
1 881238 892844
0 754398 757402
0 8398 8608
0 76812 76814
1 576898 576913
1 19763 19764
1 850259 850268
1 446129 969115
1 471695 471802
0 869984 869985
0 503693 503701
0 876148 876443
0 151434 151435
0 154051 154053
1 900358 900359
1 105822 105823
1 103278 107885
1 937325 937327
1 82975 82977
1 911288 911289
1 614077 614600
1 939898 939899
0 504841 509141
0 395323 395324
1 402345 402355
1 388134 394623
1 919279 919282
0 336923 336974
1 913319 913702
1 27328 27337
0 955583 955587
1 669171 669319
0 885827 885839
1 292193 292195
0 59900 59945
1 466825 478647
0 1063032 1063987
0 699300 699301
1 898234 899246
0 738599 738956
1 838973 838978
1 1087351 1089923
0 1016734 1016735
0 25184 25185
1 971884 972002
1 231010 231011
1 922840 924750
1 25031 25033
1 586848 586855
1 774206 774243
1 1062785 1063683
0 789156 789157
1 131901 151315
1 307421 307423
1 833606 833611
1 1015556 1015558
1 536474 536657
0 962895 962902
0 145961 145962
1 636349 636396
1 490436 490449
1 547040 547286
0 50804 50839
1 853915 853928
1 368486 368487
1 610878 611049
1 18141 18144
1 680782 692125
1 175886 175904
1 985936 985938
1 674566 674581
0 359050 366209
1 190128 190382
1 1054507 1054510
1 963531 963743
0 220102 220103
1 383198 383199
1 705500 705968
1 255719 258012
1 684084 684281
1 895172 895176
1 734362 748669
1 690228 690247
1 786831 786833
1 946969 948245
1 864950 864959
1 13482 13484
1 217382 217383
1 174005 174289
0 747160 748472
1 981399 981420
1 773893 773903
1 1015655 1015656
0 432470 432471
1 41902 41903
1 712273 712374
0 712797 713796
1 423557 423583
1 830406 830411
0 289919 290102
0 384624 384627
0 339648 340889
0 539153 539155
1 923089 926895
1 340291 340302
1 1056887 1056889
1 137407 156467
1 900173 904335
1 734582 746485
0 872447 872563
1 443333 443334
1 549291 549721
0 934922 936746
0 636756 636757
1 160407 160416
1 40382 40626
1 978440 984880
0 122692 122838
0 740872 741246
1 164413 164414
0 574653 574655
1 1036226 1036299
1 596375 596376
0 855552 855553
1 368983 368989
0 506230 506998
0 748971 748982
1 1054588 1054589
1 758262 758263
0 941460 941585
0 846828 854086
1 472398 472399
1 534192 534214
1 176962 176980
1 332878 333204
1 256626 256627
1 251111 251112
0 23062 23063
1 669173 669174
1 427059 427073
1 171686 171687
1 405119 405121
1 547783 547795
1 358030 359811
1 112120 112123
0 423396 423411
1 28134 28135
1 766562 766565
0 687249 687251
1 473186 473187
0 219419 219420
0 274409 274412
1 779271 779272
1 247444 247720
1 668581 668584
1 547238 556231
1 691098 695714
0 821889 821895
1 1078399 1078402
0 469368 469817
0 953788 953789
1 428404 428405
0 1061285 1061301
1 782620 782632
1 706238 706239
1 309379 309384
1 781554 781556
1 101758 101797
1 435192 435197
1 752319 752526
0 892650 892917
1 424767 424771
1 761917 761918
1 593501 593502
1 363071 363073
1 708423 709679
0 941628 950413
0 24089 24105
1 1072671 1072682
0 328690 328691
1 290238 290620
0 668581 668584
0 1014736 1014737
0 848071 848794
1 253120 253145
1 208211 208221
1 195969 195970
1 704481 704492
1 973344 973356
0 931910 932109
1 398112 398113
1 750782 778143
1 218205 222671
0 810239 810243
1 42433 42434
1 526614 526615
1 443392 443434
1 514008 514085
1 197281 197283
1 488681 500467
1 285284 285294
1 422585 422587
0 892457 892459
0 33494 33512
1 551249 551368
1 436222 437769
1 1007948 1010229
1 576310 576312
1 769026 769027
1 282171 282172
1 262182 262185
0 263136 263226
0 830434 830435
1 856452 860113
1 451350 451353
0 736554 736555
0 44507 44508
0 499722 499888
1 199389 215513
1 302613 302644
0 653417 653418
0 284631 294143
1 834566 834568
1 594187 594188
1 398851 398852
1 99723 99729
1 28676 29626
1 797162 797164
0 137137 137150
1 717739 717898
1 944311 944312
1 1044364 1044365
1 739274 739275
1 532006 532023
1 822983 822990
1 934395 934397
1 444404 454473
0 51641 51642
0 94471 96212
1 9360 9387
1 14069 14070
1 557263 557949
1 286563 286642
1 219382 219388
1 47213 47214
1 687730 687732
1 978793 978794
0 58542 58543
1 186649 186650
1 526626 526628
1 252361 252364
0 176962 176980
1 165911 166127
1 112127 112134
1 265516 265536
0 958329 958330
1 146416 146418
1 850189 850193
1 497148 497149
0 753090 753091
1 610810 612455
0 1040467 1040468
1 1035445 1035446
1 471458 471459
1 427779 427784
1 388326 388332
1 742960 748335
0 818874 818875
0 442798 442799
1 191833 191834
0 432647 432655
1 227121 227126
1 672347 672356
0 1074652 1074653
1 1010691 1012294
1 863185 865701
0 440658 440881
1 251962 252942
1 455751 455872
0 115488 115498
0 612295 612307
1 485089 485091
1 323845 344327
1 428158 428159
1 269656 269661
1 603215 603216
0 427242 427245
0 838973 838978
1 714353 714354
1 193458 193462
1 600794 605091
1 542017 542214
1 294242 307070
1 396787 397399
1 503396 503622
1 940748 949114
1 429194 429199
1 87134 87141
1 564669 564670
1 412035 412039
1 116275 116335
1 580800 580801
1 827578 827621
1 739849 740682
1 577300 577301
1 599163 599164
1 468187 468229
1 646073 646086
0 754613 754616
1 1024425 1024426
1 802105 802106
1 753430 753433
1 534723 543458
1 64092 64094
0 969014 969015
1 364262 364270
1 459354 459387
1 25507 25527
1 839308 839320
1 118544 118658
1 424438 429395
1 766663 766665
1 240681 241677
1 85105 85556
0 248011 248032
1 934944 934951
1 1059081 1059082
1 340147 343614
1 443964 444190
1 775040 775041
1 530618 530656
1 523848 523850
1 996815 996816
1 279706 279712
1 491928 491930
0 704315 704317
1 470135 470183
0 981728 981734
1 1066708 1066709
0 663008 663009
1 39724 39725
0 192471 195460
1 593774 593937
1 82556 83915
1 356417 357961
1 420216 420364
1 465082 465976
1 1077356 1077357
1 483550 483658
0 200898 200899
0 1051373 1051374
1 264187 264188
0 327756 330914
1 131018 157012
1 825598 825599
0 137407 156467
1 704964 704965
1 643651 643668
1 671203 675138
1 910356 910360
0 551694 551697
0 192520 192522
0 388134 394623
1 823526 824985
0 316354 317046
1 864849 864904
1 147603 147604
1 635431 635433
1 329000 333680
1 600903 600909
1 296039 296040
0 704791 704889
1 854143 854144
0 401019 401028
0 1077356 1077357
0 777334 777335
1 101212 101213
1 185997 186120
0 349579 349606
1 775762 775795
0 77684 77853
1 2087 2345
0 138537 138662
1 23230 23238
1 556086 556087
1 392726 392745
1 239404 239411
0 625436 625437
1 1044739 1044740
1 683200 683213
1 346137 346138
1 380137 380139
0 877529 877530
1 379916 380162
1 544224 544226
1 32590 32591
0 518994 519016
0 875232 875233
1 296311 296314
1 1072464 1072471
0 14534 14535
1 200979 200980
1 613918 613965
1 205782 205784
1 858781 864273
0 1054736 1054738
1 805638 805653
1 721108 721137
1 922136 922139
0 780563 780655
0 164413 164414
1 370343 370391
1 741735 743233
1 622420 622451
1 686990 687053
1 701301 701604
1 477111 477132
0 1079761 1079762
1 219371 219372
1 350480 350660
1 442784 442796
1 548226 548241
0 31416 31421
1 985806 985941
0 389946 389955
1 688165 688173
1 518023 518156
1 985619 985627
1 647235 651357
1 776532 776537
1 369033 369098
1 902502 902692
0 843048 843053
1 959208 959419
0 672347 672356
1 1006509 1006512
0 201850 201854
1 728775 728776
0 318125 318127
1 66367 66499
1 201376 213695
1 582456 583252
1 980431 980917
0 179187 179383
0 440856 440857
0 438245 438250
0 728419 728420
0 419921 432121
0 12961 13010
1 1052818 1052822
1 389317 389319
1 792829 792838
1 1025379 1025381
1 1033767 1033768
1 440690 440870
1 300483 300489
0 277056 277128
1 888522 892909
1 507806 507807
1 480861 481088
1 877863 877864
1 944231 944232
1 958811 958812
1 378678 379048
0 1046318 1047706
1 751818 751823
1 48697 48698
1 751679 751692
1 496590 496637
1 93942 93943
0 434519 434521
1 1060484 1060486
1 806337 807055
1 868566 868789
0 641842 642133
1 140542 140543
1 419404 419413
1 99926 99988
1 493169 493179
0 959783 961009
1 585342 585345
1 454057 454061
1 662844 662845
1 711512 711513
1 220396 235771
1 147614 147616
1 639232 639234
0 582648 583051
0 580800 580801
0 382808 388877
1 359518 359674
1 901318 901321
1 454191 454321
1 889302 889564
1 587498 605628
0 1057791 1057792
0 886304 886341
0 924458 924459
1 853190 853191
1 143008 143122
1 969341 969350
1 1054254 1054256
1 408842 408843
1 576645 576646
1 770771 770793
1 350217 350218
0 1053597 1053598
1 1073312 1073335
0 417887 417888
0 702191 702194
1 333894 333895
1 363712 363714
1 278158 278181
0 728694 728695
1 859830 865925
1 242342 242343
1 520757 520758
0 459182 459717
0 610810 612455
1 406478 407535
0 1044364 1044365
1 744877 744934
1 85053 85054
1 96985 97003
0 636349 636396
1 869879 870042
1 978377 978378
0 238084 238241
1 1076814 1076821
0 576645 576646
1 644834 644845
1 591584 591589
1 702066 702254
1 944229 944346
0 108117 108118
0 1054753 1054754
1 1062351 1090113
1 191322 191323
1 694595 694597
1 936070 936165
1 158355 158365
1 255813 255821
1 931920 931943
1 583845 583854
1 631804 631805
1 708520 708782
0 224923 231314
1 794893 794896
1 812838 812878
1 832564 832575
1 745958 745960
0 944186 944299
0 582456 583252
0 143008 143122
1 30333 30334
1 797071 797072
0 1032871 1052913
0 801415 801730
1 369957 369958
1 1015116 1015194
0 114872 115707
1 739316 739317
1 58198 64513
1 886546 886557
1 905546 905547
0 777547 777552
0 405946 406011
1 822528 822529
0 792263 801645
1 759360 759363
1 77832 77834
1 29146 29168
1 679671 679673
1 912262 912264
1 745964 746019
1 95193 108838
1 516839 516840
0 157453 157455
0 15511 15512
1 570100 570101
0 189035 189037
0 911365 911366
0 973344 973356
1 480969 480970
1 984006 984108
0 940748 949114
1 1000005 1000006
1 649149 649150
0 73433 73436
1 103806 103807
0 193458 193462
1 561360 561394
1 567767 578831
1 833185 833321
0 284119 284120
1 785680 786893
1 449567 449568
1 341685 343949
1 1035944 1035946
1 280555 280556
1 835651 835758
0 954405 955658
1 582771 582946
1 141901 141903
0 714685 714686
1 505362 505365
1 574161 574163
1 474058 474072
1 1004496 1009445
0 245554 245556
0 1020938 1020953
1 1047466 1047469
1 885159 895940
0 844327 844329
0 387735 387762
1 1080634 1086887
0 883402 883403
1 906070 919758
0 704764 704973
1 439587 441875
1 730960 747647
1 729915 729916
1 608501 616627
0 663943 663944
1 70929 70947
0 55810 56060
0 78720 91089
1 697473 697588
1 425621 427208
0 770139 770169
0 431679 431809
1 586567 586669
0 704310 708111
0 588424 588429
1 14721 14722
0 533753 533754
1 444613 444645
1 427010 427012
1 719606 719607
1 625339 626813
1 188768 198269
1 939965 940105
0 520757 520758
1 1084063 1084064
0 417795 417808
1 385745 385799
0 593774 593937
0 1021819 1022141
1 706927 706928
1 21237 21241
1 1081027 1081033
1 116002 116274
1 88512 88514
1 411749 411750
1 469895 469896
0 646142 646144
1 833431 833440
1 356427 364141
0 323023 323517
1 63874 63875
0 304380 304386
1 489854 489857
1 594301 594431
1 336767 336775
0 821474 823194
1 152019 152951
1 917252 917277
1 1038202 1038204
1 436821 436858
1 216822 216823
0 88048 88053
1 720656 720681
1 877757 877758
0 427010 427012
1 198415 198417
1 625955 626564
0 98193 98261
1 699250 699277
1 278269 278376
1 395467 395469
1 134027 134042
0 135412 135413
0 582771 582946
1 475682 1049819
1 85308 85309
1 469419 469426
1 770743 770747
0 685784 685838
1 189580 212054
1 566193 566195
1 879661 879665
0 751466 751467
1 848183 848399
1 174011 174452
0 487923 487924
0 922480 922482
1 425603 425606
1 781996 782014
1 540244 540252
1 713933 714054
0 125052 125056
1 1054563 1054565
1 202186 202217
1 597054 597055
1 955728 955730
0 1071881 1087868
0 358947 358949
1 1002566 1002572
1 513944 513946
1 1041656 1041748
1 841049 841053
0 453795 453796
0 998207 1000327
0 333894 333895
1 996551 996552
1 708965 708971
1 998230 1000467
1 718756 718759
0 456427 456437
0 893347 893422
1 418429 418431
1 140139 140946
1 802146 802148
1 362487 362891
1 1042039 1042040
1 773778 773779
1 100083 100136
1 16161 16164
1 819956 819957
0 864005 864006
0 725153 725154
1 397528 397529
1 777093 779891
1 880699 881273
1 810256 810257
0 830406 830411
0 679671 679673
1 807589 815445
0 1043173 1043174
0 808242 808471
0 251589 251751
1 510296 510297
1 121711 121714
1 910557 921228
1 707140 707372
0 911723 912004
1 717121 717750
1 259790 260359
0 792829 792838
1 398115 398123
1 312652 312871
1 265783 265790
1 1019800 1021378
1 658176 658178
1 85638 85825
0 38110 38111
1 22540 22589
1 790880 790882
1 487550 490903
1 667619 667620
1 326582 326583
1 877683 877705
0 848183 848399
1 51207 51547
1 314745 314746
1 641952 641953
1 9918 9921
1 295552 295553
1 327349 327519
0 500940 500944
0 674 675
1 1009470 1009471
1 1064266 1064981
0 141133 141135
1 545424 545530
0 741075 741273
1 405431 405438
0 510672 510673
0 85308 85309
1 131610 131615
1 780416 780418
1 192857 214428
1 978401 978427
0 998230 1000467
1 326813 326814
1 37453 37454
1 763402 763403
0 968667 972590
0 605245 605248
1 237562 237574
1 637710 637711
1 735359 736042
1 352400 353608
1 813968 814475
0 913319 913702
1 600794 600933
1 183751 183753
0 90549 91132
1 809035 809773
1 404735 404736
1 775562 775571
1 319593 320078
1 385970 385999
0 1006509 1006512
1 780883 781204
1 118667 118668
1 881188 892526
1 372246 372831
1 514075 514076
0 1033767 1033768
1 699688 699689
0 426125 426126
1 102290 107753
0 951132 951149
0 106523 106524
1 671577 671581
1 63421 63422
1 797894 797895
1 1067228 1073436
1 328012 328405
0 141400 141418
1 130190 130477
1 780578 780587
1 1060433 1060435
1 712699 713433
1 1075512 1075514
0 996551 996552
1 95187 95188
1 592864 592942
1 1054078 1054195
1 642180 642182
0 705012 705013
0 884902 885164
0 356951 357034
0 79395 79396
1 264663 264664
1 336572 336580
1 424862 424865
1 501090 501094
1 667818 667819
1 375542 375547
0 406478 407535
0 1697 10347
1 390248 395226
0 99926 99988
1 627084 627088
1 136416 136422
1 664776 664777
1 728150 728151
1 137273 137275
1 273874 273875
1 485579 485585
0 357634 357637
0 425921 425922
1 225159 225166
1 635854 652345
1 65514 65525
1 219013 219616
1 601329 601334
0 492208 492237
0 419653 419664
1 613768 613771
0 269656 269661
1 890988 891007
1 505834 505836
0 745707 745719
1 760555 760557
1 669074 669076
1 902618 902619
1 829359 829467
1 965 3213
0 544224 544226
1 1060315 1060466
0 237943 238036
0 487197 487263
1 831384 831420
1 232075 232078
1 573926 578881
0 164461 164463
1 159387 159389
1 785331 785342
1 839747 839749
1 679332 680168
0 95187 95188
0 696125 696126
0 455561 455562
0 646073 646086
1 130545 634490
1 936458 937718
0 296039 296040
1 835071 835079
1 345002 345047
1 472108 472110
0 943726 943727
1 875287 875505
0 274252 274253
1 229290 229533
1 518190 518251
1 70448 70449
1 563370 563371
1 521612 521613
0 86747 87828
1 843707 843716
1 967222 967223
0 798057 798615
1 462546 462547
1 444569 444923
1 550009 550611
0 188768 198269
1 81672 84020
0 197536 209164
1 634418 634437
1 646057 646081
0 279444 328527
1 709920 710012
1 334272 334490
1 877662 877676
0 324382 324383
1 341239 341240
0 758538 758671
1 136126 136132
0 127400 127443
0 112120 112123
1 730561 749535
0 242931 242933
0 768572 768573
1 796122 796123
1 54899 56556
1 558758 558763
1 270731 270732
0 60869 61323
1 906491 906513
1 547945 548365
1 859543 859596
1 1085872 1089675
1 426739 426774
1 600488 600489
1 1002234 1007350
1 1073372 1073378
1 511300 511417
1 248344 248350
1 789585 789864
1 685604 685656
1 811251 812295
1 504495 504496
0 764191 764226
1 620710 620712
0 307421 307423
1 290420 290424
0 95193 108838
1 487302 487305
1 758981 758985
1 997194 997219
1 1066574 1066576
1 701355 701514
1 455924 455926
1 173085 173087
0 550676 550774
1 1044909 1044910
1 23987 24387
0 900173 904335
1 425110 425119
0 16161 16164
1 66475 66476
1 1080465 1085906
1 197792 215593
1 533285 533291
1 840266 840267
1 561763 561975
0 2087 2345
1 267738 267743
1 336460 336461
0 641217 646156
1 122269 122271
0 1022278 1022386
1 909641 909642
1 297630 297631
0 910893 910930
0 669104 669340
0 739500 739501
1 17355 17356
1 560695 560749
1 124879 124880
0 1010874 1010879
0 765191 765195
0 70929 70947
1 1042920 1042921
0 516839 516840
1 346640 346805
1 107037 107038
1 311032 311034
1 2139 5198
1 232368 232392
1 992549 992550
1 1080017 1080018
1 709528 718412
1 306257 306258
1 434799 434806
1 655212 655341
1 598330 598331
0 805641 805645
0 828047 828058
1 654327 655042
1 586199 602465
1 158515 158516
0 442784 442796
1 867380 867381
0 691640 695680
1 15378 15379
1 755183 755188
1 887457 887460
1 268905 268907
1 5536 5538
1 490454 490455
1 583255 592835
1 388649 388650
1 738231 749727
1 398050 398051
1 446800 446801
1 192753 192756
1 996701 996702
1 788086 788087
1 987844 987845
1 924501 926600
0 954922 954993
1 690398 690399
0 860429 860434
1 172120 172583
1 141706 141707
0 587890 587894
1 659176 659180
1 187163 187203
0 378239 378240
1 384359 384360
0 84330 92394
1 318040 318147
1 902469 902470
0 52517 52518
1 103857 108521
1 119064 119065
0 1052880 1052941
1 558428 560036
1 148323 602392
0 1049819 1049826
0 131018 157012
1 83007 83123
1 1085243 1086423
1 50734 50767
0 146416 146418
0 758262 758263
1 688636 688638
1 189229 189242
0 540469 540476
0 68722 68723
1 823380 823559
1 241355 241356
1 1079962 1079966
0 752460 752465
1 956248 957402
1 222701 222988
1 743841 743846
1 197144 197152
1 94133 95181
1 1018229 1018231
0 588643 605511
1 810385 811574
0 1029387 1030727
1 25807 25816
1 423670 423671
0 770527 770528
0 212797 212798
1 118770 118771
0 612191 614321
1 327753 327754
1 287450 287452
1 756724 759230
1 455005 455012
0 422264 422285
1 477790 477792
1 773590 773592
0 758675 758965
1 13351 13353
1 26527 26528
0 118770 118771
1 293495 293712
0 94570 94571
1 663983 664143
1 66199 66200
1 649692 649739
0 733471 734156
1 745059 750476
1 74476 74484
0 101212 101213
1 458715 459906
1 66619 66620
1 512287 512298
1 576615 576726
1 239119 239122
1 567723 578828
0 468187 468229
0 722131 722145
0 197583 197586
1 252278 252294
1 687773 687782
1 409859 409862
1 102311 102376
1 159864 159865
1 231084 231085
1 658841 658844
1 815065 815066
1 302049 303300
0 585694 596958
0 490436 490449
1 715111 715112
0 776532 776537
1 467177 467322
1 539143 539393
0 151202 151203
0 66367 66499
1 296296 296297
0 745059 750476
1 1006693 1006735
1 888805 889448
0 176727 176752
1 280518 280523
1 574772 574785
1 634683 634684
0 1036226 1036299
1 987338 987339
1 974957 974958
0 751533 751537
1 758800 758805
1 350898 350910
0 610878 611049
1 248786 248788
1 664296 664298
1 573529 578876
0 328012 328405
0 420136 420137
1 327764 327766
1 722177 722178
1 242373 243985
1 327693 327694
0 323448 323585
0 496396 496404
0 750678 750680
1 330865 330867
1 679831 679841
0 921182 921183
0 1011709 1011711
1 405895 405899
1 322213 322334
1 673855 673857
1 306939 306940
1 989537 989538
0 41572 41589
1 504454 504455
1 55273 56155
1 490454 490491
1 715552 715878
0 172120 172583
0 715111 715112
1 603235 603335
1 363918 366356
1 999753 1000024
1 1016957 1017204
1 494915 494933
1 536293 543010
1 765058 765059
1 939397 939399
0 125558 125567
0 879536 879537
0 510851 510872
0 521612 521613
1 12854 12855
0 533139 533140
1 244070 244071
1 410076 410087
1 881665 882412
1 293780 293781
1 821258 821260
1 558689 559647
0 572167 572168
0 234310 234342
1 331072 331090
0 606317 606319
0 226671 226769
1 515694 515746
1 450831 457718
0 227008 227009
1 820832 820851
1 162386 162388
1 132621 132625
1 1036426 1036428
1 1003788 1012477
1 116667 116668
1 598462 598466
0 424767 424771
1 406735 406737
1 642236 642237
0 879607 879618
0 1035626 1035632
0 659737 659744
1 98303 98504
1 958685 958697
0 768536 769476
1 330220 330222
0 378678 379048
1 673705 673706
1 436163 436169
1 687021 695369
0 661663 661732
1 720988 721003
0 485658 485664
1 216386 216387
1 271852 271853
0 593029 593031
1 339681 339682
0 206027 206034
1 1000235 1000236
1 806496 815756
1 681254 681263
0 1021107 1021108
1 1030224 1030227
0 593685 593688
1 840213 840214
1 534902 534903
1 905781 921703
1 959883 960824
1 320342 320356
1 461210 461213
1 953824 953858
0 49182 55704
0 898178 898295
0 684084 684281
1 909482 910171
1 194614 194654
0 996133 996340
1 257227 257946
1 607810 609381
0 160869 160871
1 452081 452085
1 95539 108063
1 572240 572914
1 618655 619789
1 208696 208697
1 669238 669239
1 957695 957696
1 321509 321510
0 231113 231519
1 715265 715268
1 221553 223616
0 177946 177947
1 322440 322455
0 452443 452445
0 657673 657674
1 846895 846919
0 1052818 1052822
0 49684 49698
0 318830 319133
1 966015 966337
1 662622 672254
1 272216 272217
1 891048 891052
1 407717 407791
1 1013278 1013279
1 843756 843757
0 511300 511417
0 558689 559647
1 103512 103513
0 320248 320773
1 823400 823408
0 322718 322723
1 773729 773730
0 998898 999583
1 689554 689555
1 628912 628913
1 165705 172026
0 827521 827522
1 51391 51392
1 675333 675348
1 65451 65459
1 177870 178110
1 101565 101566
1 781662 781743
0 631375 631376
1 1034738 1034739
1 930425 930451
0 927438 928070
0 996701 996702
1 408983 409069
1 938845 938851
0 52749 52750
0 985806 985941
1 444843 444853
0 853612 853639
0 356417 357961
1 659611 659614
1 742943 743202
0 116002 116274
1 206811 206812
1 902964 904911
1 913476 917714
0 45695 45696
1 565310 565330
1 13503 13504
1 506444 506446
1 820657 820666
1 779818 779830
1 783748 783749
0 752083 752138
0 384475 384745
0 995069 995072
1 973452 974054
1 561783 562143
1 175609 175610
0 178389 178391
1 1017551 1017560
1 842882 842887
0 1054507 1054510
0 359518 359674
1 268570 268571
0 262182 262185
1 256213 256215
1 257299 257303
0 1050793 1050795
1 1061325 1086695
1 966905 967232
1 463521 463980
1 614253 614406
1 944632 944633
1 953142 953401
0 593848 593997
1 363717 363721
1 835649 835656
1 622597 622610
0 645829 645833
1 988105 988106
0 1024133 1024928
1 118519 118586
1 1055782 1055814
1 179538 179539
1 13714 15876
1 93873 102050
1 413770 414317
1 501156 501180
1 73892 73894
1 53108 53156
0 832848 832867
1 890206 890209
1 521682 521683
1 897669 897697
1 246612 246617
1 526535 526537
1 314353 314354
0 42825 42826
1 1044384 1044385
0 98303 98504
1 760588 760590
1 337806 337940
0 82178 91337
1 853318 853326
1 941258 941259
1 285406 285409
1 144878 145073
1 276004 276005
1 115835 116515
0 385970 385999
0 26929 27186
1 513691 513692
1 121051 121052
0 1072285 1072929
1 951136 951605
1 176016 176165
0 723419 729560
0 934745 934800
0 102150 102151
1 189164 211733
1 712480 714556
1 531677 531678
0 449057 449059
1 681266 681267
1 512577 512755
0 985619 985627
0 560854 562805
1 999048 999064
1 147253 147263
1 128595 128712
1 702646 702647
0 914427 914430
0 144567 144571
1 465204 465206
1 207082 212886
1 33116 33129
1 930139 936789
1 131846 151317
1 213850 215567
0 839204 839209
0 550426 550427
1 783113 783115
1 744043 744048
0 199389 215513
1 431790 431791
1 448824 448831
1 854382 854815
1 997774 997781
1 1069418 1069422
0 1080465 1085906
1 566295 566296
1 344997 345043
1 900353 900567
0 985936 985938
1 944938 944955
1 289045 300049
1 39423 39424
1 648429 648657
1 187517 187528
1 579563 579565
1 422942 422943
0 398050 398051
1 1072550 1072552
1 517449 518010
0 887327 892213
1 80336 80473
1 1057145 1057146
0 482747 482748
1 79857 79859
1 160612 160615
1 683737 684017
1 844682 844759
1 1065833 1065851
1 610032 610033
1 237283 254470
1 37671 37672
1 503353 503355
0 188588 188589
1 148527 156259
1 440790 440796
1 589057 589058
1 42561 42562
1 899750 899770
1 815211 815216
1 906269 907292
1 175104 175105
0 752319 752526
0 370506 370507
1 1053734 1053748
1 738256 747116
0 630941 630944
0 875576 875581
1 110559 110862
0 728150 728151
1 1079686 1079729
1 1063241 1088423
0 939911 939957
0 902502 902692
1 764367 764368
1 378007 382442
1 758869 758870
1 181761 181769
1 1068820 1069421
1 637224 637226
1 8026 8027
1 570468 571566
1 399729 402507
1 99382 108265
1 538323 538397
0 587498 605628
1 262207 262216
0 642290 642291
1 209274 209278
1 115217 166361
0 334011 334052
1 561366 561580
1 483627 484532
1 223229 229744
1 81202 81596
1 687673 687674
0 730692 731379
1 812800 812810
1 370546 370547
0 880590 880789
1 784835 784837
1 724302 729511
1 692151 692153
1 833763 833764
1 789691 799510
0 875287 875505
1 526101 526147
0 991784 991785
1 236570 236593
0 967161 967292
1 60618 60619
1 111212 113693
1 538162 543709
1 786740 786741
1 916790 916832
1 647322 647323
1 206638 214577
1 398711 413588
1 611169 611171
1 5434 5435
1 651711 651712
1 943568 943577
1 159046 169195
1 646412 646474
0 438017 438094
1 461471 461497
1 791082 791092
1 626991 626992
0 327687 328312
0 726834 726840
1 1018835 1018864
1 750843 753653
1 579646 579661
1 220566 220607
0 349738 349929
1 799815 799824
1 179073 179083
1 1035757 1035822
1 941913 941914
1 597218 597225
1 241890 241920
1 172299 172300
1 655574 655575
1 774273 774275
0 757716 779545
0 1036426 1036428
0 220566 220607
0 468104 468105
1 655900 655901
0 965 3213
1 615892 615893
1 541752 541753
1 756074 756090
1 201372 201401
1 619917 630576
1 790048 790049
1 902601 902602
1 881918 881924
1 391577 391581
1 777604 777605
1 33147 33170
1 922760 922762
1 358607 359473
1 61189 61190
0 320654 320802
1 895812 895840
1 619304 619305
0 346137 346138
0 238653 238655
1 1078483 1078509
1 872149 872150
0 485172 485282
1 1037670 1037671
0 179073 179083
1 96894 98136
1 786346 787898
1 1002790 1002794
1 716630 716631
0 1057145 1057146
1 807742 808983
1 923232 923346
1 86123 86125
1 25919 25921
1 186313 186315
1 299579 299590
1 976866 976887
1 691891 693134
1 832383 832384
1 893533 893534
0 762386 762388
0 686662 689115
1 960252 960374
1 804512 804572
1 626117 626128
0 1067228 1073436
0 817090 826351
0 248594 248595
0 350529 353396
1 719364 719427
1 26838 26839
1 130312 130314
0 844800 844801
1 1087373 1087375
1 563546 566209
1 507672 507877
1 121263 121264
1 75423 75426
1 835054 835056
1 1044569 1044570
0 1071463 1071464
1 325873 325874
1 731708 732040
0 671577 671581
0 113464 113480
0 886980 886987
0 721108 721137
1 935335 935342
1 891873 891874
1 332556 333041
1 702997 703001
1 1010650 1012153
1 259117 262682
0 709764 709797
1 1004860 1005008
1 601871 601883
1 266192 266461
1 371055 371156
1 66221 66244
1 144763 156207
1 782034 782041
1 846461 846463
1 725387 729321
0 576487 576504
1 437497 437762
1 926155 926156
0 471176 471938
0 534902 534903
1 582880 583089
0 586567 586669
0 97793 109702
0 1002566 1002572
0 709965 709966
0 680782 692125
1 99052 108452
0 418407 418456
1 243773 244109
1 259758 260234
1 622049 623032
1 410702 414758
1 565751 565752
1 451364 451365
1 177138 177140
1 905056 905066
1 967257 967284
1 725371 729009
1 726826 726827
1 382720 382723
1 709484 709491
1 750732 750739
1 849185 849187
1 85436 85739
0 845663 845668
0 802775 802777
1 396466 398910
0 908001 908019
1 451544 451545
0 514008 514085
0 729957 729958
1 66077 66078
0 702028 702034
1 11745 11748
1 399901 399906
0 566949 566951
0 613565 613566
0 659121 659129
1 790254 790263
1 352034 352052
1 57919 57922
1 169719 169721
1 570818 570865
1 145027 621904
0 182343 182469
0 218777 223360
0 522296 522297
0 619917 630576
1 305911 309202
1 737585 737586
1 785962 785983
1 387786 387787
1 550403 551047
0 105822 105823
1 98556 103102
0 54883 54885
1 32746 32747
1 236880 253837
1 379159 379160
1 393667 393670
1 291956 292113
1 772247 772248
0 139902 139947
1 25115 25120
0 823526 824985
1 888840 889612
1 229752 230233
1 339645 340817
0 806980 806986
0 915363 915612
0 237562 237574
1 58945 58947
1 1079476 1079482
1 792543 792545
1 349844 350478
1 932637 932907
1 521138 521163
0 868713 870712
1 1003913 1003914
1 955185 956925
1 376576 376577
0 48697 48698
0 761072 761086
1 931241 931452
1 276205 276208
1 843725 843784
1 455410 455416
1 873429 873431
1 402633 402679
1 415976 415980
0 664776 664777
1 729712 729735
1 680926 694267
1 820993 821015
0 891873 891874
0 981399 981420
1 267838 267843
1 101917 104045
1 388452 388453
1 840065 840066
0 505874 506440
1 282096 282103
0 358030 359811
0 763402 763403
1 171122 171123
1 101733 101746
1 510928 510937
1 206428 206429
1 940587 948626
1 916000 916464
1 22381 22382
1 237145 237157
1 812610 812617
0 1083532 1083534
1 809980 813350
1 511042 511043
1 1090894 1090901
1 594054 603522
1 270494 270554
1 890398 890426
1 421533 421549
1 17782 17783
0 447677 447912
1 822258 822259
1 194235 194238
1 488281 488294
1 509124 509125
1 115726 116130
1 972348 972349
1 140402 140405
1 659553 659554
0 974171 974172
1 449305 449306
1 808931 808948
1 901105 901972
1 367271 367274
1 350930 351216
1 520935 520941
1 952519 952520
1 38605 38613
1 436512 437072
1 285414 285417
0 175886 175904
0 183963 185544
0 25641 25645
1 834244 834247
1 348852 351203
1 103789 103790
1 25830 25845
0 1024425 1024426
1 693867 693872
1 524867 524869
0 1072464 1072471
1 415335 419177
0 658841 658844
0 369957 369958
0 940671 945254
1 944136 944137
0 797905 797912
1 934217 934229
1 527976 543495
0 8068 8069
0 118544 118658
1 261217 261232
0 852760 852762
1 190281 213029
1 352590 352596
1 597814 597820
1 825633 825635
0 148323 602392
0 662708 662731
0 1033080 1033090
0 458503 459044
1 191379 191380
0 529485 534296
0 539889 539963
1 190746 193626
0 750843 753653
0 820832 820851
1 892791 892857
1 688457 688497
0 526101 526147
0 679742 689050
1 819538 819539
0 57919 57922
1 699212 701276
1 631311 631312
1 1043706 1043707
1 481706 485075
0 634817 634818
1 1062637 1062638
1 675028 678012
0 503053 503093
0 931221 931673
0 464014 464023
0 341685 343949
1 453225 453226
1 350974 351234
0 321509 321510
1 304647 759397
0 259117 262682
1 69496 69498
1 389349 393230
0 65292 65300
1 242486 242487
1 1072740 1078925
1 828643 828658
1 671373 671456
1 412952 412953
1 714145 714243
1 451609 451610
1 708568 708939
1 32668 32735
1 73542 73671
1 919593 920383
0 103423 103424
0 336572 336580
0 883447 883479
1 814698 814705
1 59680 75438
0 778760 778778
1 260094 262052
1 644448 645255
1 190513 211796
1 1083607 1083609
1 297151 297154
1 683352 683353
1 438695 438825
1 1063013 1063014
1 979302 979303
0 451750 451751
0 489854 489857
1 328556 328557
1 95596 95609
1 224188 224189
1 332131 332134
0 915140 915141
1 86554 92192
0 594301 594431
0 1038537 1038538
1 614486 614790
0 900358 900359
1 602950 602951
1 106526 106527
1 1046492 1051361
1 1059627 1059647
0 101247 101263
1 81956 91256
1 1024676 1024677
1 929818 930254
0 22382 22773
1 482592 482965
1 131419 131499
0 815065 815066
1 644846 644906
0 867765 867767
1 759115 759117
0 600096 600130
0 563546 566209
1 529054 529074
0 730960 747647
0 301958 301967
0 825598 825599
1 971294 971386
1 315044 315053
1 97997 97998
0 331109 331113
1 292454 292455
1 534163 534164
1 498017 498025
1 210741 212070
1 803456 804887
1 274254 274671
1 224530 224537
0 332823 332933
1 984562 984563
1 687556 687558
1 812535 812536
0 798788 798789
1 955693 955773
1 235483 235488
1 538434 538435
1 41334 41335
1 26656 26689
1 852758 852759
1 7070 7085
1 317533 317534
0 111511 111520
1 494905 494906
0 547945 548365
1 758285 758296
1 449871 457746
0 735143 735151
1 842984 842995
0 239443 239445
1 258942 265607
0 728219 728463
1 1016578 1016579
0 885159 895940
1 60360 73568
1 232703 232724
1 942290 942292
1 752134 752159
1 42822 56342
0 179538 179539
0 246612 246617
1 812852 812861
1 954934 954949
0 5536 5538
1 32571 32874
1 430359 430616
1 263118 263121
1 129768 129769
1 578366 578446
1 537877 537878
0 306882 306883
1 679716 680003
1 864919 864922
1 538127 538170
1 368511 368512
1 482608 482622
1 181417 181419
0 13351 13353
1 942724 942725
0 898040 898279
0 902601 902602
1 624864 624869
1 694555 694556
1 22276 22277
1 497416 497460
1 291062 291120
0 399729 402507
0 738694 738695
1 524238 524243
1 799895 799900
1 1829 1830
1 862232 862253
0 86809 86811
0 131610 131615
1 673414 673474
0 236433 236453
1 1079510 1079521
1 805873 815767
0 693867 693872
1 794979 794980
1 806141 806142
0 1041656 1041748
1 591785 604030
0 22381 22382
1 603670 603671
1 166059 166395
1 489565 489576
1 446436 446437
1 1044803 1044988
1 201701 213207
0 66199 66200
0 907826 920974
0 291897 291901
0 352034 352052
0 297151 297154
1 140481 140543
0 438102 438103
1 845967 845970
1 1007786 1007915
1 4146 4160
0 917252 917277
0 225574 225575
1 854018 854034
1 61736 61853
1 517232 517233
1 70259 70261
1 126343 126344
1 64840 64843
1 81225 81396
1 912336 916637
1 87947 92807
1 662541 672140
1 853295 853307
1 626006 626007
1 666339 667339
0 460979 462876
0 701355 701514
0 23987 24387
0 350898 350910
1 772604 772625
1 776644 776645
1 317294 317295
1 224137 224141
1 850207 850321
1 334111 334113
0 735049 735975
0 74519 74556
0 425574 425576
1 869886 870058
1 479482 479483
0 740092 741330
1 566853 566963
1 903191 903193
0 694555 694556
1 901087 902038
1 140684 153238
1 724317 724318
0 728775 728776
1 167585 167588
1 844538 844554
0 316650 316652
0 891048 891052
0 915703 918395
1 187037 187053
1 506338 506742
1 314272 320626
0 738231 749727
0 29146 29168
1 981410 981425
1 471166 471360
1 166435 167184
1 934949 934950
1 217415 217416
1 295968 295973
1 813939 816168
1 3210 3211
0 1090894 1090901
1 888827 888834
1 951360 951384
1 35512 35513
0 1054588 1054589
0 54502 54510
1 674461 674474
1 1081741 1081857
1 78955 78956
1 897815 897817
1 719382 719430
0 880749 881260
1 818653 825067
1 911688 916290
1 1007526 1007530
0 406735 406737
1 317580 318033
1 582159 582738
1 883800 884298
1 965855 965857
1 390963 394746
1 1064489 1064519
1 686105 686111
0 943465 943809
0 542017 542214
1 523074 523075
1 231768 232442
1 89678 89680
1 473445 473730
1 477235 479518
1 243227 243250
1 154466 154468
1 569550 569558
1 469751 480386
0 1038202 1038204
0 248786 248788
0 593501 593502
1 393189 393298
1 536939 536946
1 679317 679436
1 339280 339392
1 449493 449495
0 988614 988667
1 674067 674073
1 46402 46403
1 986267 986268
1 243306 243308
1 1024651 1024652
0 16649 16650
0 718756 718759
0 487550 490903
1 884126 884187
1 269583 269584
1 1075636 1075754
1 986291 986299
0 534163 534164
1 1062584 1062955
1 150037 150038
1 581484 581485
0 1002811 1011548
1 747307 747308
1 534111 534132
1 564813 564814
1 575604 575606
1 7808 7815
1 220982 221033
0 747590 748067
1 16995 17003
0 620710 620712
0 871615 871616
1 754697 754733
1 571527 571531
1 22043 22044
1 560177 560202
1 323757 323782
1 752416 752417
1 566098 568716
1 197898 197903
1 554649 554650
0 138861 138862
0 247179 247180
1 1048224 1048261
0 788931 788933
0 296252 296253
1 234498 234502
1 906350 906352
0 165705 172026
0 758517 758604
1 503575 503576
1 98459 107766
0 965447 965448
1 1019955 1019956
0 255624 255625
1 979281 979293
1 186409 204853
1 420275 420284
1 990688 990756
1 545247 545248
0 1070866 1086212
1 593072 593082
0 81225 81396
0 289383 289385
1 292208 301951
0 831777 831778
1 947044 947160
0 664260 664268
1 705712 705713
1 1073013 1087489
1 19301 19329
1 612386 612558
1 497429 497480
1 681012 681014
1 1037857 1038648
1 188804 188805
0 424438 429395
0 680988 681004
1 791697 791701
0 401949 401950
1 90664 90665
1 566093 568751
0 706174 706636
0 244754 246303
0 987738 987739
1 372737 372806
1 134074 134075
1 617902 617903
0 64381 64382
1 159888 159890
1 1020457 1020746
1 839856 839860
0 1072550 1072552
1 706011 706023
0 255921 255922
1 813524 813546
1 769033 769034
1 560173 560334
0 140542 140543
1 817695 817696
1 621068 621069
0 1020457 1020746
1 243696 244135
1 439563 439848
1 722538 722626
1 191793 191871
1 836419 836429
1 473638 473915
1 24562 24564
1 257674 257771
0 1002790 1002794
1 209739 209761
1 645400 645509
0 40382 40626
1 658157 658158
1 1083191 1085096
1 314268 314272
0 332556 333041
1 792993 792998
1 781749 781750
1 270846 271294
1 328261 333589
1 512754 512757
1 82945 82953
1 143115 143459
1 234501 234504
1 128974 128976
0 126877 147127
1 838961 839010
1 868839 868841
1 520611 521997
1 134149 134178
1 771825 777014
0 916000 916464
0 655900 655901
1 316733 316735
1 598705 598721
1 267926 267939
1 368388 368397
0 7070 7085
1 1083986 1086223
0 709484 709491
0 12949 13493
0 893195 893431
0 692220 692222
0 23392 26606
1 893123 893124
1 959994 960001
1 1030038 1034884
1 529670 529672
1 178967 179263
1 89040 89048
1 317428 317803
1 887961 887962
0 96893 96894
1 543264 543634
1 429997 433966
1 626505 627136
1 847957 847974
1 980544 980548
1 525911 525912
1 769347 771212
1 736826 737214
1 570676 570683
1 922249 922346
1 127876 150857
1 332506 333338
1 829195 829289
1 332014 332015
1 967470 967471
1 1060536 1060537
1 45243 45244
0 104034 104038
1 809067 809758
1 745184 745185
0 881238 892844
1 1000851 1000855
0 834244 834247
0 404735 404736
1 135423 135424
0 955728 955730
1 1041207 1041211
1 945646 945647
1 583116 583117
1 110967 110969
0 261580 261780
1 943270 943271
0 329046 343417
1 678785 678800
1 196161 196166
0 901318 901321
0 350930 351216
0 1083986 1086223
1 541551 541552
1 864238 864249
1 455597 455612
1 578024 578026
0 916644 916646
0 863502 867415
1 99837 99839
0 924501 926600
1 640258 640270
1 430295 433784
0 822528 822529
0 975126 977322
1 419113 419131
1 1005233 1005235
1 622362 623405
1 394195 394198
0 773778 773779
1 110976 110978
1 906700 922023
1 125580 125583
1 39123 39124
0 36737 36738
1 1019131 1019132
0 434799 434806
1 944476 944485
1 824216 825155
0 173234 184122
1 910674 910679
1 1037058 1037062
1 791039 791040
1 190730 211026
1 993055 993070
1 484272 484276
0 71563 71566
1 801043 801044
1 633955 633956
1 645570 645575
1 839124 839132
1 449124 449141
0 191833 191834
1 330339 330342
0 852708 852711
1 429960 429961
0 932637 932907
0 730561 749535
0 130190 130477
0 360571 360915
1 455713 457534
1 148039 157214
0 748001 748002
0 759115 759117
0 727079 727080
1 932495 937420
1 66937 66938
1 619011 619018
1 81358 81359
1 23899 23908
1 671638 677567
1 291370 291503
1 699209 699210
1 489060 489383
1 1080132 1080141
0 524867 524869
0 183751 183753
1 287444 287555
0 827578 827621
1 754109 754110
1 57752 57754
0 197063 197066
1 220754 220756
1 301994 303343
1 520889 520890
1 264051 264052
1 761529 761618
1 4760 5188
1 1047937 1047938
0 738256 747116
1 435286 435544
1 568398 568399
1 357881 357882
1 430432 430433
1 48663 48664
1 295395 295396
1 97990 97993
1 992653 992724
1 758107 777835
0 73892 73894
1 602168 602401
0 791341 791342
1 411083 411085
0 1082455 1082456
1 376436 376701
1 903317 903318
0 1067635 1084617
0 251307 251985
0 243723 244180
0 822983 822990
0 850105 853591
0 390248 395226
1 929751 930124
1 979581 979584
1 15994 36089
1 106927 109852
0 186836 211957
1 387686 387687
1 782071 782221
1 691414 691415
1 823788 823903
1 606594 607535
0 688011 690554
1 784286 784287
1 531131 531696
1 690260 690261
0 541623 543108
0 447426 447442
0 445630 445631
1 887942 887964
0 679716 680003
1 900502 900637
1 995112 995114
0 380137 380139
0 979493 979495
0 579641 579642
0 881188 892526
1 574933 574934
0 646412 646474
1 301159 301160
0 397528 397529
1 17193 17306
1 88665 88666
1 111772 114198
0 540200 540732
1 660143 660144
1 753448 753452
1 814548 814549
1 325773 325778
0 467588 467590
1 395001 395003
0 407449 407452
1 473666 474519
0 263118 263121
1 393560 393563
0 412393 412396
1 300623 300628
1 259766 259950
0 654868 654869
0 905056 905066
1 100659 100663
0 740803 740807
0 483550 483658
0 934949 934950
1 830897 830898
0 2139 5198
1 937987 937989
1 1002507 1010641
0 205285 205287
1 619168 619169
1 899055 899056
1 910224 912102
1 147318 147319
1 176229 176644
1 577688 577754
1 334767 334776
0 208211 208221
1 465786 465787
1 968579 968580
1 120485 120707
0 66674 66675
1 809617 809621
1 264504 264505
1 1065723 1085041
1 185598 185600
1 317871 317872
1 158864 171672
1 371811 372038
1 620742 620744
1 11994 18624
1 226244 226247
1 139941 139942
1 94545 94546
0 593320 603834
0 1061325 1086695
0 4215 4216
1 863932 863945
0 898234 899246
1 639801 639802
1 906153 906154
0 270283 270382
1 556085 556086
1 974531 974549
1 888894 888906
1 769373 778511
1 738344 745670
1 912694 912839
1 608315 609164
1 368566 368666
0 9841 9861
0 323845 344327
1 989655 989656
1 902581 903116
1 158352 158354
1 989643 989646
1 494938 494968
1 980045 980046
1 313848 318305
0 441045 441767
0 28969 28992
1 568092 568107
1 817415 818044
1 1072718 1072719
0 219013 219616
1 118350 118622
0 243770 243789
1 836694 836698
1 130630 130633
1 984405 984406
0 101917 104045
1 24207 24217
1 548753 554478
1 538817 543649
1 917445 917784
1 262529 262824
1 148048 148049
1 831379 831380
1 278675 279041
1 501967 501968
1 699346 699348
1 639136 639137
0 583845 583854
1 72984 75365
1 925547 925550
0 895812 895840
1 330364 330849
0 404818 404956
1 481285 483540
0 591370 591379
1 405112 405126
1 993536 993537
1 864999 865006
0 52596 52597
0 534192 534214
1 340588 340589
1 193972 193975
1 1038718 1038719
1 319499 319531
1 89052 548980
1 628850 630125
1 977260 977273
0 731753 749597
1 410737 410738
1 1025337 1025338
0 180117 180236
1 140157 140158
1 371366 449325
0 823788 823903
1 164606 164642
1 293658 295138
1 59650 59898
1 265664 265667
1 768384 768386
1 659909 659913
1 471011 471012
1 981245 981247
1 293541 293585
1 933140 933413
0 766832 766833
1 387284 387427
1 274099 274100
0 411159 411163
0 582880 583089
0 239404 239411
1 272070 278451
1 545856 546072
0 431559 431669
1 685509 685511
1 931224 931225
1 560611 560613
0 780195 780196
0 764919 764923
1 533155 533467
0 368511 368512
1 139812 139818
1 765388 765393
1 349442 349456
1 592392 592396
0 1021338 1021343
1 199804 199805
1 537724 537773
1 1036697 1053072
1 3016 3733
1 429437 429444
1 920709 920714
1 640150 641174
0 645570 645575
1 182736 184066
1 949579 949963
0 969976 969977
1 508683 508685
1 354764 354767
0 306257 306258
1 990257 990258
1 649504 649506
1 733953 734019
1 140248 140254
1 277648 277680
1 473263 473265
1 312485 312509
0 679332 680168
1 806346 806347
1 832353 832354
1 1003244 1003245
1 222551 222552
0 939174 950841
1 587966 587997
1 595147 595611
1 940428 941094
0 1082713 1082716
1 425459 425463
0 140402 140405
0 944136 944137
0 1037058 1037062
1 1080528 1085390
1 590687 590791
1 439659 439889
0 332682 333386
0 288110 288153
1 569508 569563
1 855315 855881
1 1017330 1017332
0 79857 79859
1 140876 142099
1 847361 847369
0 751679 751692
0 276095 276253
1 1032843 1032853
0 77832 77834
1 456168 456191
0 657749 657784
1 926483 926485
1 291182 291188
0 523239 523266
0 127876 150857
0 820993 821015
1 1054509 1054959
1 569213 574348
0 853295 853307
1 432405 432424
1 1040980 1040981
1 691179 691180
1 62180 62327
1 48809 48811
1 601585 601595
0 561783 562143
1 559151 559220
0 812535 812536
1 862951 862952
0 780883 781204
1 531666 544553
1 466712 466727
1 212885 212886
1 543011 543012
1 581553 594387
1 153047 153050
1 559146 559583
0 932495 937420
1 271875 280920
1 123141 123142
1 224690 232624
0 1066355 1084731
0 790880 790882
0 1054254 1054256
1 109585 109589
0 93873 102050
1 1041495 1041496
1 897864 898151
1 947398 949840
1 681973 681998
0 26911 27057
0 89040 89048
1 1068185 1068186
1 627859 628458
1 796336 796338
1 934734 934813
0 840065 840066
1 584713 584717
1 875932 875933
1 279909 279916
1 706129 706654
1 951227 951228
1 520173 520174
1 853831 854144
0 682639 948508
1 896769 896771
1 777608 777610
1 566193 566194
1 982446 982447
1 486499 486501
1 917019 1027034
0 202186 202217
1 783857 783871
1 683624 689476
0 1040114 1040115
1 234666 234672
0 872493 872494
1 899347 899522
1 829265 829281
1 117797 117798
0 293658 295138
0 815936 816116
0 500913 503561
1 315163 315774
1 758307 758308
0 614077 614600
1 139582 139584
1 7930 7931
0 963531 963743
1 188238 216545
1 63233 63234
1 681048 681051
0 931427 931428
0 252278 252294
1 218599 218601
0 414545 414549
1 51440 51450
0 496943 499386
1 934637 934638
1 175644 181658
1 958455 959271
0 992600 992605
1 563718 563719
0 1065723 1085041
1 414355 414356
1 457977 458244
0 13714 15876
0 32746 32747
1 740532 746648
1 269039 283440
0 259758 260234
0 197144 197152
0 94133 95181
1 511140 511216
1 567687 567688
1 614168 614170
1 588180 588181
1 990726 990832
1 841704 841713
1 931315 931316
1 162938 163275
1 122341 122513
0 286606 307637
1 582667 585687
1 1080997 1080999
1 339850 340742
0 140481 140543
1 930374 930377
1 16538 36526
1 924462 924463
0 848494 848496
1 983493 983494
1 623848 623881
0 496879 497329
0 496590 496637
1 95591 95602
1 775522 775525
1 731677 731725
0 194235 194238
1 551861 551913
1 306430 306433
1 584717 584736
1 957475 957476
1 823279 823280
1 479466 479468
1 392325 392326
0 190185 190187
1 1034865 1034965
1 447518 452581
1 891750 892135
1 684836 684838
0 642236 642237
1 549607 549608
1 963590 963791
1 117104 117110
1 417541 417638
1 565281 565285
1 102992 102993
1 367542 367678
1 931322 931506
1 784598 784620
1 1062871 1062877
1 132561 154580
1 620299 620306
1 981764 981766
1 9298 9300
1 342041 342042
1 97109 107540
1 134541 134545
0 454507 458152
1 335153 335164
1 799665 799715
0 780908 780910
1 329341 329420
0 458715 459906
0 516649 516867
0 440790 440796
1 675553 675554
1 680110 690176
1 565024 565279
1 469674 469687
1 883898 884385
1 1004508 1004514
0 236570 236593
0 190746 193626
1 809884 809885
0 805873 815767
0 823279 823280
1 929619 929620
1 232737 232758
0 103278 107885
1 1088370 1088374
1 898824 899464
1 175790 175791
1 238557 253938
0 258942 265607
0 332131 332134
1 730008 730478
1 979479 983354
1 206411 206415
1 295136 305015
1 390011 390016
1 722444 722445
0 1060484 1060486
1 892334 892336
0 98459 107766
1 21195 21197
1 54417 54427
0 906269 907292
1 220309 220310
0 383198 383199
0 805638 805653
0 1060889 1062141
0 306430 306433
1 207342 207345
1 292573 292579
1 1009308 1012515
1 638941 638943
1 80021 80024
0 846461 846463
1 524725 524769
1 301065 301149
1 727027 727047
1 252331 252332
1 345986 345990
1 795872 795873
0 216822 216823
0 716165 716900
1 331204 331845
1 603945 603947
0 221553 223616
0 415084 432027
1 1076502 1076503
1 819593 819616
1 319817 319818
1 398634 398635
0 311609 311793
1 82694 83442
0 105707 105712
0 520889 520890
1 726641 726670
0 637472 637474
0 445958 446545
0 895374 895375
0 739316 739317
1 411824 411830
1 884071 884073
1 397060 397522
0 466825 478647
0 783113 783115
1 731011 731012
1 192994 193006
0 784835 784837
1 582826 582830
0 742960 748335
1 926869 926871
1 438789 438896
1 164803 164807
1 524077 524221
1 326317 326324
0 787613 787614
1 752746 758108
1 351409 351417
1 378693 378792
1 661626 661627
1 325598 325599
0 312485 312509
0 615254 615256
1 276226 276640
1 716271 716289
0 331660 331846
1 657258 657260
1 98064 103253
1 57831 57832
1 816929 817555
0 606874 607427
1 99988 99989
0 560143 560158
0 190730 211026
0 189164 211733
0 103191 103192
0 95591 95602
0 229752 230233
0 660143 660144
1 817782 817844
1 958732 958741
0 241281 241282
1 821364 821531
1 853816 854100
0 637710 637711
1 43699 43802
1 880179 880188
0 444569 444923
0 461955 461977
1 556630 556634
1 827916 827917
1 701985 702236
1 227111 227133
0 501967 501968
0 541752 541753
1 1014694 1014695
1 407524 407534
1 848022 848038
0 849753 849761
1 362125 365286
1 881751 882871
1 141751 141760
0 140248 140254
1 435039 442117
1 600643 600644
1 1081838 1081839
0 169186 170190
1 160454 160495
1 772535 772536
1 745977 746014
1 161066 161067
0 745964 746019
0 140876 142099
0 969625 977952
0 1018951 1018952
1 475547 475550
0 108409 109901
1 697810 697816
1 55324 55381
1 857139 866541
1 567405 567539
1 130913 151595
0 157968 157974
0 820657 820666
0 169719 169721
1 8815 9372
1 1024589 1024591
1 692199 692202
1 1039382 1039383
1 883257 883266
0 761917 761918
1 758379 758442
1 173499 177691
1 1041448 1041449
1 295468 308508
0 557263 557949
1 368607 368609
1 66648 66650
1 486952 486964
1 190127 190382
1 110953 112001
0 337806 337940
0 503575 503576
0 529670 529672
1 502118 502268
1 496632 496947
1 654443 654444
1 456302 456304
1 525908 525916
1 874370 874371
1 991921 991931
1 1031533 1031534
1 77277 77278
0 887457 887460
1 486150 486158
1 519129 519130
0 70162 70163
1 994976 994977
1 118922 119426
1 945623 946199
1 358339 366257
0 512346 512348
0 208665 208673
1 147798 147799
0 767367 767381
1 177151 178166
1 871147 876515
1 889187 889188
1 743501 744606
1 1076997 1076998
1 1003612 1003613
0 220396 235771
0 25919 25921
1 1078408 1078417
1 975501 975607
1 1044546 1044547
1 138943 138944
1 128923 128924
0 660255 660257
1 242105 242115
1 435926 435962
1 180551 180704
1 895773 895780
1 613938 614117
1 1018924 1018926
1 272508 272681
1 446544 457621
0 421533 421549
0 931322 931506
1 639256 639257
1 83049 83122
1 79011 79013
1 922954 926276
0 23899 23908
1 765504 765505
0 712273 712374
1 358599 359090
0 439195 439205
0 767081 767288
0 66937 66938
1 954391 954392
1 533944 533983
1 998852 998992
1 95028 95032
1 929306 929307
1 320821 320966
1 606445 607393
1 875857 876005
1 768763 768765
0 327764 327766
1 733567 734198
0 122644 122646
0 729770 729773
0 978480 978481
1 456445 456453
0 204288 204291
1 547079 547080
1 69359 69373
1 83598 87144
0 41902 41903
1 84451 85123
1 159742 159743
1 23314 23315
0 1070754 1070758
1 891038 891059
1 1042170 1042208
1 347164 347370
1 122509 122611
1 420417 430285
1 360439 360520
1 228707 235080
1 416414 418341
1 943435 943444
1 519127 519128
1 126255 153832
1 248012 248062
0 333839 333873
1 1023129 1023130
1 207788 207797
0 368388 368397
1 1036464 1036465
1 645138 645139
1 681125 681126
1 584268 584358
1 500815 500824
1 96668 108308
1 273260 276909
0 470135 470183
1 593221 604568
1 680947 680948
1 673478 673481
1 66452 73152
0 139812 139818
1 314675 314678
1 81781 81782
0 274168 274169
1 165911 166263
1 65480 67049
1 46487 46587
1 436938 436952
1 377527 377537
1 214 222
0 758590 758600
1 701970 707719
1 923090 923095
1 30680 30808
1 924568 924591
1 125974 127710
1 283718 283719
1 126019 126020
1 52697 52698
0 1042920 1042921
1 710942 710962
1 882628 890890
1 32989 32995
1 143011 143013
0 964500 967999
1 226405 226406
0 257262 257263
1 37141 37142
1 742888 745019
1 417370 420624
1 204453 204572
1 736612 736614
0 545856 546072
1 185396 185397
1 510475 510476
0 1064266 1064981
1 389256 389300
1 883020 883021
1 327894 344922
1 330284 330960
1 717453 717454
1 345584 345736
1 472642 474296
1 702850 703022
1 339772 339774
0 810256 810257
1 727968 727969
1 577944 577946
0 1054509 1054959
0 699688 699689
1 514725 514838
1 948600 948601
1 12998 13000
0 410702 414758
0 467244 467245
1 681985 681986
0 602168 602401
1 869432 869574
1 519822 519823
1 848454 848508
1 500316 500318
1 933747 933749
1 247005 247006
0 797071 797072
1 491831 491903
1 96026 96027
1 667738 667739
1 377463 377466
1 423212 427374
1 748581 750296
1 1060751 1062138
1 356903 356912
0 980431 980917
1 747866 747867
1 586072 586088
1 1041283 1041284
1 197227 197266
0 31181 31185
0 704481 704492
1 1005068 1011488
0 933140 933413
0 730487 730553
0 853831 854144
1 189148 189189
1 1085104 1085106
1 205952 205974
1 81599 81602
1 572471 572472
0 81358 81359
1 909097 909158
1 375116 375873
1 158142 158277
1 197707 213596
0 463521 463980
1 607919 607920
0 130807 130808
1 1009258 1009288
1 133636 133641
1 795789 795790
1 352545 352551
1 1038893 1038894
0 598538 598539
1 314583 314584
0 207082 212886
0 110953 112001
1 574174 579183
0 326732 326733
1 377803 377805
1 901958 902989
1 743313 743314
1 27349 27388
0 219382 219388
1 87468 87469
0 1063241 1088423
1 65752 65754
1 352248 352255
0 358339 366257
0 1080132 1080141
1 948012 948014
1 679774 680057
0 345002 345047
0 813524 813546
1 914442 914914
1 37470 37471
1 1058461 1058574
1 672567 672614
1 838997 838999
0 967257 967284
1 37065 37066
1 83047 83051
1 587544 587558
0 428876 428899
1 54731 54732
1 475786 475804
0 201993 201996
1 992975 992983
1 670616 670619
1 64699 64734
0 349593 349595
1 887074 896381
1 538296 538647
1 93179 93320
1 49674 49857
1 383890 384074
1 889094 889095
1 372113 372115
0 135401 135407
1 745715 745730
1 799012 801098
1 273727 273833
0 1019591 1019600
1 514534 526501
1 958898 958907
1 915079 915713
1 880489 880741
0 688165 688173
1 666918 666923
1 783743 803171
1 499654 499655
0 934734 934813
0 911288 911289
0 164181 246768
1 436341 436387
1 615720 615723
1 110762 123946
0 940868 940869
0 944476 944485
1 986406 986451
1 52401 52408
0 556630 556634
1 924095 924096
0 194614 194654
1 502695 502708
1 450936 450937
0 482608 482622
0 455969 455971
0 616367 616410
0 121263 121264
1 810600 810615
1 458871 458872
1 714743 714830
1 498239 498243
1 132223 132224
1 763342 763344
1 901883 901885
1 941055 941497
1 157837 170438
0 98064 103253
1 853396 853399
0 758536 758537
1 1081608 1084464
1 988761 989573
1 861025 861026
1 1040018 1040024
0 51440 51450
1 592381 592412
1 352116 353403
1 43150 43156
1 162884 169223
1 765380 765381
1 228698 228711
1 969830 969831
1 101360 101366
1 676016 676017
1 98448 107680
1 324731 337667
1 1075524 1075549
1 1024052 1024053
1 995516 995519
1 419467 431088
1 222406 222408
0 1046202 1046291
0 466085 466086
0 198186 198216
1 857290 857315
1 976411 976659
1 331551 331554
1 906545 906561
1 122380 122381
0 277455 277456
1 883081 883115
1 440873 440878
0 563370 563371
1 1067813 1067935
1 978517 978518
0 467177 467322
0 88512 88514
1 246721 246722
1 915935 916314
1 643012 643013
0 687021 695369
1 127568 128268
1 67526 72590
0 997774 997781
1 191288 215999
1 714076 714078
0 912817 912932
1 982936 982943
1 619190 619226
1 296671 296678
0 424862 424865
1 945958 945971
1 659136 664857
1 294341 294342
1 405154 405161
0 488826 489206
0 817706 817805
1 532607 532620
1 933821 933824
1 888612 888614
1 40520 40541
0 378693 378792
0 533683 533685
1 290019 290021
0 1015655 1015656
1 901468 904868
1 95702 108335
0 937325 937327
1 853488 854126
1 568343 568433
0 62180 62327
1 99010 99012
0 133636 133641
1 837346 837356
0 575205 575206
0 281512 282682
1 811260 811293
0 71458 71471
1 1066779 1067442
1 663129 663130
1 787180 787181
1 920219 920220
1 523508 523509
1 741197 741300
1 410480 410487
0 849762 849763
1 278229 278231
1 259801 260375
1 432969 433823
1 708472 709066
1 966271 966274
1 377277 377278
0 718894 719370
1 790756 791672
0 763772 763773
0 906491 906513
1 303856 303857
1 805061 806758
0 724233 724235
1 230364 230365
0 461474 462385
0 189954 213261
0 757811 757815
1 47817 47819
1 915604 915672
1 991118 996323
1 1014130 1014132
0 370546 370547
1 12473 12548
0 459354 459387
1 429720 429721
1 392904 395004
1 865095 865220
1 773925 773926
0 863818 863824
1 838979 838981
0 235553 235558
1 243977 243978
1 468902 469107
0 425621 427208
0 898442 903923
1 800521 800550
1 1049905 1050101
0 1059822 1074529
0 526535 526537
1 243199 243200
1 361840 361939
1 240116 240140
0 99010 99012
1 706291 706448
0 843725 843784
0 889302 889564
0 100083 100136
1 643838 644594
0 798169 798277
1 838695 838700
1 883089 883098
1 53147 53238
1 31578 31579
1 192320 192324
0 339681 339682
1 219159 219863
1 888902 888916
1 531392 532349
0 688457 688497
1 310309 310311
1 696000 696003
1 732569 749701
0 368983 368989
1 906827 906829
0 755183 755188
1 663871 663873
1 8234 8244
1 652958 653614
1 884805 884806
1 881576 882496
1 67541 67542
1 503487 503488
1 286401 286409
0 474333 478861
0 671638 677567
1 623847 623904
1 636325 636326
0 845005 845011
1 534066 534067
0 450936 450937
0 1043531 1043559
1 758587 758588
0 742588 743030
1 942877 950892
0 622192 622193
1 583396 583399
1 439072 439162
0 597054 597055
0 612855 612857
1 408324 408344
1 769781 769799
1 494257 494411
1 403848 403849
1 447399 447410
0 560177 560202
1 567074 579522
1 272961 272966
0 1015116 1015194
0 516305 516443
0 453565 453578
1 222925 222926
1 290233 290240
0 525339 525398
1 619130 619135
1 753643 753645
0 625955 626564
1 628443 628453
0 11063 35323
1 774205 774210
0 93179 93320
0 486952 486964
0 367542 367678
1 985038 985080
1 575188 575200
1 436313 439347
1 824223 824224
1 149068 156671
1 590064 604309
1 403883 403886
1 573060 573066
0 162896 162924
1 409090 409093
0 205372 205373
1 954819 955773
0 609198 609199
0 547079 547080
1 380348 380361
0 888721 888725
1 586097 586121
0 1829 1830
0 375542 375547
1 486111 486118
1 270726 270728
1 335094 335105
1 624357 624366
1 797332 797333
1 36696 36697
1 700322 700323
1 725976 725988
1 387901 387903
1 160604 162025
1 118930 124900
0 821364 821531
1 150546 150547
0 600794 605091
1 229703 230491
1 1044873 1044874
1 47932 47940
0 44892 44893
1 50751 50756
1 962169 962190
1 72112 72157
1 57921 58598
1 132384 157127
1 835163 835175
0 244070 244071
0 182921 1053673
0 176016 176165
1 179909 179916
0 157712 168986
1 221212 221260
1 59250 75539
1 590081 590323
1 429487 429488
0 639801 639802
1 90741 92837
1 120840 120941
1 871040 876990
1 881834 882555
1 633083 633084
0 583396 583399
1 312615 312623
1 115770 115772
1 890144 891804
0 1044803 1044988
1 553341 553353
0 1029450 1029451
1 313669 313671
0 71885 71957
1 1004158 1013531
0 953824 953858
0 485089 485091
1 1046065 1046066
1 860203 867174
1 900680 900682
0 345120 351374
1 57419 57460
1 1046552 1046936
1 892977 892979
1 126643 126653
1 973702 973779
1 127823 150527
0 36988 36989
1 745538 745547
1 80605 80606
0 42822 56342
1 192594 192661
0 893548 894538
1 828627 828631
1 1017423 1017431
1 820606 820607
0 500316 500318
1 1039313 1039314
0 182736 184066
1 501188 501354
0 596643 596644
1 364955 366287
0 371866 371867
1 313150 313325
1 56455 56456
0 2691 2693
1 162098 162100
0 431778 431782
0 985295 985308
1 388696 388699
0 545248 545469
1 366820 372816
1 641737 641817
1 432501 432534
0 730702 734819
0 612386 612558
0 469630 469749
0 116275 116335
1 222441 222462
1 527121 527122
1 190174 190196
1 779299 779303
1 189240 189246
1 745561 745562
1 927489 927919
1 92614 92616
1 586836 586841
1 49465 49479
0 1035757 1035822
1 622910 622915
1 890363 890367
1 133246 151061
1 655581 655604
0 1032304 1032309
0 863932 863945
1 642127 651526
1 325384 325581
1 290726 290728
1 680280 680377
1 969136 978218
1 942525 942724
1 1066010 1066011
1 128142 128146
0 988105 988106
0 486499 486501
1 878328 878347
1 606894 607501
0 535179 535184
0 118667 118668
1 539943 541403
1 534740 535467
1 499676 499890
1 88137 88188
0 239286 239287
1 624925 624927
1 1070932 1070941
1 241764 241766
1 1046401 1046491
1 11602 11612
0 471121 471690
1 821040 821046
0 241355 241356
1 154110 154112
1 67719 67731
1 224121 224897
1 584190 597738
1 217614 218699
1 805741 805742
1 431786 431787
1 308744 308745
1 269567 284090
1 753869 753870
1 107623 108728
0 1000851 1000855
1 279675 279858
1 301813 301820
0 257227 257946
0 209274 209278
1 657767 657768
1 439090 439173
1 993081 993082
1 588303 588304
0 958811 958812
0 643012 643013
1 1015713 1015977
0 912336 916637
1 778326 778328
1 895366 895430
1 980288 980289
1 841270 841271
0 181417 181419
1 576656 576657
1 243939 244377
1 429384 429449
0 130913 151595
1 443707 443931
1 195511 212336
1 273451 284011
1 133414 133416
1 260225 260255
0 807589 815445
1 557252 557279
0 565024 565279
0 86554 92192
1 578843 579051
1 613381 613396
1 438703 439171
0 147178 147180
0 368607 368609
1 839787 839789
0 1013278 1013279
1 117876 117877
1 944575 944576
0 81956 91256
1 307203 307211
1 219063 219064
0 640972 640973
1 347133 347247
0 538127 538170
1 719722 719723
1 120370 120371
1 917290 917604
1 57420 57439
0 241861 241862
1 572872 572873
0 61611 61613
0 568092 568107
0 713748 714145
1 794385 794386
0 621013 630548
1 466828 467597
1 821881 821888
1 369194 369209
0 368486 368487
1 851291 851292
0 616379 616391
1 715190 715791
1 1064416 1064417
1 262626 262627
1 923469 923470
1 175255 175261
1 136163 137103
1 901512 901818
1 302467 302479
1 989569 989570
1 1082328 1082330
0 68213 68400
1 173676 173687
1 325399 325401
0 832383 832384
1 654001 654002
1 676217 676223
1 812150 812151
1 285896 285903
1 745280 745282
1 286779 308381
1 498155 498156
0 1082484 1082485
1 676143 676144
1 983607 983608
1 793002 793017
1 600069 600070
1 589885 589886
1 136409 136419
0 439072 439162
1 12888 23979
0 191322 191323
1 989120 989454
1 582415 582420
1 897797 898089
1 918714 918783
1 846178 846182
0 592392 592396
1 931427 931429
0 910270 910271
1 665790 665791
1 804984 804985
1 236741 236744
1 234533 234563
1 150197 150202
1 306991 306997
0 687556 687558
1 1059953 1075120
1 469514 469516
0 371055 371156
1 634862 634863
0 4146 4160
1 68332 68333
1 317663 317665
0 1067492 1067493
1 736172 746977
1 918562 918682
1 732698 732699
0 893533 893534
1 594671 594672
1 673500 673501
0 843756 843757
0 659176 659180
1 595174 595175
0 690228 690247
1 1007676 1007685
1 397903 397915
1 991312 997481
0 48809 48811
0 566098 568716
1 600980 600995
1 147670 147671
1 668065 668130
1 733635 733636
1 628720 628736
1 33739 33750
1 762009 762011
1 280486 280487
1 285014 300723
1 955357 955659
1 335916 336096
1 586324 586352
0 829265 829281
0 388452 388453
1 680927 685043
1 85884 85886
1 1036985 1036989
1 855513 866144
1 255927 255928
1 1056072 1056073
1 136574 136577
0 989643 989646
1 133110 151138
0 393189 393298
1 166022 166023
1 613616 614848
1 718009 718340
1 383670 383671
1 857439 857643
1 580903 581455
0 990688 990756
1 686034 686035
1 702229 702402
1 476484 476494
1 954508 954517
1 373117 373118
0 58198 64513
0 140684 153238
1 137304 137311
1 176950 182678
0 403501 403655
1 719193 719197
1 708881 708883
1 632235 633090
1 998608 998609
0 603235 603335
1 982176 982725
1 69907 69908
1 149165 156942
1 1031342 1031343
1 281166 525366
1 419775 419782
1 369231 369270
1 54577 54646
1 763758 763761
1 893475 893476
1 942490 942497
1 653811 653812
1 141068 141075
1 885833 887371
1 969277 969455
0 219371 219372
0 411083 411085
1 172315 172528
0 466712 466727
1 159340 159344
0 359296 359410
1 496442 496444
0 586199 602465
0 1076841 1077044
1 24399 24400
0 496442 496444
1 1051921 1051932
1 104270 106476
1 80161 80162
1 197023 197048
1 332748 333423
0 941913 941914
1 25253 25336
1 1066574 1066575
1 891666 891668
1 670808 671055
1 491886 491888
1 621413 621429
1 628016 628033
1 868238 868451
1 324063 324533
1 868767 868769
0 992549 992550
1 551089 551090
0 69606 69607
1 1007287 1007989
0 301749 301753
0 517449 518010
1 960978 960981
1 836578 836581
1 1064505 1064558
0 569213 574348
0 930374 930377
1 1031550 1031630
0 419775 419782
1 935086 937631
1 504400 504411
1 12997 13036
0 429720 429721
1 435644 441582
1 103477 103478
1 873918 874020
1 335567 335568
1 163408 163420
1 438459 438474
0 623847 623904
1 491802 491814
1 350681 353735
0 61245 61254
1 20947 34754
1 65872 65876
0 589684 589687
0 338443 338462
0 147318 147319
1 45756 45762
0 750732 750739
1 717163 717581
0 957695 957696
1 664630 667893
1 261548 261901
0 315554 316108
1 516968 516969
0 669173 669174
0 334816 334854
0 839227 839229
0 586324 586352
0 210741 212070
1 770374 770573
0 388649 388650
0 451609 451610
1 468741 469160
0 372532 372533
1 620642 620650
1 991766 991780
1 25189 25192
0 1032291 1032298
0 290019 290021
1 461374 465696
0 735412 735457
1 79000 79371
1 94235 94644
1 275986 275987
1 1064690 1064908
0 611887 611888
1 434627 441607
0 248012 248062
0 1064505 1064558
0 859830 865925
1 245957 253997
1 977074 977232
1 476109 479189
1 585510 600883
1 561082 561204
1 302757 303019
1 644085 644086
1 227271 227285
1 788814 788815
1 517705 517756
1 477512 477521
1 785416 785909
1 566428 576674
1 232649 232650
1 942452 942890
1 606959 607532
0 473186 473187
1 208781 208786
1 631221 631223
1 993102 993103
1 845097 845196
1 222299 223627
0 526017 526162
1 919759 920210
1 312800 313255
1 787972 787975
0 607810 609381
1 158492 158498
1 608878 608881
1 252325 252327
0 349442 349456
1 830049 830050
1 374079 375855
1 142990 142991
1 492980 493050
1 883678 883679
1 833081 833084
0 774205 774210
0 584717 584736
1 238997 239009
1 567012 567017
1 209073 209080
0 765504 765505
1 894172 894493
1 121472 121631
1 296698 296706
1 710578 710951
0 280555 280556
0 929751 930124
1 806518 816735
1 440262 441830
0 376436 376701
0 77277 77278
0 809980 813350
1 397728 414403
1 482494 482951
1 770454 770495
1 318115 318116
1 910425 910427
1 131070 131074
0 943568 943577
0 431678 431679
0 349844 350478
1 837536 837537
0 941584 949369
1 509087 509094
1 1040216 1040226
1 736841 737150
0 712653 712691
0 192320 192324
1 357382 357797
1 299282 299379
1 843454 843455
0 946969 948245
0 484272 484276
1 493861 493866
0 301159 301160
0 600980 600995
1 841518 841553
0 226357 226789
1 847319 847321
1 213692 213693
1 580544 580568
1 408656 408658
1 405720 405721
1 702541 702556
1 813286 813511
0 299579 299590
0 416149 418037
1 94434 94657
0 550403 551047
1 153886 153887
1 421433 421482
0 930325 932965
1 714435 714436
1 894504 894506
1 103602 103603
1 94179 94965
0 240681 241677
1 856922 857041
0 563623 657725
1 41959 41979
0 1072671 1072682
1 301320 301339
1 147309 147311
1 886783 886784
1 738011 738013
1 879950 881109
1 452403 452405
0 375612 375613
1 732161 732168
1 906096 906099
1 284912 284949
1 934900 934904
1 928266 928391
0 318321 318332
1 858352 858540
0 129768 129769
1 71148 71150
1 454957 454968
0 384359 384360
1 743805 744420
1 32607 32612
1 80685 80686
1 822348 822354
0 669238 669239
1 7897 7898
0 620304 620319
1 701857 701941
1 618625 618701
1 313837 314037
1 1038434 1038435
1 307059 307060
0 439090 439173
1 225110 225383
1 396480 412962
0 531677 531678
1 546662 546938
1 479997 479999
0 872149 872150
1 415167 415170
1 1007245 1012213
1 137416 137447
0 978377 978378
1 60248 60546
1 376963 376965
0 96026 96027
0 301813 301820
0 214 222
1 978550 978551
1 831934 831942
0 1071127 1071128
1 787889 801897
1 743032 747504
1 679350 689275
1 824344 824346
1 732504 732665
0 626117 626128
0 45685 45827
0 69907 69908
0 993536 993537
1 92763 92765
1 837012 837764
1 299965 299968
0 453975 454001
1 1031757 1031919
1 842844 844801
1 313669 313679
0 610139 610157
1 257080 257081
1 355030 355032
1 539743 539748
0 764569 764747
1 19640 19655
1 894001 894518
0 783748 783749
1 627483 628214
1 449834 450203
1 89165 89190
1 785813 790490
1 1065282 1065292
1 606516 606517
1 741939 741944
1 609449 610527
1 690789 690791
1 677686 677687
1 398283 398284
0 456168 456191
1 97736 97738
0 270731 270732
1 763991 763993
0 715423 715705
1 775402 775456
1 160107 160112
1 258506 258511
1 597795 597796
1 650242 650257
1 806988 816490
1 583910 584008
0 541551 541552
1 541100 541112
1 521436 521593
1 203533 203535
1 370410 966784
0 640150 641174
1 246508 246923
1 848635 848637
1 45537 45796
1 589009 589010
1 466437 466487
1 585200 585201
0 943642 943643
1 57637 58175
1 701485 701489
0 1060751 1062138
0 901239 904053
1 201026 201042
1 486141 486690
1 410843 410846
1 15369 15370
1 490012 491505
1 909577 909606
1 114861 115068
1 842187 842201
0 626065 626070
1 493251 493254
1 1061066 1081183
1 162567 162574
1 207990 207993
0 565751 565752
1 486732 499274
1 959817 959829
1 323590 335085
1 692036 692037
1 841854 841855
1 743465 743466
0 60248 60546
1 251366 251367
1 706789 708037
1 429335 429363
0 514075 514076
0 260225 260255
1 1084277 1084281
1 46548 46550
1 455923 455924
0 625156 627169
1 751752 763215
1 584988 585014
1 1063332 1088090
1 512622 512623
1 499659 519323
1 978697 978698
1 148024 148206
0 804075 805168
0 265783 265790
1 305370 308873
1 987333 987335
1 544107 544938
1 579049 579050
1 381346 381373
1 635463 635465
0 406356 406357
1 679317 679434
1 397791 397792
0 910425 910427
1 624955 624977
0 732161 732168
1 994248 994252
0 842844 844801
1 982625 982626
1 69329 69335
1 1047463 1047464
1 442770 443389
1 29028 29029
1 681987 693705
1 367523 367648
1 265790 265791
1 187272 187274
1 333688 333689
1 1077531 1077639
1 834157 834168
1 101499 101522
1 120479 120483
1 687697 687812
1 248436 251197
0 455597 455612
0 530633 530634
0 33699 33700
1 86299 86308
0 743805 744420
1 947168 947169
1 789152 789172
1 863981 864112
1 297665 297769
1 860457 865807
1 483239 483291
1 380894 380895
1 556958 556960
0 1041448 1041449
0 611169 611171
1 209568 210267
1 436012 439133
1 229727 230745
1 1065811 1087269
1 521995 521996
0 624864 624869
1 299031 299060
1 327113 327114
1 227861 227867
1 295545 295612
0 952207 952536
1 287033 602626
1 303694 303695
1 772772 772773
1 346449 346450
1 732924 732937
0 247444 247720
0 722444 722445
1 306905 306911
1 372048 372050
1 956963 956964
1 998980 999487
0 469419 469426
1 228262 228263
0 147670 147671
1 1023717 1023719
0 1023348 1023351
1 598658 598682
1 699453 699454
0 65514 65525
1 610902 610903
0 158355 158365
0 1007948 1010229
1 40655 40715
1 1048533 1048535
1 708941 708942
0 793723 793724
1 111058 111067
1 132285 149774
1 470808 470812
1 62890 62891
0 98448 107680
1 906481 906692
1 349682 349735
1 62040 67486
1 203059 203060
1 927674 927776
1 965259 965261
1 17063 17070
1 1055242 1055368
0 84024 84948
1 859749 859768
1 773695 773697
1 455611 455737
1 659485 659487
1 191319 191320
1 648565 648566
1 190182 190406
0 1066010 1066011
1 284900 284907
1 371322 371339
1 744915 750051
1 976903 976904
0 1063332 1088090
0 917019 1027034
1 752738 752780
1 96118 96120
0 986291 986299
1 423400 423404
1 787236 788773
1 743662 744478
1 931583 936661
1 1089398 1089400
1 913552 913553
1 48954 48955
1 554903 554904
0 1085243 1086423
1 908746 908749
0 978793 978794
1 523282 523376
1 581554 602997
1 268213 268990
1 751246 751247
1 1004283 1004295
1 553712 554709
1 444533 444535
1 504962 505211
0 879043 887874
0 356728 356729
1 97632 97675
1 279535 281581
1 665478 665479
1 387861 389461
1 336889 336930
0 1069024 1069196
1 443273 443274
1 229767 229857
1 662936 662938
1 188497 198862
1 186525 186616
1 202952 202957
0 233509 233510
1 1031874 1031875
1 181315 181316
1 72187 72189
1 410794 410796
1 6639 6663
1 477100 477104
1 366191 366193
1 39954 39962
1 763853 763857
1 993699 993709
1 923099 923270
1 313288 313290
1 208582 208585
1 904140 904767
1 999073 999074
1 370904 370905
1 638349 638350
1 710286 711038
1 88648 88704
0 889094 889095
1 73121 73152
0 887074 896381
0 514534 526501
1 672123 672124
0 509087 509094
1 821848 822009
1 842244 842257
0 438695 438825
1 798466 798467
1 38572 38574
1 497492 497630
0 171122 171123
0 648429 648657
0 206564 206566
1 272479 281718
0 814698 814705
0 899347 899522
1 668279 668316
1 352204 353402
1 939991 940123
0 57420 57439
1 238818 238823
0 367142 367150
0 879661 879665
1 885804 885827
1 59274 76022
0 885833 887371
1 863865 863866
1 387788 394882
1 472633 474404
1 269107 283005
1 355951 355970
1 201992 207065
1 46315 52946
1 326356 343331
1 756544 756577
1 567800 567871
0 217415 217416
1 1071503 1071512
1 429827 429828
1 834237 834239
1 687552 687571
1 89932 89934
1 81713 81730
0 323590 335085
1 277185 281550
1 982507 982511
1 689505 689506
1 971831 971837
1 912088 912090
1 1004886 1005133
1 144714 144715
0 962169 962190
1 1017800 1017801
0 1009471 1009472
1 33024 33025
1 632300 632340
0 262626 262627
0 632300 632340
0 524238 524243
0 255813 255821
0 13503 13504
0 628016 628033
1 902738 902741
1 126224 126230
1 778391 778400
0 41959 41979
1 792625 801152
1 654811 654812
1 764138 764513
0 175104 175105
0 317294 317295
1 448343 449413
1 576566 576598
0 270846 271294
1 657104 657105
1 368611 369939
0 253807 253808
1 766792 766793
1 628564 628565
1 172938 173084
1 425040 425044
0 742943 743202
1 244371 244372
1 941819 941927
1 421801 421875
0 706789 708037
1 861290 865411
1 864934 864941
1 196726 196757
1 511137 512838
1 962329 962336
1 441664 442477
1 47674 49835
1 616624 616625
1 410951 414653
1 932199 937965
1 765700 765701
1 6311 6312
0 618655 619789
0 490853 491104
1 965002 965133
1 532143 532251
1 719620 719622
1 477941 478464
1 987359 994936
1 681667 681669
0 2925 2926
1 909961 910163
1 405215 405216
1 929761 929814
1 403082 403088
1 876913 876914
0 347133 347247
1 788871 788872
1 98066 107913
1 708083 708084
1 363595 363598
1 26497 26498
1 456038 456039
1 1073884 1073889
0 190145 190164
1 371914 371948
1 219103 219651
1 54301 54316
1 77675 77685
1 416195 416305
0 901958 902989
1 885063 885092
1 472130 472837
1 134464 134498
1 953573 953574
1 205112 205161
1 308598 310844
1 585918 585920
0 594671 594672
1 641920 642561
1 1038418 1038423
0 670535 670539
0 356427 364141
0 794385 794386
1 755695 755722
1 304247 304248
1 93468 93509
1 178102 178104
1 706179 706187
0 982936 982943
0 191319 191320
1 357248 357249
1 719922 719924
1 314075 319450
0 209350 211811
1 883338 883340
1 295363 295374
1 446642 447021
1 592155 592161
1 769418 769552
1 384795 384798
1 891832 891833
0 476484 476494
1 269394 269446
0 732277 732280
1 948745 950245
0 879564 879569
1 812614 813535
1 512066 512068
0 77762 80798
0 1005682 1005683
0 654902 655082
0 172315 172528
0 209739 209761
1 479185 479193
1 390157 390158
1 167104 170319
1 334431 343444
0 951136 951605
1 523042 523064
1 93350 94450
0 1055772 1056684
1 295700 295724
1 291641 307666
1 275742 275813
1 585036 585044
0 806141 806142
1 830964 831000
1 437778 437779
0 608501 616627
1 841339 841340
1 740799 742504
1 69956 70055
1 199847 199848
1 172635 172659
1 81774 81788
1 688767 688768
1 583979 584039
0 134149 134178
0 297409 297504
1 877750 877809
1 278041 278060
1 345605 345607
0 708941 708942
1 235823 235828
1 20449 20450
1 1031552 1031553
0 929306 929307
1 828750 828752
1 93488 93493
0 662541 672140
0 903317 903318
1 390931 390982
1 396908 396913
0 942877 950892
1 359955 359956
1 920517 920813
0 671203 675138
1 675874 675883
1 259794 260395
1 460529 460531
1 306153 306154
1 794915 794917
1 105756 105757
1 684714 684729
1 590721 594738
0 352116 353403
1 516452 516455
1 679340 679341
0 50734 50767
1 331429 332852
1 238022 238032
0 692153 692154
1 581603 590329
1 606532 607118
1 627527 627529
1 660963 661193
1 795109 801535
0 932199 937965
1 173449 173455
1 588682 588690
1 879520 879534
1 172276 174379
1 743138 743140
1 1006988 1007175
1 233946 233952
1 350249 350844
1 126886 149123
1 735317 748223
1 989735 989736
1 784051 788496
1 880284 881464
0 316818 316820
1 256169 256173
1 142123 142125
1 1034674 1034696
1 901592 901594
0 320342 320356
1 23670 23746
0 414355 414356
1 425101 425365
1 809570 809572
1 1068779 1068799
0 940082 940083
1 294958 294962
1 1076120 1076348
1 18270 18283
1 136872 136878
0 638349 638350
0 130312 130314
0 444843 444853
1 231192 231193
1 370051 381701
1 911945 911946
1 860589 860593
1 237964 237986
1 281397 281398
1 184016 184017
1 410824 410827
1 103345 103348
1 291158 291159
0 991118 996323
0 944183 944184
0 548105 556775
0 423557 423583
0 661418 661419
1 836567 837927
0 182840 182879
1 481242 484820
1 984080 985245
1 204768 204769
1 915911 916301
0 631068 635747
1 81012 81023
0 930425 930451
0 956963 956964
0 1073372 1073378
1 1017287 1017487
0 619168 619169
1 320588 320818
1 149732 149761
1 144499 151110
1 173274 173459
1 187583 187584
0 547238 556231
1 428442 429427
1 296016 296018
1 532690 544970
1 143561 143569
0 973452 974054
0 833185 833321
1 316637 317123
1 77888 77889
1 541745 542045
0 406027 406028
1 406091 406113
1 742085 742088
0 785331 785342
1 691269 691286
0 174646 183102
1 300368 300375
1 838887 839523
1 410117 410118
0 101298 101300
1 383188 383190
1 334517 334519
0 944938 944955
1 568710 568711
0 989735 989736
0 576656 576657
1 648178 648179
1 847408 847419
0 973422 973470
0 524077 524221
1 537192 537271
0 35342 35346
0 762009 762011
0 377463 377466
0 19516 19517
1 1589 389466
1 521153 521154
0 425110 425119
1 139055 139058
1 451374 451376
0 362232 362241
0 301065 301149
1 507725 507933
0 446129 969115
1 79315 84327
1 652799 652801
1 436986 436987
1 868839 874425
1 432184 432185
1 514663 515272
0 257674 257771
1 312605 321557
1 933640 933670
0 476109 479189
1 240045 240052
1 1004830 1004982
0 205112 205161
1 29282 29284
1 741367 742570
1 122394 122395
1 315620 315889
1 200275 200280
1 173262 178212
0 501188 501354
1 861077 861078
0 97902 107700
0 3210 3211
1 1051465 1051470
1 952388 952390
1 914885 914888
1 68439 68440
1 740037 749503
1 807442 807539
0 668065 668130
1 619481 619676
1 147398 153891
1 836325 836339
1 930323 936652
0 119064 119065
1 827652 827707
1 965927 965928
1 51717 51725
1 686876 689147
1 15065 15066
1 386792 386924
1 245165 245177
0 490454 490491
0 1009258 1009288
1 970002 970003
1 930363 930364
1 298777 298778
1 75458 75460
1 621617 621889
0 1036464 1036465
0 296016 296018
1 50520 50528
1 332512 332522
1 614019 614020
1 637943 637944
1 880538 881167
0 545707 545708
0 438789 438896
1 14271 14548
1 692705 695907
0 791092 791094
1 585210 585212
1 630927 630928
1 358572 358577
1 581959 581961
0 701985 702236
1 100807 100815
1 352884 352886
1 23687 23688
0 5434 5435
1 624095 627069
1 430462 430463
1 534763 534764
0 1062637 1062638
1 596112 596118
0 271875 280920
1 1041066 1041073
1 1082243 1082244
1 508642 508649
0 558152 558154
0 980544 980548
0 81240 81250
0 848454 848508
1 841830 841832
1 1049182 1049183
1 1074143 1074145
1 17118 17124
1 139076 139079
0 740532 746648
1 940427 941181
0 125974 127710
1 959049 959050
1 870554 870555
1 443978 444201
1 1039200 1039242
0 364262 364270
1 87396 87973
0 103512 103513
1 35267 35271
1 350295 350299
1 614091 614378
0 415976 415980
1 465033 465683
1 999632 999638
1 625199 625200
0 1072740 1078925
0 1014130 1014132
1 958491 967597
1 823542 823718
1 397818 397839
1 887065 887072
1 444669 444671
1 38010 38340
1 948214 948328
1 428919 428939
1 286288 305744
1 608394 608395
1 141544 141547
1 1059675 1059677
1 486731 487352
0 1018835 1018864
0 532006 532023
1 687303 687308
0 422585 422587
1 500114 500115
1 690232 690236
1 351509 351510
0 348800 348967
1 936545 936547
0 827323 827324
1 100800 108256
0 760555 760557
0 371265 371274
1 358344 359137
0 250256 250542
1 134806 134807
1 246286 246287
1 455109 457854
1 540303 540797
1 1034757 1034771
0 59680 75438
1 10255 10268
1 762813 762814
1 418996 418998
1 551200 551406
1 518398 518401
0 644834 644845
0 835071 835079
1 941366 941546
1 614341 615017
1 516997 516999
1 335538 335552
1 994704 994724
1 984889 984890
0 269394 269446
1 784440 801878
0 610902 610903
1 664170 664457
1 763548 776996
1 822689 822690
1 600667 600668
1 949481 949483
1 424027 424394
0 809570 809572
0 927489 927919
1 768663 770118
0 502118 502268
1 158429 158430
1 305034 415915
1 553580 553592
0 753096 753104
1 960953 961014
0 612897 612898
1 114757 115089
1 357741 359430
1 804025 804026
0 47817 47819
0 969830 969831
1 73671 73672
0 356903 356912
1 411835 411838
0 692199 692202
1 531505 532130
1 126807 126812
1 613443 613444
1 112878 113184
0 40973 40974
1 639678 639681
1 504424 504425
1 756907 757077
1 466969 470333
0 361840 361939
1 451623 451626
1 245426 245439
1 1057629 1057684
1 788686 789481
1 527857 544857
1 751305 751306
0 523042 523064
1 850123 854786
1 396443 814088
1 259626 259628
0 617908 617912
1 972396 972640
1 820645 821690
1 16575 17097
1 356271 356272
1 441426 441909
1 935305 935528
1 346108 346246
0 80582 80728
1 809836 809837
1 281568 281574
1 500716 500724
1 1025227 1025228
0 729915 729916
1 933384 933437
1 1068616 1074174
1 471155 471387
1 637172 651461
0 325399 325401
1 988396 988397
1 921938 921940
1 179295 179297
1 253430 253650
1 390899 390903
1 490742 491057
0 521682 521683
1 712665 712667
0 110967 110969
0 51207 51547
1 139485 139522
0 956248 957402
0 753827 753828
1 303252 303259
1 715707 721724
1 463574 463724
1 1054009 1054020
0 881834 882555
0 847957 847974
1 505587 511440
1 704376 708287
1 807878 808501
1 286244 286245
1 652633 653486
0 803456 804887
1 55808 56005
0 145285 145293
1 115127 115128
0 158429 158430
1 637614 637615
1 645922 645934
0 165911 166263
0 53171 53176
1 164762 164765
0 1053957 1056787
1 810222 812363
1 609238 609245
1 984157 984249
0 88961 320959
1 585680 591542
0 164606 164642
1 133029 154555
1 362525 362526
1 797939 797963
1 710722 710723
1 124293 124294
1 373031 373579
1 763821 763846
1 622436 622491
1 122025 122315
1 910266 916999
1 858197 858198
1 950821 950823
1 101695 101699
0 236880 253837
1 242534 242537
1 732203 732216
1 578820 578821
1 1031974 1031975
1 893455 893763
1 1078960 1078961
1 811715 811756
0 1061066 1081183
1 22709 22715
1 28432 31883
0 576566 576598
1 1003828 1003834
1 508817 508825
1 759685 759686
0 286563 286642
1 1001351 1001354
1 443809 443818
1 734343 735627
1 571243 571247
0 533974 535537
1 67773 67775
1 505274 505276
1 586567 586569
1 879705 881369
1 735073 736138
1 190967 190968
0 948012 948014
1 447202 447203
0 884111 884112
1 179739 179742
1 69355 69363
1 528961 528972
1 41450 41451
0 454235 454249
1 1035131 1035134
1 461152 478723
1 246676 246681
1 207967 207990
1 719375 719388
1 459954 459955
1 700479 700830
1 813009 813509
1 252003 252024
1 805895 805919
0 1082243 1082244
1 1065122 1087286
1 881161 881266
1 619012 620521
1 475637 1028476
0 606417 607594
1 734977 734979
1 940144 950642
0 173449 173455
1 299084 299107
1 587443 592173
1 506626 506628
1 622368 622369
1 238081 238082
0 1082328 1082330
1 1051322 1051815
1 58491 58816
1 442517 442575
0 127736 128611
0 886461 886485
0 824216 825155
1 5010 10459
1 392264 392265
1 61348 62274
0 224137 224141
1 101775 101784
1 754133 754136
1 1041718 1041719
1 556894 556907
1 629121 629874
1 819541 826487
1 641290 641296
1 203233 203562
1 616229 617281
1 755114 755120
1 550304 550317
1 487143 487177
1 714371 714421
1 611940 611941
0 973911 973912
1 346974 346980
1 970467 970815
1 768285 768287
0 103602 103603
1 778704 778705
1 545655 545669
1 199830 199832
1 943459 943787
1 589996 589997
1 521273 521280
1 809187 809648
1 324090 324091
1 690867 690881
1 988462 991330
0 576310 576312
1 994822 994825
0 691935 691936
1 674301 674365
1 107124 107125
0 228698 228711
1 608993 609004
0 821951 822114
1 16498 16506
0 145027 621904
1 3636 6287
1 298724 298822
1 870137 870138
1 314566 314569
1 369380 370949
1 131910 132941
1 657359 657360
1 378622 378624
0 219159 219863
0 909961 910163
1 935431 935432
1 1079752 1079753
1 466085 466092
1 684511 684572
1 306590 306591
1 55389 55402
1 59062 64512
1 577031 577032
1 624337 626996
1 55187 55189
1 610647 610649
0 892334 892336
1 134278 134279
1 1028171 1028172
1 19102 19103
0 1023717 1023719
1 408130 408132
1 640713 640714
1 887856 887857
1 403319 403329
1 842000 842151
1 927051 927460
1 119760 119777
1 580635 580636
0 769033 769034
0 527857 544857
1 71989 76182
1 1040654 1040655
1 243560 244024
0 160612 160615
0 314566 314569
0 925458 925657
0 50520 50528
0 296698 296706
1 87878 87935
1 357186 654970
0 1048224 1048261
0 457977 458244
1 521162 521784
1 296842 296848
1 713203 713205
0 1042391 1042418
1 790017 790018
0 976411 976659
1 17006 17007
1 431755 431756
1 331577 331597
1 850669 850670
0 224188 224189
1 25587 25592
1 586186 586208
0 377527 377537
1 448042 448488
0 379206 379216
1 1086590 1086594
1 69709 69710
1 646722 646723
0 298777 298778
0 532690 544970
1 264082 264083
1 547065 547090
1 408171 414702
1 157558 157563
1 122591 122592
1 183509 183519
1 1072412 1072939
0 685509 685511
0 887856 887857
0 745977 746014
0 188804 188805
0 146030 146050
0 500716 500724
1 324553 325661
1 874221 874223
1 470466 470467
1 504292 504392
1 1049413 1049417
1 920293 920294
0 183509 183519
1 926974 926975
1 501708 501760
1 813596 813603
0 143115 143459
1 597314 597322
0 735317 748223
0 930323 936652
1 469448 469629
1 258116 258117
1 510934 511126
1 58075 58076
0 966525 966528
0 539143 539393
1 84270 92005
1 453978 453981
1 821325 821329
1 364402 364523
1 692218 692221
0 61189 61190
1 41252 41261
0 1079510 1079521
1 453066 453073
1 120777 120893
1 3133 3620
0 629391 629621
1 259790 259791
0 291370 291503
1 345812 345889
0 43150 43156
1 959178 959179
0 393560 393563
0 598330 598331
1 756158 756161
1 305500 310083
1 42184 42192
1 1077235 1077236
1 141910 141911
1 553591 555337
0 573926 578881
0 285010 285013
1 314554 322198
1 608056 609564
0 700322 700323
0 53692 53693
1 16720 16723
1 966533 966853
1 537303 537755
1 429467 429468
0 390157 390158
1 260334 260341
0 595174 595175
1 199479 199493
1 1064036 1064048
1 606453 606457
0 320821 320966
1 95168 109412
1 369144 369434
1 738548 738552
1 789521 789524
1 140562 151227
1 336151 336152
0 719722 719723
1 307163 307193
1 68347 68348
1 303410 303411
1 658400 660272
1 876252 876422
1 780259 780261
1 946259 946388
0 984006 984108
1 719168 719172
1 418078 418083
1 45462 45474
0 983607 983608
1 1041227 1041278
1 340532 340533
1 829136 829138
0 775402 775456
1 376890 376891
1 591719 591721
1 34445 35021
1 198983 198984
1 176872 176874
1 404232 404323
1 822866 823096
1 29204 29228
1 307815 307865
1 1061874 1061876
1 746459 746460
1 523574 523747
1 1018053 1023942
1 1054465 1054466
1 406845 406849
1 358164 358165
1 699902 699920
1 51168 51214
0 314353 314354
1 659966 659970
1 429986 430035
1 881908 881943
1 551260 551458
0 587949 587950
1 213538 217017
1 346215 346216
1 703370 703371
1 268879 282783
1 740047 740048
1 28132 28133
1 494231 494233
0 417664 417746
1 655076 655487
1 301411 301415
1 952650 953229
0 1044873 1044874
1 804071 805183
1 861505 861588
0 396787 397399
1 419498 419504
0 222551 222552
1 796678 796679
0 67773 67775
0 628720 628736
0 36862 53232
0 26527 26528
0 588303 588304
1 230332 230787
0 988761 989573
1 343529 343531
1 875294 875296
1 1054813 1054870
1 723418 723419
1 1079474 1079476
0 38600 38602
1 474733 474928
1 970823 970824
1 15532 15537
1 228478 228479
1 608694 608697
0 784051 788496
0 1080997 1080999
1 653766 653767
0 839574 839602
0 830964 831000
0 259626 259628
1 385725 385732
0 840266 840267
1 759819 759820
0 623848 623881
1 127362 127424
1 261018 894227
1 889678 890086
1 934009 934038
0 131901 151315
1 312904 312905
0 993102 993103
1 63113 72956
1 295336 295853
1 436189 442410
1 709843 711817
0 295336 295853
1 907428 907440
0 635463 635465
1 769462 769468
1 1560 1562
1 990220 990258
1 880968 882597
1 364496 364497
1 633727 633738
1 337215 337227
1 93757 93758
1 683564 683659
1 531485 531497
1 224958 224969
1 930073 930195
0 719606 719607
1 444319 449009
0 589009 589010
1 145421 146262
0 32571 32874
1 464244 464489
1 1065559 1066566
1 89072 89073
1 845170 854599
1 391428 391431
1 852901 852903
1 158396 171267
1 1024750 1024751
1 19013 19014
0 715265 715268
1 662138 678425
1 940414 940415
1 887349 887350
1 1026175 1026177
1 299197 299279
1 466527 467653
1 490201 490210
1 301226 301229
1 830653 830794
1 276225 276913
1 927192 927193
0 821006 821007
1 140764 152518
0 164803 164807
1 1006883 1006888
1 120087 120135
1 145922 145925
1 237461 237462
1 925116 925346
1 650168 650169
0 467938 467940
1 635382 645625
1 201819 201820
1 125109 125301
1 41554 41556
0 99052 108452
1 404031 404033
1 295182 295183
1 860376 860607
1 945495 945496
0 411824 411830
0 544107 544938
1 238027 238030
0 507725 507933
0 759360 759363
1 855544 855947
0 812614 813535
1 20260 20262
1 486288 486292
1 489068 489409
1 188636 188638
1 80597 80731
1 587052 587053
0 736826 737214
1 1008166 1008167
1 424279 424281
1 57953 57956
0 911945 911946
1 169618 169619
1 513575 513746
1 200479 200498
1 1086812 1086813
0 941819 941927
1 41671 41672
1 93673 93759
1 864936 864937
1 466694 466707
1 657346 657347
1 264569 264737
1 451504 451506
1 674412 674413
0 159296 159300
1 154287 154289
1 1036946 1036988
0 17355 17356
0 988045 988046
1 213790 213792
1 868950 877336
1 328590 328962
1 895783 895785
0 861732 861782
1 310762 310764
1 730013 730015
0 793985 794004
1 797601 797604
0 978998 978999
0 1002507 1010641
1 64701 64744
1 705501 705968
1 715698 715700
1 233404 233408
1 955054 955056
1 464300 464539
1 846422 846479
1 879066 879067
1 189638 189640
1 773925 773927
0 417504 417507
0 733662 733663
1 1020788 1022059
0 472695 473496
0 120370 120371
1 530652 544912
1 977131 977132
1 18432 18448
1 673794 673949
1 34017 34021
1 231108 231109
0 933384 933437
1 495227 495504
0 673705 673706
0 281166 525366
1 1066282 1066362
1 645192 645196
1 21140 21153
1 381400 381401
1 969893 969902
1 984715 984717
0 1003828 1003834
0 70055 70058
0 710942 710962
0 936093 936096
1 82673 83778
1 223133 224646
1 1068869 1087552
1 501083 501084
0 217590 217601
1 556882 556932
0 304647 759397
0 260094 262052
1 791964 791979
1 397797 397860
0 1059748 1059775
1 168867 525607
1 207605 207606
0 420377 420396
0 559045 561981
1 477061 477062
1 92560 92561
1 235279 235280
1 794549 794550
1 993621 993622
1 157440 157441
1 63912 63929
1 666104 666105
1 403249 403252
0 349682 349735
1 273240 282233
0 306905 306911
1 705115 705129
0 782071 782221
1 787815 788440
1 1072318 1072320
1 1045933 1045943
1 404604 404606
0 901105 901972
1 945096 945426
1 141793 141808
1 989809 990757
1 539242 543481
0 624357 624366
1 384569 384594
0 923090 923095
0 1005233 1005235
1 1009736 1009737
1 357400 357798
0 975501 975607
0 869615 869617
1 147494 147496
0 88665 88666
1 721922 721924
1 980453 980747
1 574566 574571
1 326712 327394
1 568785 568786
1 689560 689561
0 372113 372115
1 248077 248079
1 201374 201375
1 480978 481042
1 698880 698887
1 1003450 1003451
0 637689 637690
1 498275 498280
1 832785 832788
1 913756 913887
1 774886 774911
1 240182 240183
0 465786 465787
1 718788 718789
1 366835 378232
1 901292 901296
1 576901 576910
1 507208 513098
1 877746 877751
1 766792 766815
1 939824 939825
0 122269 122271
0 256213 256215
1 383950 383961
0 322440 322455
1 98470 108704
1 227525 227528
0 657111 657112
0 94434 94657
1 398210 398872
0 190277 190278
1 685124 685527
1 305758 305760
1 337153 337160
1 219789 219920
1 242902 253959
1 695012 695014
1 417389 429956
0 592864 592942
1 468816 468817
1 1063943 1070660
1 488911 498495
0 944231 944232
1 768438 768440
1 1029026 1029027
0 792543 792545
1 855079 855085
1 187526 187527
0 1004496 1009445
0 357186 654970
1 486270 488696
1 296641 296646
0 982625 982626
0 332728 332778
1 659799 676915
1 821643 821644
1 818384 818387
1 766643 766843
0 94179 94965
1 2841 2842
1 940610 940611
1 591643 591644
0 57637 58175
1 177614 177616
0 717453 717454
0 702646 702647
1 624645 624659
1 202157 202159
1 151379 151380
1 148741 148742
1 379544 379546
0 312904 312905
1 628416 628765
1 903695 904296
1 705060 705064
0 607711 608661
1 1016673 1016674
0 441426 441909
1 534536 534541
0 881348 881351
0 584268 584358
1 186008 650296
1 524152 524157
1 1039530 1039547
1 156449 156450
1 501190 501191
0 812838 812878
1 631609 631673
1 116429 116432
1 349920 349935
0 934217 934229
1 979059 979060
1 823130 825693
0 576615 576726
0 323871 324651
1 429655 429686
1 291123 291936
1 680137 923859
1 206038 211983
1 148177 154487
1 753162 753382
1 775313 775319
0 225110 225383
1 1035536 1035537
1 803970 803971
0 429960 429961
1 427896 427897
1 990070 990071
1 841058 854730
0 425113 425114
1 313618 313619
0 530618 530656
1 575683 575684
0 25031 25033
1 886220 886221
0 727148 727163
1 263199 263200
1 197421 197422
1 294082 294083
1 566426 566450
0 758107 777835
0 585680 591542
0 687303 687308
0 635854 652345
1 645739 645747
0 1057467 1057468
1 741393 749331
1 427687 427718
0 1074116 1074126
1 137475 137481
1 508126 508285
0 938044 938045
0 208696 208697
1 170086 170269
1 6658 6672
1 571528 571529
1 74512 74554
1 201429 201430
1 746130 746148
1 957641 957642
1 294438 294439
1 849275 849306
1 571107 571108
1 159346 159359
1 79860 79861
1 376476 376477
1 1053382 1053463
0 501519 501520
0 276004 276005
1 884712 885619
1 671283 671302
1 954760 954782
0 581484 581485
1 512067 512115
1 676116 676119
1 97538 97540
0 370670 370784
1 519325 519327
1 912195 912200
1 726787 726788
1 129000 129002
1 914359 914360
0 408552 414393
1 550111 550112
1 1087674 1087675
1 611548 611806
0 813009 813509
1 1042584 1042591
1 219577 219592
0 346215 346216
1 406975 406997
0 315620 315889
0 655581 655604
1 474702 474821
1 982863 982875
1 387340 387375
1 1017395 1017396
1 821032 821033
1 633081 638945
0 1038434 1038435
1 581283 584025
1 413099 413101
0 213692 213693
1 952893 953622
1 547834 547875
1 989571 989572
1 568980 571050
0 313618 313619
0 339850 340742
1 998666 998667
0 852004 852008
1 641341 641366
1 951801 951802
1 699563 699564
1 355860 356744
1 1087638 1087639
1 81780 81781
1 36157 36564
1 1075292 1086613
1 628123 628255
0 234501 234504
1 649563 649564
1 313099 313100
0 939175 939176
1 367680 367708
1 129299 129300
0 239119 239122
1 653775 653784
1 215760 215762
0 885804 885827
0 809705 809708
1 1025976 1026363
1 21251 21252
1 419658 419659
1 136004 136030
1 483370 483372
1 529860 529981
1 1017029 1017031
1 345128 354866
0 714743 714830
1 827420 827427
0 359955 359956
1 939727 939734
1 807935 807979
1 263099 263506
0 913552 913553
1 360588 361945
0 674301 674365
0 179909 179916
1 257490 257630
0 54417 54427
1 731443 731445
1 1028549 1037139
1 468059 468061
1 682322 947409
0 350681 353735
1 156170 156193
1 426575 426625
1 791516 791526
1 827150 854435
0 859749 859768
1 305796 307944
1 766823 766824
1 652808 652809
1 1078580 1078590
1 527963 527964
1 521231 521232
1 245558 245559
0 936070 936165
1 523071 524077
1 533807 533811
1 62384 62386
1 444218 444260
1 728177 728218
0 1074012 1074013
1 1078620 1078621
1 566310 566311
1 180120 182165
0 727968 727969
0 1031974 1031975
1 834130 834134
0 545247 545248
0 436163 436169
0 675874 675883
1 539099 539619
0 505075 505087
1 659757 659758
1 255227 255230
1 460455 460464
1 280652 282693
1 406667 406668
1 394405 394409
1 230348 230349
1 27887 27888
0 198280 198283
1 328692 328694
0 888894 888906
1 812103 812104
1 376442 376617
0 447399 447410
1 189185 189226
1 559587 559967
1 259234 259420
1 122135 122137
1 718447 718470
1 906393 906424
1 659727 659924
1 481746 481843
1 551693 551702
1 635758 635827
1 45415 45471
1 583697 583699
0 1060536 1060537
1 1048792 1048793
0 305911 309202
0 126807 126812
0 388696 388699
0 507672 507877
1 23894 23895
1 634373 634374
0 319817 319818
1 517468 517475
1 1063452 1075249
1 267426 267429
0 266192 266461
1 774505 774516
1 418734 418736
1 574688 578771
1 762236 762252
1 104650 105581
1 560285 560287
1 24883 24886
1 615165 615467
1 5638 5639
0 690867 690881
0 549541 549542
1 765777 765798
1 672892 672955
1 78171 78208
0 19013 19014
1 741403 741476
1 358126 358138
1 654981 654983
1 205052 205054
1 474889 474890
0 355860 356744
1 81022 81024
0 766643 766843
0 632235 633090
1 376496 380552
0 276225 276913
1 548870 549086
1 1010142 1012912
1 79357 79389
1 127943 127944
1 147970 147971
1 983690 983708
1 176001 179591
1 145440 145446
1 180517 180518
1 49388 50339
0 706238 706239
1 141400 141419
1 362194 362196
1 15501 15515
0 517705 517756
1 164437 164819
1 1001817 1001823
0 821643 821644
1 138542 138543
0 78360 89284
1 705943 705945
1 299407 299408
1 164846 168750
1 7144 7145
1 705601 705611
1 761105 761209
0 291956 292113
1 879497 879505
1 26160 26175
0 187583 187584
0 930073 930195
1 811202 811235
1 854852 854853
1 1028529 1028533
1 635526 635528
1 608660 609966
1 607867 610371
1 39384 39385
1 334433 335289
0 316733 316735
1 263683 263695
1 1076254 1076256
1 537533 537539
1 117855 117864
1 86631 86632
1 847126 847127
1 758743 758744
1 110063 110064
0 208781 208786
1 1016176 1016374
0 571249 571250
0 887065 887072
1 378482 381846
0 962240 962712
1 33011 33021
1 7222 7244
1 339127 339132
0 967470 967471
0 821881 821888
0 828627 828631
1 752808 780302
0 59250 75539
0 996815 996816
1 316335 316340
1 232737 232749
1 594840 594842
1 607943 607944
1 940134 940135
1 189283 189471
1 834800 834804
1 419069 419070
1 845984 846000
1 900786 900787
1 307514 307515
1 1074842 1074846
1 884587 884595
1 717280 717658
0 51391 51392
1 811783 812155
1 268786 269383
0 852901 852903
1 766193 766194
1 537136 537137
1 180953 181259
1 104622 104623
0 125580 125583
1 864403 865372
0 839747 839749
1 1058612 1059018
0 79325 311915
1 839984 840038
1 166780 166938
1 412331 412383
1 493920 494429
1 179718 185892
1 914139 914140
0 28432 31883
1 1035339 1035344
0 554649 554650
1 733286 733292
1 819266 819392
1 1023059 1023060
1 708550 708551
1 175632 175633
1 879883 881083
1 370488 370489
1 691938 691942
0 9360 9387
1 396945 397446
1 201084 201092
0 942452 942890
1 958369 967840
0 683200 683213
1 794493 794494
1 864591 868318
1 566238 566320
1 419683 419685
0 69496 69498
1 147931 147933
1 138833 138839
1 342481 342520
0 373031 373579
0 754133 754136
0 336460 336461
1 664448 664449
0 371914 371948
1 179732 179856
1 357735 357898
0 984293 984765
1 306791 306793
0 808888 808962
1 33738 33743
1 806103 806350
1 98786 108825
1 513649 513855
0 994084 994085
1 845217 845220
1 377243 377244
1 1030068 1036297
0 176872 176874
0 658400 660272
1 642757 643101
1 709040 709051
1 182730 182734
1 344243 344245
1 1081825 1081827
1 1081787 1088306
1 631646 631647
1 939095 946400
1 734749 735529
1 667071 667072
1 80868 81871
1 549404 549638
0 264663 264664
0 512754 512757
0 36157 36564
1 584447 584455
1 408462 408477
1 505719 506518
0 636325 636326
1 490088 490119
1 972690 972693
1 173240 183067
1 585662 585663
1 480898 484329
1 32834 32835
1 874784 876378
1 999082 999084
0 352400 353608
1 1045599 1047129
0 148920 284806
1 9233 9393
1 347282 347290
1 811994 812010
0 87248 87252
1 832061 832063
1 157656 169314
1 792159 792160
1 51644 51645
1 564370 564371
1 846933 846934
1 474884 475028
1 269838 269839
0 158142 158277
0 1066574 1066575
1 102918 102919
1 855481 867630
1 804057 804058
1 62999 75844
1 240875 240895
1 849257 849272
1 1073064 1088366
1 73503 73629
1 726804 726805
1 655752 655753
1 836630 836633
1 500818 500820
1 838814 838825
0 666104 666105
1 358873 359082
0 996398 996400
1 83195 83199
1 117132 117133
1 438519 438523
1 1036626 1036731
1 532254 532318
1 560731 560812
0 354764 354767
1 450727 450728
1 1063230 1063231
0 913668 916219
1 847620 847631
1 387398 387399
1 931154 931159
1 953015 957075
1 68945 69063
1 448186 448187
1 793350 802485
1 493133 493608
0 880284 881464
1 179037 179050
1 615587 615604
1 629142 630032
1 864573 865113
1 5179 9527
1 642968 642969
0 320588 320818
1 542767 543465
0 811994 812010
1 655138 655152
0 639256 639257
0 159684 161484
0 295395 295396
0 480978 481042
1 883174 883499
1 401953 402264
1 559376 559412
1 803486 803487
1 812192 812193
1 336450 336674
1 43918 43944
1 592994 592995
1 636474 636492
1 859732 859735
0 469751 480386
0 789691 799510
1 938917 938918
1 518199 518251
1 784062 784063
1 1018 3214
0 663871 663873
1 221442 221463
1 618635 618651
0 821893 822146
1 716549 716675
0 381346 381373
0 670808 671055
1 796795 798377
1 141850 141865
1 154755 154756
1 52841 52845
1 837812 837929
1 23218 23219
1 7760 7761
1 145412 145422
1 916409 916419
1 986819 997377
1 669811 676720
1 306527 306532
1 872799 872890
1 74027 74056
0 739329 739368
1 993365 993366
1 231228 231231
1 883904 896869
0 12854 12855
1 137481 137482
1 315547 315854
1 37049 37102
1 413163 414991
0 99988 99989
1 222879 223106
0 958732 958741
0 141544 141547
1 54352 54354
1 620780 620784
0 687187 687194
1 326474 326475
0 879705 881369
1 795850 796009
1 1029086 1052362
1 871370 871372
0 73542 73671
0 278535 278538
1 22694 34040
1 493410 493411
0 957519 958140
0 190281 213029
1 345173 345178
0 244582 244753
1 65020 65021
1 117623 117971
0 356484 356490
0 470808 470812
1 939271 939663
1 72464 72557
1 1018375 1018396
1 736600 736602
1 56411 56413
1 787041 787066
1 356679 356680
1 767026 767028
1 667643 671628
0 479466 479468
1 778751 778758
1 452760 452761
1 1039424 1039425
0 1060315 1060466
1 263752 266148
1 513508 513510
1 997837 997838
1 443316 443317
1 86530 86531
0 246286 246287
1 736044 736045
1 901023 901031
0 314583 314584
1 285955 285958
0 841830 841832
1 451851 451882
1 610519 616572
1 741852 741856
1 74661 74662
0 1036697 1053072
0 66475 66476
0 284912 284949
1 82860 91111
1 1071562 1088446
1 958493 958494
1 838421 838422
1 688656 688658
0 1037876 1037877
1 673453 673454
1 456090 458041
0 788871 788872
1 285429 285431
0 159387 159389
1 143326 143328
1 572635 572636
1 303633 758199
1 71909 71911
1 699926 699935
0 227121 227126
1 240411 240412
1 613570 613572
1 173570 173588
1 619369 619370
1 16130 35968
0 134278 134279
0 234533 234563
0 80500 92508
1 1006280 1012852
1 293575 293576
1 487663 487670
1 885101 885102
0 387284 387427
1 588855 588962
0 192994 193006
0 505274 505276
1 871394 871395
1 927147 937789
1 164176 170267
0 754109 754110
1 425815 425816
1 680383 694482
1 93967 93968
1 638466 638469
1 604789 604811
1 294383 294746
0 841704 841713
1 758452 758521
1 126195 126205
1 877473 877791
1 839027 839028
0 855079 855085
1 1048499 1048538
1 980622 980628
1 902836 903143
1 949732 949734
1 416838 416910
1 730591 749634
0 756724 759230
1 574295 574304
1 15602 15603
1 649166 649167
1 722544 722548
0 156449 156450
1 767007 767023
1 423795 423797
0 436986 436987
1 622777 622794
1 755582 755583
1 976979 977186
1 488810 489159
1 697648 699406
1 270089 270096
0 652958 653614
0 295788 295789
0 466828 467597
0 993365 993366
0 919593 920383
0 720656 720681
0 445120 445121
0 855176 867893
1 1009159 1009160
1 288372 310299
1 877585 896134
1 128320 129536
1 509807 509838
1 1330 5698
0 726624 726674
1 350059 353418
0 492051 492656
1 749627 749628
1 83411 83546
0 98556 103102
0 57921 58598
1 529093 529094
0 838421 838422
1 415531 415534
1 851630 851632
1 355974 356503
1 348614 348617
0 926987 927102
1 65091 65093
0 841854 841855
1 718111 718367
1 385769 391154
1 986947 986951
1 1055529 1055530
1 907631 920811
1 252080 252082
0 511042 511043
0 297630 297631
1 285091 285110
0 332506 333338
1 1015654 1016300
0 733286 733292
0 1080017 1080018
1 311717 319230
0 434735 434737
1 244836 245767
0 41671 41672
1 473655 474524
0 205445 205447
1 109555 109632
1 447397 447867
0 387340 387375
0 1059675 1059677
1 270361 270559
1 274380 274534
1 12032 12255
1 1075169 1075171
1 206045 206046
1 39012 39013
0 390070 390083
1 517830 519828
1 971439 971557
1 361363 361374
0 798125 798130
1 145075 145077
0 221212 221260
0 491928 491930
1 344942 344943
0 567012 567017
1 164083 164140
1 1039375 1039398
1 840810 840843
1 287081 287084
1 9376 9377
1 241394 241396
1 986407 986445
1 699106 699107
1 964550 964551
1 39391 40354
1 824046 824047
1 330915 335258
1 172440 172586
1 601555 601559
0 664448 664449
1 507989 513067
0 566853 566963
0 823380 823559
1 811057 811059
1 989432 989433
0 825253 825254
1 301907 301908
1 602112 605213
1 420472 420477
1 70747 70804
1 545247 545249
0 82945 82953
0 803900 803901
0 568393 568394
1 35053 35054
0 32590 32591
1 898682 898688
1 650714 650725
1 250318 250455
1 846761 846780
1 144427 144453
0 718339 721415
1 1007674 1013272
1 755979 755982
1 602944 602948
1 1081293 1081295
1 273217 273293
0 559376 559412
1 645131 648091
0 418429 418431
1 981489 981490
0 896769 896771
1 842462 842477
1 1036403 1036404
0 95539 108063
1 1000357 1000358
1 244758 245838
1 431996 432836
1 728396 728397
1 396396 396397
1 830470 830477
1 30795 30796
1 492997 492998
0 201372 201401
1 881135 881190
1 852408 852772
0 385745 385799
0 731677 731725
1 166237 166239
1 710999 711003
1 1039422 1039464
1 1079830 1079832
0 336889 336930
1 142857 142860
0 715552 715878
1 923247 923345
1 485255 485257
1 573520 575337
0 991312 997481
1 567994 568001
1 453777 453779
0 324063 324533
1 30033 30034
1 41816 41829
1 252170 252831
1 258243 258244
1 664480 664528
1 913436 913440
0 845170 854599
1 996208 996209
1 928181 928646
1 209737 210301
0 153047 153050
1 951344 951345
1 989380 989381
1 198984 209463
1 771733 771734
1 203965 203982
1 166064 166065
1 927187 927213
0 71427 71429
1 325488 325842
0 692705 695907
1 506425 506426
1 422334 422345
1 616459 616462
1 215708 215709
0 1079476 1079482
1 981594 981600
1 509460 509481
1 339901 339902
1 934782 934783
1 1068021 1068193
1 836325 845806
0 462677 467875
1 1001081 1001083
1 175362 175367
0 824223 824224
1 251693 251988
1 371246 382143
0 654063 654064
1 644829 644830
1 524829 524860
1 706708 706828
1 990605 990606
1 672855 672885
1 805548 805552
0 480969 480970
1 852261 852262
1 38538 38572
1 242422 242427
1 744163 744318
1 592271 592274
0 513649 513855
1 766962 766966
1 1032116 1032118
1 175377 175402
1 821319 821538
1 824438 824440
1 511310 511316
1 190979 191059
1 207456 210420
0 706708 706828
1 80086 80087
1 664688 664715
1 518314 518315
1 42433 42435
1 1025253 1025254
1 211959 213309
1 137236 137244
1 852489 852490
1 845382 845384
1 158561 158562
0 187517 187528
1 707013 707015
1 504784 505862
1 607779 608226
0 1040980 1040981
0 313743 313953
0 634373 634374
1 952666 952679
0 566428 576674
0 207342 207345
0 626991 626992
1 136526 136529
0 164083 164140
1 823115 823806
1 102647 108430
0 410794 410796
0 853318 853326
1 460831 460903
1 442508 442510
0 228262 228263
1 985902 985904
1 916478 916581
1 379175 379176
0 350249 350844
0 881908 881943
1 4968 5371
1 748970 748972
1 347431 347433
1 448796 449020
0 730591 749634
0 253120 253145
1 572755 572973
0 16130 35968
1 588282 588283
0 1041227 1041278
1 518238 518240
1 97366 97381
1 400577 401139
0 389256 389300
0 600488 600489
1 17355 17360
1 443208 443213
0 582375 582378
1 635189 635201
1 908832 908844
1 194508 205845
1 316855 316968
1 1070377 1070383
1 638316 638317
0 183207 183208
1 306957 309231
1 287776 287781
1 469355 469590
1 676237 676256
1 671139 671140
1 128726 128727
0 1047463 1047464
1 487872 487873
0 796336 796338
0 699106 699107
1 1000206 1000207
1 107844 109143
1 369029 382182
0 692218 692221
0 834130 834134
1 633007 633232
0 706291 706448
1 557839 557840
1 58674 59494
1 60815 60816
1 279729 279794
1 1038385 1038386
1 649969 649970
1 133606 133607
1 112789 113362
1 388974 388975
1 455493 455494
1 894273 894279
1 242092 242093
1 739387 739388
0 376963 376965
1 69554 69570
0 326474 326475
1 915345 915383
1 689981 689982
1 29879 29883
1 601351 601449
1 63402 77148
1 1069917 1069918
1 216834 216835
1 901152 901153
0 179706 179829
1 238024 238025
1 270272 270388
1 68286 68348
0 760867 760872
1 612138 612139
1 851147 851181
1 517330 517385
1 730814 731221
1 702595 703323
1 784562 784565
1 86923 86939
1 679254 679374
1 918333 918334
1 515331 515350
0 186008 650296
1 838093 838096
1 442970 452692
1 463620 463633
1 259526 259544
1 137882 137883
1 115797 123994
0 608993 609004
0 943459 943787
1 55560 55561
0 436313 439347
0 449493 449495
1 1069 10454
1 687606 687614
1 588310 588315
1 597096 597123
1 715318 715756
1 128997 129268
0 29282 29284
0 316335 316340
1 442973 442987
1 475821 475822
1 476976 476978
0 770771 770793
1 196103 196105
1 366888 377172
1 648389 650910
1 691737 691746
1 363813 363814
0 865095 865220
0 197227 197266
1 505522 509055
0 308598 310844
1 580906 580929
1 602137 602149
0 584493 584495
1 842957 842965
1 249813 249980
0 159340 159344
0 82860 91111
1 470797 470803
1 608069 608183
1 73204 234914
1 339873 339882
1 86112 86767
0 622420 622451
1 912434 912435
1 563337 563341
0 436012 439133
1 1045632 1045642
0 877746 877751
0 26160 26175
1 674233 674249
0 831934 831942
1 489552 489564
1 322409 322424
1 385050 385068
1 998872 999351
1 37534 55537
1 100548 100550
1 260678 265702
0 551089 551090
1 915259 915264
1 200276 212803
1 367197 367198
1 229726 230784
1 224038 224092
0 536256 536264
1 305760 305773
1 859413 859414
1 968510 968511
1 773163 773178
1 623150 623151
1 63847 63849
1 763388 763389
1 505590 978566
1 737590 737591
1 902422 902423
0 78955 78956
1 529756 529757
0 66112 66158
0 426739 426774
1 665314 665320
1 663972 664002
1 664009 664010
0 429986 430035
1 800119 800135
0 1084463 1086314
0 860203 867174
1 473975 473976
0 766193 766194
0 758587 758588
1 572596 572597
1 534481 534482
0 518314 518315
0 659799 676915
1 585901 585904
1 1041934 1041935
1 1072427 1088904
1 469851 469852
1 376264 376513
1 1008107 1012975
1 642379 642380
1 240395 240398
0 380348 380361
0 700479 700830
1 187261 187282
1 561585 561586
1 742352 742357
1 360664 360886
1 402384 413208
0 42503 42504
1 289536 289542
0 876799 876801
1 928386 928455
1 841740 841769
1 652197 652198
1 859117 859118
0 610990 611089
0 859413 859414
0 1039313 1039314
0 363717 363721
1 210167 210168
0 32668 32735
1 115579 115580
0 363071 363073
1 493502 493505
1 724091 724123
0 243977 243978
0 660101 660105
1 749492 749499
1 795207 795212
1 117653 117656
0 945958 945971
0 58491 58816
1 686507 694806
1 619685 621169
0 807935 807979
1 116647 116942
1 689138 689148
0 473445 473730
0 505522 509055
1 936083 936084
1 728244 728245
0 644085 644086
1 326601 326612
1 1025666 1025682
1 1040400 1040635
1 592438 592669
1 426253 426822
0 572755 572973
1 589264 589276
1 385837 386743
1 387694 387696
1 449561 449620
1 201327 201329
1 884969 885571
1 670338 670404
1 719096 719102
0 583116 583117
1 357867 364825
1 958671 959100
0 452760 452761
1 359042 359404
1 622290 622291
1 201252 201254
0 411878 412590
1 939568 950467
1 630970 630990
0 187163 187203
1 271787 271930
1 186777 216595
0 1078399 1078402
1 371076 371077
1 272014 272264
1 455521 455523
1 761928 777314
1 358993 358995
1 775137 775227
1 829628 829633
1 1045788 1052195
1 772774 772775
1 5451 5452
0 772760 772761
0 489060 489383
0 983493 983494
0 999073 999074
1 110818 110897
1 586944 587296
1 61643 61649
1 862979 862996
1 840092 841935
1 426621 426622
1 576190 580214
1 1020905 1020909
1 465871 465872
1 958759 958772
0 438519 438523
1 893809 893838
1 383780 383787
0 68843 69468
0 63233 63234
1 1017796 1017800
1 906302 906317
1 18685 18697
1 175981 176087
1 445100 457411
1 37266 37285
1 821969 821973
1 175172 175459
1 203465 203754
1 128510 134255
1 388846 388877
1 591584 591588
0 1002234 1007350
0 224530 224537
0 99723 99729
1 81067 81343
1 139463 139468
1 516638 517065
1 540108 540118
1 1074824 1074847
0 637614 637615
1 975425 975426
1 316035 319314
0 243939 244377
1 640075 640078
0 824344 824346
1 785612 785614
1 563368 1058994
1 918942 919561
1 703033 707894
1 416739 417084
1 405934 413902
1 458934 458936
1 330974 331434
1 411892 411899
0 755309 780251
0 257009 257010
0 572872 572873
1 142759 142760
1 981510 981516
1 1003002 1003068
1 269155 269340
1 690468 690472
1 862240 862257
1 856989 856993
1 917490 921629
1 976628 976821
1 939393 939396
1 7172 7174
1 633633 633634
1 650327 650337
1 23568 23572
0 579646 579661
0 212794 212795
1 403506 403507
0 989809 990757
0 486141 486690
1 570079 570085
1 360176 360206
1 7667 8726
0 132223 132224
1 792224 792230
1 1015627 1028694
1 521375 521376
0 302884 302885
1 140820 140821
1 167460 167464
0 1046401 1046491
0 649563 649564
1 469362 469363
0 284900 284907
1 903901 903902
1 1058141 1058173
1 728103 728105
1 610652 611105
0 772535 772536
1 898471 899289
1 569321 569322
0 397797 397860
1 918385 918617
1 454610 454627
0 711180 711210
1 786056 786057
0 360176 360206
1 430346 433553
1 739572 739762
1 288070 288071
0 335094 335105
0 917445 917784
0 136126 136132
1 839438 839444
0 1654 2479
1 218140 218154
1 945033 945034
1 1082811 1082815
1 520772 527224
1 236752 236768
1 453173 453182
1 853667 853787
0 642180 642182
0 504476 504493
1 572263 572295
1 45096 45102
1 52125 52167
1 515068 515069
1 417510 417511
0 383188 383190
0 853488 854126
1 784259 784260
1 408934 408935
1 725167 725269
1 416125 416606
1 548809 548811
0 115842 116615
0 583255 592835
1 954464 955357
1 809872 815452
1 1005309 1005315
0 1066779 1067442
1 496826 498555
1 164099 167483
1 221560 221561
0 47932 47940
1 399046 399048
0 17782 17783
0 813968 814475
1 248443 248939
1 343046 343140
1 562362 562364
1 39858 39872
0 556086 556087
1 165767 165769
1 274047 274060
1 861379 862508
1 506150 506174
1 43662 43804
0 311717 319230
1 197935 197937
0 906393 906424
1 860471 860472
1 496344 499057
1 143830 143832
1 490793 491079
1 461952 461990
0 714353 714354
1 681079 681221
0 1057629 1057684
1 211529 211530
0 39123 39124
1 977356 978177
1 466018 466019
1 786059 786060
0 827916 827917
1 796372 796373
1 714613 714761
1 713539 713825
0 118350 118622
1 1081747 1088525
1 85944 85946
1 813578 813579
1 103771 103939
1 455643 455683
0 444404 454473
1 707087 707236
1 159736 159789
0 525000 525115
0 323012 323471
1 690413 690415
1 899165 899166
0 293234 293266
1 559385 559745
1 985543 1001179
0 931315 931316
0 117931 122969
1 904120 904615
1 814698 814699
1 165580 166336
1 984747 985658
0 903695 904296
1 409706 409709
1 179639 179640
0 252325 252327
0 953573 953574
0 134027 134042
1 148029 148032
0 292193 292195
1 563904 563997
0 79000 79371
1 290289 290292
1 17946 17947
1 488837 489178
1 566756 566878
0 115797 123994
1 768006 768009
0 60360 73568
0 362487 362891
1 710145 710148
1 902246 902253
0 654001 654002
1 915496 921096
0 325873 325874
1 673275 673276
1 518013 518014
1 846102 852673
0 728244 728245
1 377309 377327
1 332965 332967
0 858352 858540
0 804617 816186
1 383876 383883
1 1074773 1074775
1 558532 558541
1 510337 510338
1 601106 601111
1 670582 670868
1 960792 961082
0 477790 477792
1 337070 337114
1 731688 731749
1 830047 830054
1 376794 376795
1 905961 905964
1 741670 741671
1 631675 631809
1 689086 694969
0 1007245 1012213
0 44394 44477
0 960618 960915
1 12582 12583
0 260918 260921
1 890925 890926
1 577064 580117
1 998089 998111
1 166601 166859
1 453606 453621
0 1031757 1031919
0 385837 386743
1 28513 28566
0 128923 128924
1 740961 740964
1 275816 275818
0 1055654 1055655
0 827420 827427
0 1081741 1081857
1 256645 258291
1 713442 713447
1 549337 549598
0 402384 413208
1 81634 81636
1 454774 454776
1 1072594 1072596
1 357459 357461
0 532542 532543
1 855676 855677
1 275343 275352
1 787075 787664
0 578366 578446
1 1049352 1049353
1 73551 74081
1 622600 629786
1 689753 689758
0 830047 830054
0 1086812 1086813
1 1082733 1083085
1 22451 22452
1 465309 465310
1 757103 776977
1 848990 848991
1 972658 972790
1 244766 244784
1 626057 630685
1 364043 364044
1 891930 892071
1 862503 862508
0 103345 103348
1 29645 29661
1 687467 687474
1 419682 425824
1 244714 246171
1 951195 956163
0 881665 882412
0 971884 972002
1 922251 922252
0 984849 984910
0 719922 719924
0 40520 40541
1 995922 995923
0 624925 624927
1 504717 507315
1 530180 530181
1 530778 532037
1 152273 152274
1 534800 535565
1 384274 384276
1 309309 309310
1 681400 681401
1 115485 115487
0 201819 201820
1 517738 517739
0 167104 170319
1 804932 805135
1 545355 545582
0 460529 460531
0 719193 719197
1 167578 167579
1 1017987 1017988
1 592591 592592
1 135772 135773
0 958493 958494
1 833312 833370
1 667386 667396
1 1069654 1069655
0 679350 689275
1 359635 359638
1 223020 223022
1 569179 579993
1 571720 571721
0 273217 273293
1 465369 466190
1 1056000 1056001
1 688057 688060
1 510484 512873
0 795207 795212
0 252361 252364
1 513971 513972
1 342268 342269
1 514895 514947
1 398053 398060
0 35059 35060
1 768748 768812
1 872271 872272
1 299539 299540
1 187467 215705
1 263189 263193
1 911910 921024
0 228478 228479
1 189653 213580
1 639496 640498
1 987338 987341
1 305084 305086
1 163096 163099
1 523267 523271
1 465709 469314
1 292349 292375
0 989120 989454
0 305500 310083
0 1068616 1074174
1 256350 256470
1 1006647 1013063
0 334517 334519
0 700474 700816
0 1085104 1085106
0 11602 11612
1 900399 900400
1 474412 474590
0 146993 147044
1 827685 827686
1 718674 718676
1 988661 988662
1 350382 353801
1 734767 734768
1 559636 559637
0 505587 511440
1 140620 140622
0 925116 925346
1 861701 861764
1 399414 399425
1 1064309 1069299
0 758285 758296
1 619257 619537
0 27349 27388
1 712791 712941
1 448093 448100
1 449433 449441
1 965525 965526
1 831180 831396
1 169081 171416
0 648178 648179
1 210377 210378
1 528882 528886
1 928695 936815
1 435612 435613
1 1053283 1053284
1 757165 759081
0 538434 538435
1 46740 46742
1 1010172 1010177
0 488063 488240
1 434059 434101
0 598705 598721
1 293928 293952
1 625158 625160
0 811251 812295
1 396637 396638
1 346518 346520
1 62253 62254
1 567837 567841
1 806100 806101
0 385725 385732
1 893269 893316
1 3116 3127
0 379544 379546
1 195652 195653
1 899589 899594
1 793684 801917
0 264082 264083
0 500818 500820
1 1079230 1079318
0 784022 784037
0 622910 622915
0 918385 918617
1 469512 469513
1 117726 117746
0 849841 849859
1 1085617 1085618
0 868588 868612
0 548870 549086
1 965802 965808
0 112878 113184
0 168763 168766
0 110257 110259
1 608703 608706
1 204396 204408
1 196649 196656
1 916929 916931
0 1038760 1038762
0 39724 39725
1 960520 960521
1 662223 662224
0 1016176 1016374
1 908394 908395
1 268509 284169
1 490799 491088
1 1063833 1075244
0 612138 612139
1 861070 861075
1 646205 646206
0 736314 736319
1 20730 21619
1 26651 26652
1 327776 328365
1 439706 439708
1 404491 404500
1 813065 813429
0 128726 128727
1 835730 835731
1 741568 741570
1 459183 459184
1 537191 537485
1 519824 519825
0 98066 107913
0 122591 122592
1 505797 506727
0 100183 100185
0 986267 986268
1 1005294 1005556
1 355799 355813
0 942490 942497
1 397869 398368
1 633984 634169
1 570607 570625
1 37786 37789
0 330220 330222
1 172193 172195
1 327452 327453
1 337789 337857
1 32683 32684
1 1015277 1015278
1 577170 577171
0 924095 924096
0 159551 159564
1 575903 575983
1 1077999 1078005
1 742320 742790
1 550410 550411
1 640223 640237
1 799545 799561
0 85638 85825
1 93895 108321
1 453283 453284
0 148079 152778
1 20033 20039
0 939903 939921
1 889742 890010
1 164157 164158
1 424461 424465
1 665530 665531
0 735343 736014
1 248586 248587
0 594187 594188
1 949653 949654
1 991697 991698
0 315991 316148
1 897562 904352
1 941319 941647
1 125836 125837
1 841413 841417
0 493133 493608
1 861192 861196
0 1038993 1038994
1 840161 840162
1 223991 224010
0 3874 3878
1 975800 975801
0 631311 631312
1 809840 809842
1 381080 381106
1 381152 381153
1 234079 234085
1 796151 796152
1 963678 963680
0 86530 86531
1 350560 350833
1 81317 81454
0 899321 904817
1 726431 726432
1 243229 243230
1 1004515 1014369
1 20145 20146
1 762666 762670
0 62384 62386
0 148527 156259
1 883002 896893
0 708423 709679
1 875965 876148
1 304685 304686
1 505541 509684
1 830451 830490
0 699042 699302
1 912769 912771
1 973471 973519
1 909896 909898
0 332264 332267
1 753934 753937
1 969741 969749
1 364125 364126
1 1032230 1032234
0 1081293 1081295
1 943942 944033
1 1037722 1037723
1 681309 694288
1 114747 115082
1 13463 34137
0 453978 453981
1 482543 482544
1 862141 862185
0 104650 105581
0 718674 718676
1 827777 827780
0 594989 594991
1 337431 337483
1 451140 451141
1 958544 958568
1 633477 633481
0 558532 558541
1 32649 980428
0 541745 542045
1 430440 430543
0 104270 106476
1 934251 934252
1 475751 475752
1 37334 37416
1 1077641 1077642
1 14108 14110
0 531131 531696
1 233359 233360
1 1075237 1075243
1 568357 568360
1 818556 818612
0 17946 17947
1 522498 522835
0 793695 793696
1 847743 847745
1 61282 61283
1 122127 122523
0 377309 377327
0 285014 300723
1 1023797 1023798
1 496100 496591
0 231108 231109
1 569940 578853
1 263678 263679
1 1068645 1068657
0 236741 236744
0 698356 698807
1 197608 197613
1 1015372 1015374
1 489184 489200
1 23851 23858
1 1082625 1083221
1 526120 526121
0 462811 462813
1 350174 350212
0 999082 999084
1 115588 115589
1 464327 464550
1 209309 209338
1 250025 250026
0 903901 903902
0 516638 517065
0 504292 504392
0 770374 770573
1 180164 184410
1 914179 914184
1 638706 638707
1 110188 110193
1 507201 507271
1 265165 265168
1 723650 723651
1 294177 294181
1 503707 503951
0 34445 35021
1 29098 29099
1 899529 899530
1 144822 145043
0 619190 619226
1 651399 651401
1 518002 518003
0 273727 273833
1 546208 555949
1 803429 804870
1 1030415 1030518
0 426916 426918
1 829372 829386
1 698147 698781
0 196649 196656
1 673735 675473
1 47794 47795
0 429437 429444
1 952031 952034
1 1002666 1002841
1 872010 873020
1 412507 412509
1 747685 748367
1 646000 646005
1 312542 312816
1 622314 623255
1 1071477 1071535
1 870698 870923
1 1067681 1068174
0 806772 806775
1 891203 891322
1 311647 311651
1 613396 613407
1 257505 257814
1 747578 747580
0 445100 457411
0 882628 890890
1 47152 47153
1 279299 279423
1 827388 831465
1 656577 677933
1 878263 878284
1 393309 393310
1 497684 497685
1 249174 249188
0 1030415 1030518
1 580250 580252
0 173085 173087
1 485606 485615
1 182463 182562
0 243773 244109
1 388236 388582
1 750539 750541
0 683564 683659
1 829645 829653
0 660963 661193
1 651 655
0 999632 999638
1 428644 428647
0 644829 644830
1 1008461 1009031
1 372247 372729
0 15021 15022
0 642548 642632
1 431284 431675
0 689505 689506
0 503487 503488
1 487120 487129
1 557663 557824
0 874370 874371
1 97076 97081
0 796795 798377
0 465871 465872
1 1033608 1033610
1 143409 143410
1 300187 415089
1 126717 127397
1 1031171 1051529
1 829370 829418
1 753207 753208
1 831814 831815
1 291361 291364
0 890206 890209
0 141706 141707
0 390899 390903
1 824082 824088
0 1076502 1076503
1 354816 354824
1 808519 808522
1 429772 429773
0 841339 841340
0 534763 534764
1 326396 326397
1 188787 212033
0 28134 28135
1 6351 6359
0 1028529 1028533
0 313669 313679
1 188095 213849
1 999985 1000436
1 392942 392943
0 716434 716435
1 623929 623954
0 745561 745562
1 94436 94437
0 681538 694183
1 109604 109607
0 509151 509152
0 472130 472837
0 167621 167623
0 910557 921228
0 659727 659924
1 836555 836556
1 403761 403762
1 1047510 1047511
0 193972 193975
1 204334 204426
1 1036418 1036595
1 580350 580352
1 1061479 1061490
1 403990 403991
1 810178 810179
1 456488 456502
0 756158 756161
0 19102 19103
1 587886 587888
0 1079197 1079199
0 130545 634490
0 408462 408477
1 63896 63897
0 122394 122395
1 37666 56937
0 713203 713205
1 144350 144351
0 370811 370812
1 444190 444191
1 674414 674439
1 426921 426923
0 486101 486442
0 915496 921096
1 596069 596072
1 5407 5429
1 60718 60766
1 198400 198424
1 720309 720310
1 1500 1673
1 25286 25298
1 29142 29149
1 953109 955487
0 385050 385068
1 684244 691146
0 817667 826399
1 891420 891423
1 602118 602119
0 862503 862508
1 908032 908441
1 567030 567052
1 892593 892594
1 85306 88747
1 502239 502240
1 530229 531107
1 394259 394260
1 93335 109002
0 645192 645196
1 101593 101594
0 940610 940611
1 806729 806732
0 507989 513067
1 902294 902295
1 118814 118815
1 146621 151666
1 1001948 1001950
1 649779 649780
1 27205 27213
1 532333 532334
0 395467 395469
1 408973 408980
1 673850 674016
1 849438 849459
1 313129 313309
1 267986 268002
1 872898 872899
1 214685 214688
0 231768 232442
1 430612 430614
0 334272 334490
0 112686 112687
0 385769 391154
0 850189 850193
1 671038 671039
0 720988 721003
1 648347 648348
1 901505 901826
1 472950 472982
1 112680 112682
1 913498 913499
1 832346 832519
0 137813 137841
1 402125 408156
0 593080 593783
1 344481 344483
1 794523 794671
1 886881 886890
1 812360 812367
0 786831 786833
1 1040765 1040770
0 67857 67867
0 275343 275352
0 775040 775041
1 666657 666658
1 446591 446866
1 351637 352269
1 766019 766036
1 468931 469547
0 332014 332015
1 669810 669812
1 698329 698330
1 499811 499945
1 797001 797006
1 598962 598970
0 601585 601595
1 654851 654853
1 684242 685918
1 162983 162988
0 86123 86125
1 767471 767474
0 242534 242537
1 721992 729006
1 345098 352738
1 490089 491518
0 851630 851632
1 718614 718617
0 534740 535467
1 699871 700374
1 911310 911324
0 87625 87781
1 43076 43201
1 574341 574343
1 744470 744472
1 150004 150006
1 993653 996068
1 208545 209072
0 1007526 1007530
0 674067 674073
1 315484 315490
1 440652 440827
1 884398 884435
0 296842 296848
1 463837 463838
1 531126 531874
0 427059 427073
0 620742 620744
1 1054272 1054789
1 140703 140706
0 615720 615723
1 895709 895714
1 428782 428791
0 714514 714516
0 945033 945034
0 315547 315854
0 1039375 1039398
1 677859 677860
1 726843 728812
1 404616 410238
1 713405 717489
0 419682 425824
1 492475 492476
1 386107 386123
1 871834 871835
0 908832 908844
0 285091 285110
1 768297 768317
0 915604 915672
1 638411 638454
1 1058840 1058841
1 296185 296215
0 557663 557824
0 628443 628453
1 884500 885284
1 419569 419572
1 798036 798041
0 121472 121631
1 713569 713770
0 462415 479321
1 45481 53907
1 616189 616198
0 7808 7815
0 839984 840038
1 17868 17869
1 470136 470187
1 138696 151940
1 574592 574594
1 574048 574049
1 945138 950967
0 710286 711038
0 451140 451141
1 383118 383296
0 299084 299107
1 1082373 1082378
1 337154 337162
0 426548 426554
0 57953 57956
1 741659 742146
1 1070214 1070215
1 312097 312197
1 1081857 1081858
0 885063 885092
0 768006 768009
1 616961 616967
1 530476 530478
0 39798 39804
1 219507 223761
1 422788 422802
0 986819 997377
1 300423 300921
1 375409 375413
0 567405 567539
1 980793 980794
1 263998 264150
1 246773 246792
1 406413 406414
1 878423 878461
1 907150 907163
1 1069513 1069516
1 416225 416243
0 1032230 1032234
1 827843 845985
1 891107 891266
1 502070 502262
1 567100 567103
0 769373 778511
0 741197 741300
1 67491 67516
0 306153 306154
0 68584 68585
1 302825 302826
0 15532 15537
1 906924 919062
1 420492 420494
1 297753 297754
1 213100 213102
0 23314 23315
1 473287 474599
0 162983 162988
1 133269 133270
1 21230 21236
1 1018869 1018872
0 810526 810529
1 613099 613102
1 525331 525333
1 445581 445597
1 911485 911487
1 462572 477672
1 487861 488256
1 426981 428916
1 798902 798903
0 747307 747308
1 68823 68824
1 51438 51440
1 378907 378932
1 21404 23548
1 376566 376569
1 57353 57354
0 268879 282783
1 242150 242151
0 1068758 1085781
1 601516 601519
1 597197 597199
1 435748 435749
1 584477 584501
1 272065 272066
0 1045632 1045642
0 861070 861075
1 734574 735310
0 267738 267743
1 54041 54042
0 982446 982447
1 336604 336605
1 217533 217539
1 33389 33390
1 115890 115894
1 702088 702253
1 567986 571570
1 963914 963915
1 585967 585975
1 194005 194050
0 839856 839860
0 656577 677933
1 828297 828298
1 842204 842208
1 962312 962736
1 912779 912897
1 1081468 1081475
1 799120 799121
1 763234 764163
1 439957 440182
0 756983 759250
1 468461 468463
1 1007973 1007974
1 410736 410814
1 531502 531510
1 600008 600011
0 1081608 1084464
0 658157 658158
1 505028 505040
1 913694 913697
1 685267 685272
1 474884 474886
1 786296 786682
1 643844 643848
1 217530 217545
1 735313 735316
0 314554 322198
1 116694 116699
1 804817 815602
1 211849 217223
0 971831 971837
1 82854 82862
1 797940 797962
0 883174 883499
1 432207 432209
1 1043430 1043431
0 357735 357898
1 574787 574853
1 652533 924443
1 883494 892736
1 280701 280864
1 541247 541248
1 547828 547848
0 273260 276909
1 1028939 1028941
1 81437 81438
0 506338 506742
0 371488 371493
1 962903 962908
1 127542 127543
1 1032439 1032440
1 896475 896492
1 678717 678719
1 238046 238054
1 827882 828021
1 674211 674212
0 1068185 1068186
1 397038 397232
1 138072 138083
1 906103 906104
1 628791 628870
1 623704 623705
1 289365 289383
1 114378 114454
1 611460 611461
0 414180 414187
1 626001 626006
0 960520 960521
1 699528 699539
0 843610 843611
0 883494 892736
1 296425 296440
1 351464 351465
1 570374 570375
1 669544 669594
1 935243 935382
0 928836 928842
0 180688 180873
1 1087182 1087183
1 776207 776210
1 810117 810119
0 199804 199805
0 147614 147616
1 412942 412945
1 161568 161569
1 592563 604477
1 132010 132039
0 73121 73152
0 814475 814476
1 440280 440288
1 104788 104789
1 11009 11010
1 655292 655293
1 436425 436606
0 892593 892594
1 33054 33066
0 810117 810119
1 1086569 1087326
1 96730 96731
0 554903 554904
1 391094 391095
1 256309 256311
0 1047466 1047469
1 779075 779076
1 427907 427908
1 912814 912816
1 166374 170008
0 905961 905964
0 128595 128712
1 314385 314386
1 617938 629140
1 1082615 1082619
1 565452 565790
0 1078960 1078961
1 924147 924149
1 513720 513721
0 444533 444535
1 946139 946142
1 637510 651688
1 273667 273697
0 884712 885619
1 645171 645172
0 1030038 1034884
1 300771 300772
1 38903 38904
0 15065 15066
1 727651 727652
1 385513 385514
1 481815 481818
1 785412 785955
0 376576 376577
0 719364 719427
0 750539 750541
1 159160 159164
0 788870 788871
1 847025 847026
1 313091 313096
0 444190 444191
1 811071 811106
1 3787 3789
1 378644 378646
1 607619 615993
1 485184 485187
0 341977 341979
1 843820 843821
0 574566 574571
1 717408 717410
1 208709 208727
0 455751 455872
1 593688 593717
0 175255 175261
1 760354 760355
1 62568 62573
1 101299 101308
0 265790 265791
0 609289 609290
1 160763 163814
1 299069 299071
0 299539 299540
1 848799 848823
1 1024291 1024292
1 674352 674353
1 650691 650692
0 965989 966242
0 539295 539296
1 82832 82839
1 855993 856116
1 59856 59866
1 594475 594476
1 84520 84533
1 861493 861524
0 578024 578026
0 953180 953423
1 831077 831082
0 585918 585920
1 612127 612128
1 206206 215587
1 814197 814331
1 90532 90535
1 851130 852987
1 541474 541487
1 102280 102281
1 379768 380056
1 350470 350475
1 140906 140926
1 996089 996090
1 604852 604854
1 8236 8582
1 351478 351483
1 811386 811650
1 188808 199419
1 120357 120358
1 265024 265025
1 567647 567648
0 531779 531780
0 931920 931943
1 866276 867064
1 317505 317526
0 404232 404323
1 307760 307761
1 173917 174123
0 41816 41829
0 18685 18697
1 942474 942868
1 1016754 1016755
0 29645 29661
0 549404 549638
1 163567 163568
0 684244 691146
0 259790 259791
1 769368 769369
0 560695 560749
1 1003094 1010549
0 392264 392265
1 290481 290484
1 104236 109752
1 205990 205999
0 95028 95032
1 708877 708881
1 998288 998498
0 308744 308745
1 769051 769219
1 350092 695797
0 966015 966337
1 869953 870115
1 484117 484210
1 324432 324585
1 706264 706463
1 603334 603413
1 78224 78579
1 855966 855970
1 968934 968939
1 1032395 1050256
0 37470 37471
0 883715 883716
0 787041 787066
1 827413 827414
1 20159 20160
1 833644 833646
1 310984 310988
1 428067 428069
1 1005226 1005236
0 337070 337114
1 785744 785872
1 228560 228700
0 175172 175459
1 773357 773358
1 159307 159311
1 515697 515749
1 383226 387059
0 269107 283005
1 733216 734075
1 946702 946709
0 852489 852490
1 817725 817727
1 965729 965730
1 637007 637008
1 684601 685070
1 1069505 1069507
1 960645 960673
1 741806 747258
0 125836 125837
1 262120 262231
1 78587 92588
1 640002 640102
1 942693 942695
1 907838 909901
1 77631 77973
0 506150 506174
0 291641 307666
1 80317 80318
1 207003 207006
1 342555 342558
1 958738 958743
1 646089 646093
0 7222 7244
0 793684 801917
1 105660 105661
1 590927 590928
1 355063 359688
1 24699 24724
1 725470 725471
1 379834 379936
1 8293 8294
0 350560 350833
0 439706 439708
1 287410 287412
0 283069 283072
1 533856 533858
0 399046 399048
1 971882 972137
0 716630 716631
1 159547 159549
0 782078 782079
0 153886 153887
1 1088978 1088980
0 43918 43944
0 22043 22044
0 1074164 1074172
1 604947 604955
0 132578 132794
0 409706 409709
0 115890 115894
1 1057406 1057433
1 349033 350015
1 818097 818098
1 427723 427724
1 400314 400320
1 547519 547533
1 325709 325898
1 45303 45305
1 101653 101656
1 300943 301007
1 1002159 1002160
1 823140 823573
0 97736 97738
1 48778 48863
1 451456 451460
1 872683 872786
1 314669 965472
1 532435 535605
1 250177 250178
1 679018 679142
0 817052 817054
1 1040596 1043246
1 149646 149687
1 775352 775354
0 952388 952390
1 225622 225709
1 444 10283
0 915259 915264
1 942543 949246
1 821945 822202
1 121785 123126
1 989854 993106
1 830680 830688
0 173263 173264
1 821164 821165
1 166561 166572
1 360635 360640
1 870681 870793
1 961015 961218
1 822160 822161
1 841187 841211
1 603521 603530
1 625526 626390
1 178885 179221
0 591785 604030
1 595198 595201
1 21296 21298
1 702595 702596
1 25876 25894
1 1077378 1077394
1 356310 356313
1 489908 489918
1 872781 872890
0 505590 978566
1 1034006 1051685
1 916880 916881
0 166561 166572
1 139090 143254
1 18739 18783
1 934864 934882
1 452076 452080
1 515852 515869
1 586239 586249
1 1082643 1082658
0 454610 454627
0 729129 729131
1 855105 855106
1 228585 228696
1 874509 874510
1 831449 831463
1 1028807 1028809
1 38016 38018
1 535047 543537
1 1027939 1027940
1 589478 590296
1 129283 129808
1 430345 430347
1 49275 49276
0 491831 491903
0 349193 349194
1 643309 643312
1 959406 959412
1 691264 691268
0 640240 640242
0 164437 164819
1 393322 393340
1 401958 402065
0 648565 648566
1 1077862 1077877
0 1020788 1022059
1 2966 2967
0 718915 718918
1 1022274 1022275
1 470346 470428
0 154256 154282
0 955054 955056
1 44536 44751
1 670807 671056
1 218 224
1 340740 340840
0 945138 950967
0 713569 713770
1 676269 676270
1 90337 90339
1 805920 805921
1 532650 532805
1 1069217 1087550
0 345128 354866
0 35267 35271
1 907231 907232
0 485255 485257
0 141614 141647
1 804557 804567
1 298656 298696
1 700238 700393
1 27922 27923
0 586944 587296
1 655948 655950
0 326813 326814
0 731708 732040
0 255227 255230
1 505830 505832
1 790615 790646
1 252664 252804
0 1083935 1083936
1 148861 148862
0 731688 731749
0 300444 300449
0 577170 577171
1 434730 434887
1 434455 434463
1 417179 424546
0 257080 257081
1 78438 78778
0 498275 498280
0 366835 378232
0 251366 251367
1 875270 875641
0 239333 245803
1 370026 370028
1 285675 285679
1 552191 552225
0 613616 614848
1 607949 608110
0 975800 975801
1 859935 859942
0 455924 455926
1 803419 803420
1 68513 68514
1 334274 334277
1 808124 808583
0 928142 928375
1 882577 882579
1 126131 126133
1 695396 695397
0 330085 330092
1 918494 918691
1 237938 246313
0 691414 691415
1 663370 663371
0 954464 955357
0 854852 854853
1 33320 33321
1 471025 471058
1 91521 92130
0 969341 969350
1 204370 204373
0 348576 348956
1 569491 578642
1 923742 923818
1 64789 64813
1 787371 787380
1 525478 525480
1 162933 162945
1 628126 628127
0 939095 946400
0 519129 519130
1 684615 684616
0 131144 146733
0 848022 848038
1 350902 350904
0 390931 390982
1 287615 287619
1 43925 43980
1 891404 891418
1 312185 312238
1 146487 146488
1 828921 839791
0 879883 881083
1 1047932 1047933
1 1072342 1085050
1 125056 150837
0 135772 135773
1 325363 325365
1 710104 710705
0 207467 207503
1 338558 338559
1 928376 928438
1 970513 970514
1 157845 161694
1 880157 880211
1 770866 770871
0 1000005 1000006
0 369380 370949
0 531438 544149
0 1036985 1036989
1 323332 344934
1 714179 714180
1 119836 120071
1 57607 63546
1 674498 674555
1 797432 797437
0 210377 210378
1 911315 911316
0 96668 108308
0 582667 585687
1 584279 584281
1 1049419 1049464
0 456302 456304
1 489767 489795
1 9942 9956
0 238554 238555
1 719163 719164
1 890212 891756
0 798466 798467
1 1002884 1011535
1 232802 232814
1 389410 389411
1 331006 331055
1 871499 871505
0 268213 268990
0 430462 430463
1 463770 463790
1 1048643 1048644
1 764399 764664
1 981803 992735
1 288029 293695
0 1024291 1024292
1 350918 350923
1 244844 245908
1 530711 543450
0 827843 845985
0 608660 609966
1 605387 605389
0 222299 223627
0 599163 599164
1 81728 81757
0 957475 957476
0 325488 325842
1 489408 499416
1 146851 146854
1 753898 753903
1 698988 705675
0 140139 140946
1 528037 528038
1 5571 5679
0 760391 760392
0 802146 802148
1 43276 43277
0 32961 33235
1 589457 589458
0 911688 916290
1 780552 783462
0 929619 929620
1 135125 135126
1 866241 866243
0 490454 490455
1 427387 427391
1 894115 894119
0 107844 109143
1 11393 11394
1 438488 438489
0 604789 604811
0 636474 636492
0 926483 926485
0 784598 784620
1 536183 536513
1 951695 951718
1 84816 84991
0 47723 47731
1 214128 214129
1 422159 422160
0 287033 602626
1 668181 668182
1 892449 892456
1 477421 477422
0 1040018 1040024
1 57149 57150
1 753384 753388
1 931208 935536
0 699209 699210
1 320226 320229
1 548475 556177
0 91521 92130
0 719168 719172
0 38605 38613
1 318948 318949
0 600794 600933
0 381400 381401
0 877662 877676
0 847319 847321
1 23660 23661
1 1074357 1074362
1 63134 72045
1 594383 594419
0 314745 314746
1 760026 760028
1 561704 561787
1 532258 532260
0 855544 855947
1 131823 131825
1 740399 740444
0 740047 740048
0 654851 654853
1 791913 791914
1 175929 179953
0 166022 166023
1 134365 135122
1 473211 473611
0 744163 744318
1 850000 850003
1 332942 333265
1 357389 780824
0 1049905 1050101
1 876026 876529
1 846965 847202
1 631112 631113
1 338549 344373
1 984324 984341
1 888965 888966
1 887627 895782
1 461042 461063
1 823164 823165
1 17254 17258
1 102966 102978
1 672725 672726
0 981245 981247
1 136836 136871
1 149673 149675
1 835702 835714
1 983254 983255
1 739957 739962
0 871147 876515
1 66375 66376
1 378699 378702
1 73551 73552
0 242092 242093
0 903822 903836
1 888169 888360
0 177673 177674
1 314742 314914
0 977570 978170
0 104089 104090
1 889307 889789
1 635968 635969
1 205232 205599
1 315022 315024
0 230348 230349
0 708418 709647
1 348747 349717
0 263752 266148
1 803912 803915
0 354816 354824
0 221753 221797
1 928234 931143
0 958544 958568
0 842957 842965
0 627483 628214
1 612836 615715
1 4272 4274
0 610032 610033
1 479778 479779
1 822790 822791
1 445474 445483
0 1028939 1028941
1 545387 545392
1 126350 126352
0 264504 264505
1 350357 350359
1 138501 138502
0 624203 627086
1 301039 301048
1 567370 567371
1 28915 28917
0 470566 471454
0 349033 350015
1 658458 658525
1 649205 649229
0 120366 124470
1 516241 516252
1 76078 76081
1 1036702 1036739
0 306991 306997
0 978440 984880
1 770050 771785
0 487409 487414
1 12402 12403
1 704509 704512
1 894183 894377
1 331048 331807
0 103909 103932
1 636068 636099
1 205017 205020
1 929514 1003917
0 889187 889188
1 772146 772434
1 446141 968808
1 534333 534334
0 195915 195916
1 101174 101184
0 380634 380674
0 580903 581455
1 985802 987261
1 13809 13814
0 299965 299968
1 46288 46289
0 791913 791914
1 800291 800334
1 987636 988527
1 601440 601441
1 732267 732558
1 734337 734338
1 118607 118609
1 143900 150739
1 428069 428089
1 67249 75235
0 260755 260799
0 497684 497685
1 1065371 1089009
1 719754 719757
0 436938 436952
0 698329 698330
1 929023 929193
1 473663 473665
1 463071 463072
1 447498 447499
0 222441 222462
1 357567 364846
1 778487 778489
1 93662 109124
1 537740 544932
1 161849 161853
1 552620 553166
1 768838 768877
0 487872 487873
1 785602 785603
1 486506 498154
1 422887 422914
0 313837 314037
0 362525 362526
1 1033006 1033008
1 670660 670912
1 273126 273190
1 898375 898377
1 221097 223179
1 51260 51261
0 769368 769369
1 437706 437719
1 212744 212745
1 963356 963357
1 1039356 1039357
0 599303 599308
0 538323 538397
0 242013 253868
0 981410 981425
0 136409 136419
1 716046 718422
0 240045 240052
1 403407 403414
1 924811 924812
1 662832 662837
1 534169 534170
1 981735 981736
0 443809 443818
1 502704 502740
1 386262 386276
1 423014 423096
1 869121 869122
0 1067085 1067373
1 118728 118733
0 809884 809885
1 284926 285349
1 15884 16004
1 318784 319109
1 408199 414768
1 231065 231531
1 876727 876732
0 849185 849187
1 316609 316610
0 961279 967350
0 35512 35513
0 307514 307515
1 239109 239110
1 1004721 1004916
1 951368 957293
1 1017348 1017349
1 30848 30883
1 570398 570399
1 236465 237909
1 587456 587457
1 555002 555275
0 936545 936547
1 989001 989002
0 756683 756700
1 509404 509405
1 452620 457640
1 959930 960851
0 383118 383296
0 581603 590329
1 548172 551702
1 465200 465201
1 795358 795376
1 431631 431632
1 271339 271340
0 390488 390489
1 657797 657799
0 47794 47795
0 959049 959050
0 640354 641182
1 687899 687918
1 1088813 1088815
1 389511 391466
1 51609 51610
0 553591 555337
1 540293 540611
1 61153 61154
1 769464 769576
1 250101 250103
1 946417 946418
1 207517 207525
0 726431 726432
0 824438 824440
0 33389 33390
1 512482 512484
0 294438 294439
1 1540 5071
1 121545 123012
1 323645 324714
1 777823 777824
1 270257 283324
1 952993 952994
1 65211 65214
0 935431 935432
1 58099 69744
1 656198 656200
1 552543 556047
1 1034388 1052290
1 129249 155318
0 425459 425463
1 901458 901460
1 910844 910848
1 1064441 1064850
1 237602 237603
1 609839 615183
1 277965 277968
1 550598 556845
0 481242 484820
1 442498 445950
1 409944 409946
1 437908 437910
0 33965 33966
1 7587 10518
1 24112 34056
1 1012383 1012385
1 908546 921200
1 28648 28786
1 644371 644372
1 1056503 1056553
1 653632 657932
1 1067788 1067789
1 917488 921110
1 1056924 1056937
0 584988 585014
1 792881 792887
1 14417 14420
0 470983 473466
1 883593 884034
1 93987 93988
1 1004764 1005155
1 833717 833780
0 131846 151317
0 400314 400320
0 5010 10459
0 1065371 1089009
0 1035944 1035946
1 358347 358351
0 726787 726788
1 929933 930040
1 780771 805301
1 385936 385953
0 1053544 1053545
1 218783 221002
1 230033 230099
1 467086 467282
1 444065 444186
1 931684 936521
1 682361 682407
1 260863 260873
1 651931 651932
1 745952 745956
1 1000793 1000794
0 776729 776733
1 707483 707486
1 943549 943555
0 489908 489918
0 814698 814699
0 197281 197283
1 717 1038
1 1042021 1042022
1 571282 571284
1 885367 896277
0 954760 954782
1 330935 330945
1 449856 449858
1 357004 357127
1 779565 779652
0 79315 84327
1 588599 588603
1 259317 259321
1 680918 681143
0 607939 610393
1 205039 205042
0 674233 674249
0 12888 23979
1 380641 380643
1 598638 598712
1 972507 972508
1 724752 724758
1 881541 885618
0 232802 232814
1 209704 209705
1 435747 435750
1 493961 493962
1 209981 209985
1 416326 416328
0 25587 25592
1 1023813 1023930
1 577344 577345
1 3685 3686
0 494257 494411
1 1015654 1015655
1 193209 193210
1 606382 607333
1 1065704 1088032
1 11708 11709
0 890144 891804
1 953016 953028
1 545619 553425
1 740329 741490
1 672926 673001
1 692355 692356
1 80205 80414
0 11708 11709
1 672560 676113
1 12658 14168
1 193117 193118
1 840630 840632
1 728138 728324
1 785071 785081
1 59450 59451
0 236465 237909
1 893140 893238
1 385957 392891
0 184847 184849
0 187526 187527
0 13482 13484
0 55389 55402
1 893958 893961
0 1018924 1018926
1 472852 472853
0 150546 150547
1 337003 337008
0 654443 654444
1 836047 836049
1 59156 59178
0 442498 445950
1 589812 589813
1 608821 608830
0 173499 177691
0 703370 703371
1 306643 306645
1 202259 202368
0 301039 301048
1 396267 396268
1 841777 841779
1 863697 863699
1 61164 61165
1 662209 662245
0 443316 443317
1 385495 386777
0 980288 980289
1 293446 293543
1 401055 401056
1 55878 55882
0 163567 163568
1 712528 712529
0 523848 523850
1 474158 474161
1 624938 626859
0 649166 649167
1 536945 536949
1 345459 353736
1 177496 180763
1 616352 616356
0 647563 647986
0 532650 532805
0 112664 112665
1 337660 337874
1 899596 899960
0 119836 120071
0 775762 775795
1 746000 746001
1 559320 559334
1 341573 341574
1 954155 954156
1 825398 825399
0 145412 145422
0 692355 692356
1 592126 592127
1 713443 719947
1 718760 718782
1 15748 19316
1 516492 516506
0 227525 227528
1 480698 480699
1 346943 346948
1 264124 264125
1 655997 656006
1 597627 597628
1 457569 457570
1 738547 738555
0 139055 139058
1 500610 500612
0 179639 179640
1 221895 221952
1 424907 424914
1 852610 852615
1 902059 902667
1 601108 601111
0 159046 169195
0 273667 273697
1 425557 425569
1 166638 166659
0 594401 594402
1 726407 726439
1 361467 361469
1 903230 903720
1 748513 748514
1 646954 646955
1 445631 445815
1 146763 146769
1 875615 875616
1 664166 664168
1 772604 772606
1 418349 419227
1 1078143 1078145
0 83047 83051
1 672333 672335
0 60815 60816
1 93719 93870
1 645831 645832
1 994203 994204
1 209499 209526
0 428442 429427
0 1053382 1053463
0 192594 192661
1 24822 24823
0 331429 332852
1 291486 291492
0 305392 305418
0 821945 822202
1 46859 46939
0 569058 578362
1 489022 490807
1 477870 477872
1 1054861 1054862
0 978401 978427
1 372683 374513
0 643263 643264
1 823604 823605
1 26999 27000
1 893356 893360
1 410363 410380
1 346177 346178
1 383130 383309
0 608878 608881
0 217533 217539
1 167446 167447
1 371785 371786
0 976628 976821
0 852261 852262
1 191683 754031
1 883269 883270
1 914471 914478
0 476976 476978
1 12336 12337
1 113037 113038
1 113456 113607
0 285357 285358
0 126350 126352
0 70448 70449
1 677817 677822
1 294685 294687
1 406105 406110
1 966234 966236
0 176950 182678
1 589422 589423
1 390482 390483
1 819778 819782
1 781550 781920
1 22055 22063
0 794523 794671
1 399844 399998
1 985499 985500
0 600069 600070
0 614168 614170
1 228828 228830
1 1016355 1028961
1 558338 558344
1 69426 69430
1 552873 552874
1 362633 362843
1 157625 157627
0 551693 551702
1 1073423 1073424
1 236821 236822
0 383890 384074
0 939824 939825
1 1022167 1022168
1 889314 889355
1 200728 212681
1 676067 676069
1 1037874 1050682
0 463143 463149
1 966507 966672
1 1076186 1076402
1 114250 123600
1 915415 915416
1 483075 483107
0 462572 477672
1 774846 774850
1 14382 14391
1 1002204 1002205
1 324033 324654
0 360635 360640
0 305760 305773
0 913476 917714
0 37049 37102
0 322785 322788
0 800291 800334
1 187009 187825
1 102902 102903
1 900090 900091
1 999028 999029
0 45243 45244
1 11744 11745
1 120778 120896
0 242902 253959
1 264672 264673
0 137273 137275
0 457569 457570
1 3676 4399
1 521854 521859
0 451623 451626
1 162722 162725
1 79663 80161
1 116587 116591
0 234666 234672
1 516953 516954
1 829589 830357
1 976308 976461
1 635375 651862
1 570207 570216
1 201241 201245
1 143578 143580
1 804342 804343
1 656458 656626
1 481975 481982
0 513827 513828
1 554937 554938
1 688971 688973
0 633633 633634
1 746799 750145
1 384398 384399
1 752931 769703
1 41659 41686
1 148629 148630
1 453760 453769
1 844201 844207
1 1040979 1040992
0 925547 925550
0 716271 716289
1 508469 511918
0 356679 356680
1 784335 784337
1 358393 358394
1 769473 769474
1 209120 210128
1 865687 867577
1 256992 256993
1 7580 7581
1 836450 836462
1 832395 832586
0 379175 379176
0 445631 445815
1 927676 927856
0 733927 749039
0 722538 722626
1 655219 655220
1 239786 240373
1 1024108 1024124
1 681346 681572
1 877484 877495
0 89678 89680
1 285458 285459
1 903234 903237
1 663768 663781
0 445287 445411
1 111641 111858
0 96118 96120
0 909141 909142
1 452686 452693
1 924134 924135
0 113456 113607
0 480698 480699
1 505837 511387
1 1017778 1017779
0 811071 811106
0 969741 969749
1 466344 467896
1 492485 492487
1 84189 84199
0 598462 598466
0 27104 27113
1 426637 426641
1 898898 899127
0 773590 773592
1 363776 363777
1 751965 751978
1 403044 403045
1 925114 925133
1 164312 164313
1 729217 729480
1 833015 833266
0 714076 714078
1 1058630 1059309
0 794979 794980
0 188497 198862
1 381025 381026
1 131866 131895
1 679890 679892
0 624590 629725
0 717408 717410
0 136574 136577
1 910322 921915
1 481017 481019
1 392577 392583
1 719257 719258
1 543134 543341
1 356110 356114
1 1031893 1031912
1 529174 529185
0 518013 518014
1 303447 303448
1 786463 786471
0 45537 45796
1 951622 951664
1 179720 179841
1 672244 676280
1 501497 501498
1 802686 802687
1 568319 568320
0 836450 836462
1 1036479 1039391
1 867857 867859
1 433625 433627
1 267059 267061
1 950649 950735
0 1054813 1054870
1 62240 62241
1 818944 818953
1 593405 593418
1 20652 21115
0 727248 728714
1 859129 859226
1 1055700 1055701
1 627523 628201
1 67073 67547
1 480423 480426
1 939316 939317
1 59343 59352
0 448796 449020
0 179720 179841
1 516369 516373
1 67140 67141
0 410737 410738
1 394049 394446
1 496591 496593
0 258506 258511
1 843916 843928
0 119760 119777
0 551200 551406
1 949009 949037
1 430701 430702
1 198391 198394
1 664463 676674
1 549426 549788
0 765700 765701
0 481975 481982
1 672058 672059
1 255466 255467
1 113099 113101
1 166772 166773
1 1022468 1022482
1 1033818 1052404
1 863265 863388
0 207990 207993
1 885391 885598
1 872996 873004
1 656282 656283
0 664630 667893
1 561489 561569
1 112124 112126
0 53147 53238
0 689138 689148
0 669811 676720
1 47757 47759
1 61520 62738
1 681458 681459
0 1004515 1014369
1 630045 630046
1 164182 164239
0 870203 870218
1 462760 462762
1 515731 515732
1 620892 620893
1 879777 879788
1 619079 619080
1 942250 942388
1 331163 331164
1 399260 399262
1 358202 359300
1 1032907 1041659
1 597670 597676
1 1000611 1000612
1 278909 279032
1 51176 51178
0 995516 995519
1 787647 787649
1 766754 766755
1 596147 596150
0 775313 775319
0 665790 665791
1 1042171 1042193
1 139565 139695
1 516364 517007
0 888350 888351
1 852638 852696
1 504572 504600
0 276226 276640
0 51609 51610
1 879737 879741
1 210533 210534
1 818877 819881
1 143552 143680
1 45347 45348
0 107037 107038
1 598646 605715
1 725212 725214
1 636655 636677
0 35053 35054
1 631665 631669
1 324056 324057
1 374658 375610
0 296641 296646
0 211849 217223
0 510934 511126
1 546395 546396
1 516902 517080
1 330211 330214
1 859217 859218
0 862232 862253
1 661525 661591
1 941818 942204
1 933818 933824
1 176816 177532
1 729042 729047
1 279376 279468
0 136872 136878
1 430899 433667
0 557592 557593
0 1081027 1081033
1 351818 352062
0 238022 238032
1 983386 983405
1 926575 926576
1 87997 88002
0 112680 112682
0 1042170 1042208
0 219163 227791
0 547620 548229
1 453348 453349
1 14971 14973
1 822127 823762
1 320511 320514
1 870569 870821
1 353725 354670
1 708568 708570
0 899055 899056
0 529756 529757
0 438459 438474
1 756497 756663
0 844538 844554
1 447721 447766
0 530633 530648
0 679831 679841
1 741761 742375
1 88177 88447
1 227368 227370
0 651711 651712
1 312291 321637
0 664859 664866
0 869886 870058
1 1055974 1056061
1 384211 384212
1 352448 353624
1 755372 755392
1 992835 992836
1 233121 235794
1 415432 415433
1 930872 933317
1 472668 472670
1 63041 63303
1 647922 652276
1 60067 60070
1 288664 288820
1 1080133 1080142
1 679593 922328
1 665900 665901
1 988559 988560
0 780891 781213
1 643112 643138
1 665133 665779
1 573815 573816
1 536939 536940
1 191203 191515
1 140348 140350
1 1026976 1026977
1 966826 966827
1 562989 562990
1 1073102 1073109
1 902822 903008
1 932807 932816
0 516902 517080
1 240237 240239
1 497131 498661
1 530184 530918
1 267927 267940
1 348738 354126
0 138943 138944
1 723495 726515
0 796151 796152
1 646037 646042
1 121969 122462
0 588855 588962
0 751628 753108
0 625158 625160
0 114250 123600
1 156801 156803
0 351409 351417
1 455225 455234
1 929622 936785
0 681985 681986
1 476843 476844
0 428067 428069
1 13523 13651
1 348725 351316
1 699540 699546
0 614253 614406
1 222481 222483
0 269790 269792
0 90741 92837
0 991992 992108
1 332451 332474
1 771117 771150
0 482187 482255
0 267927 267940
1 819228 819403
0 962329 962336
0 881918 881924
0 546208 555949
0 416326 416328
0 25189 25192
0 879497 879505
1 478036 478037
0 687467 687474
1 1036358 1036359
0 697935 697949
1 609082 609083
1 864956 864963
0 81714 81730
1 129857 155227
1 219573 225267
1 696927 696929
0 1001081 1001083
0 811202 811235
0 831449 831463
0 846761 846780
0 753207 753208
1 250840 250841
1 966104 966285
1 890834 891183
1 37071 38243
1 461656 461666
1 21953 21958
1 780739 780769
1 12641 12642
1 609443 609495
1 921566 921568
1 693684 693687
1 274969 274972
1 97636 97637
1 1031524 1031525
1 643492 643573
1 636358 636370
1 513735 526832
1 408514 408518
1 382666 382668
1 238301 238302
1 907426 909985
1 355088 355090
1 805284 815347
1 114615 114635
1 375583 376185
1 415084 432016
0 432151 432156
1 594183 594184
1 460999 461000
1 919583 920026
1 265781 265782
0 520611 521997
0 675333 675348
1 437068 441960
1 281130 281143
1 536400 536402
1 326834 327191
0 679613 923855
1 383337 383449
1 237540 238585
1 608862 608868
1 68330 68673
1 292490 292598
1 627682 627816
1 885818 887831
0 458871 458872
1 1078568 1078569
1 206966 212851
0 1059627 1059647
1 192893 192962
1 874534 874839
1 135823 135830
0 695396 695397
1 9883 9899
1 329080 329081
1 878717 878754
1 986892 986893
0 1001297 1011843
1 932000 932323
0 813286 813511
0 1017029 1017031
1 714141 714242
1 212754 212755
0 383780 383787
0 591643 591644
1 835428 835551
0 631804 631805
1 274870 274872
0 330211 330214
1 1017674 1017702
1 158136 158139
1 228796 229422
1 388032 388034
0 663370 663371
1 654116 654141
1 1044645 1044709
0 842984 842995
0 1085872 1089675
1 290302 290361
1 973283 974280
1 595559 595561
0 62890 62891
0 141068 141075
1 351031 351312
0 246783 246892
0 890925 890926
1 1081915 1081916
1 634835 634836
0 31578 31579
0 381025 381026
0 123141 123142
0 566193 566195
1 730806 731280
1 251389 251855
1 226014 226017
0 429772 429773
1 289118 289136
1 250764 250906
1 540411 540420
1 167589 167603
0 376794 376795
1 609135 610751
0 286164 309222
0 309379 309384
0 178885 179221
1 535863 535879
1 384017 384018
1 683121 683123
1 360376 360925
0 990605 990606
1 538059 538534
0 689086 694969
1 361352 361360
0 54899 56556
1 173766 173787
1 584043 584044
0 22055 22063
1 350781 350826
1 259888 263803
1 497336 497349
0 81012 81023
1 163036 163037
1 222517 222519
1 910817 910823
1 1021563 1021564
1 451980 452105
1 154099 154101
0 360439 360520
1 91074 91637
0 586848 586855
1 51344 51345
1 279463 279464
1 848948 848990
1 567166 567593
1 1003376 1003520
1 38803 38816
1 98210 98211
1 1059496 1059497
1 294947 294951
1 204781 204783
1 84522 84532
1 784728 784826
1 748568 748569
0 1044384 1044385
1 25213 25218
1 175674 175675
1 344434 344436
1 298804 302568
1 295329 298751
1 188962 188981
1 991249 991250
1 615776 615858
1 809962 809963
1 860707 861276
0 753448 753452
1 189593 189605
0 532030 532226
1 628617 628618
1 654892 658316
0 752808 780302
1 886902 886903
0 19301 19329
0 955693 955773
1 1073413 1073455
1 590418 597309
1 791246 791250
0 97109 107540
1 622013 622042
0 376496 380552
1 15270 15271
0 100807 100815
1 644029 644038
1 1054458 1054459
1 578147 578148
1 119992 119993
1 803921 803944
1 943247 943250
1 229067 229068
1 59649 59650
0 453348 453349
1 222966 222971
0 838362 838363
1 824004 824006
1 1044251 1044254
1 322999 323212
1 745299 746109
1 422789 422795
1 820159 826522
1 409575 409582
0 664009 664010
1 49918 49934
1 145234 145242
0 865687 867577
0 672560 676113
1 632978 632979
1 994177 994370
1 281172 525380
1 391018 394615
0 382666 382668
1 647970 647971
1 732155 732156
1 326090 343405
1 618147 618148
0 116694 116699
0 68945 69063
0 495227 495504
1 256776 256812
1 928753 929349
1 673700 673701
1 398812 398814
1 916093 916097
0 931214 931456
1 228313 228314
1 121951 121952
1 946815 946834
0 396637 396638
0 34017 34021
0 188962 188981
1 385485 393300
1 1070508 1089892
1 109833 109834
1 1068923 1074104
1 223418 223567
0 128997 129268
1 580513 580514
0 427687 427718
1 993240 993241
0 608694 608697
1 745456 745458
1 328136 343414
1 723725 723849
1 827639 837341
1 700582 701092
0 534800 535565
0 1035339 1035344
1 913766 913769
1 713595 713598
1 770128 770150
1 841809 841855
0 273240 282233
1 613824 613825
1 952931 952944
1 769868 770562
0 849257 849272
1 737259 738074
1 22568 22569
1 564071 564072
1 169806 169810
1 1078709 1078717
1 714415 715094
1 329620 329693
1 219601 219602
0 472950 472982
1 973316 973347
1 245062 245063
0 103771 103939
1 1070512 1070513
1 891942 891945
1 460939 460940
1 619528 620047
0 625199 625200
1 796594 796595
1 2699 2704
1 754790 760145
1 194143 194146
1 856932 866948
1 146083 146085
1 987394 987395
1 16303 16306
0 469514 469516
1 589394 589400
1 845085 845089
0 329341 329420
1 995498 995526
0 80205 80414
1 509261 509267
0 874509 874510
0 1061479 1061490
1 1082700 1082712
0 434059 434101
1 698002 698767
1 225191 225399
1 928232 937287
1 1082868 1082870
1 510306 510309
1 679116 695637
1 732578 746359
1 414189 414190
1 586597 587022
0 186313 186315
1 673860 673966
1 148293 148294
1 222817 222904
0 145922 145925
1 180298 180300
1 1081465 1086367
1 178496 178504
1 277310 277315
0 795029 795126
1 22489 34324
0 655138 655152
1 7151 7152
1 626327 626463
1 95673 95675
0 1082615 1082619
1 523860 524236
0 461152 478723
1 173877 173881
0 292573 292579
1 185504 185512
1 725212 726332
1 306807 306812
1 1066983 1066985
0 823115 823806
0 770454 770495
0 59450 59451
1 818958 820215
0 855966 855970
0 841518 841553
1 253069 254202
1 158829 158830
0 218140 218154
1 1026334 1026341
1 587673 587675
1 210665 210667
0 959581 959584
0 117876 117877
1 620342 620343
1 884155 884241
1 687908 687909
1 958558 959081
1 964952 964954
0 484117 484210
1 187834 214307
1 860294 860843
1 178061 178065
1 625483 625504
0 47458 47459
1 1016374 1016375
1 720659 720661
1 1062794 1062795
1 508411 508412
1 764442 764445
1 103325 103465
1 31912 31913
1 861965 862618
1 680615 680632
0 635758 635827
1 820943 824747
0 415906 415911
1 887200 888223
1 569443 578443
1 786297 786298
1 205889 205890
1 1021892 1023394
1 861241 861243
1 1031972 1032028
0 389349 393230
0 930872 933317
1 954604 954636
1 470724 476966
1 1031366 1031371
1 424598 424648
0 1087351 1089923
1 14750 14806
1 1067575 1067599
0 46548 46550
0 995112 995114
1 801487 801500
0 185997 186120
1 202641 202643
0 191203 191515
1 920436 920500
1 747485 748300
0 758800 758805
0 239109 239110
0 493251 493254
1 981381 981636
1 37135 37149
1 987907 987925
1 995250 995257
1 474154 474155
1 692026 692028
1 1065357 1065366
1 378699 378701
0 734362 748669
1 491979 491983
1 836676 836680
0 60618 60619
0 1040500 1040540
0 430346 433553
0 498665 498666
0 212754 212755
1 503778 503780
0 685473 693552
1 713486 719927
1 910927 910974
1 632134 632139
1 724760 724761
1 549464 556035
1 768826 768845
0 191450 193805
0 1055974 1056061
1 493295 493754
0 233404 233408
0 903777 903779
0 552620 553166
0 416838 416910
1 841385 850757
1 773308 773309
1 603375 604825
1 755928 755969
0 1070214 1070215
1 262253 262273
0 851147 851181
1 700890 700894
1 628181 628375
0 684601 685070
1 105475 105487
0 141793 141808
1 946884 950076
1 1048019 1048028
1 591102 600079
1 989612 989613
0 332512 332522
1 711157 711816
1 439940 439951
1 227378 227547
0 412507 412509
1 635415 651251
1 588622 588672
1 997330 997337
1 488011 488012
1 755417 759145
0 540108 540118
0 104622 104623
0 1006647 1013063
0 970467 970815
1 462547 462550
1 999711 999712
1 623028 623030
1 462602 462604
1 804353 805197
0 443964 444190
0 1058461 1058574
1 760862 760863
0 536939 536940
0 984157 984249
0 14069 14070
1 86283 87034
1 674303 674390
1 620355 620378
1 320919 320921
1 111574 111816
1 342408 342699
1 599946 599947
0 235279 235280
1 246691 246693
0 220754 220756
0 630927 630928
0 350470 350475
1 489918 491297
1 919476 919477
1 378466 378469
0 512066 512068
1 578286 578288
1 885921 885923
1 789090 789091
1 460867 460875
1 587306 603218
0 635375 651862
1 324110 324229
1 245889 245891
1 380070 380074
1 938346 938348
1 367384 372183
1 662307 662308
1 236235 236237
0 550302 550417
1 931826 932201
1 576986 576987
0 521292 521298
0 708965 708971
1 743658 743664
1 452886 452890
1 1078284 1078285
1 497905 497906
1 633301 633302
1 751994 752130
0 195081 195082
1 992415 992416
0 244680 244701
1 250159 250229
1 362711 362956
1 1053593 1053594
1 585547 585643
1 360491 360507
1 601607 601690
1 686782 687526
1 506144 506446
1 617565 617810
1 928090 928092
1 827331 827336
1 645236 645243
1 757525 759991
1 487014 487085
1 23530 23675
1 571404 571420
1 898641 899236
1 648383 648386
0 122341 122513
0 401958 402065
1 693231 696483
1 112713 112714
0 951801 951802
0 574592 574594
1 203065 203068
1 747895 749935
0 200979 200980
0 918562 918682
0 950649 950735
1 667548 667549
1 833904 834940
1 410411 410418
0 133269 133270
1 23896 24099
1 158107 167838
1 574632 574634
1 419746 425884
1 737111 737152
1 741555 741557
1 723143 723559
1 967155 967262
0 978550 978551
1 689947 690322
1 954319 954336
1 528953 544254
0 902422 902423
1 375351 375354
0 610652 611105
1 462233 462236
1 1043034 1043035
1 1006423 1006600
1 540071 540152
1 83697 83704
1 1074233 1074278
0 773 774
0 1056809 1056810
1 436569 436570
1 47842 47865
1 466386 466388
0 1045788 1052195
1 979165 979178
0 959178 959179
1 301288 301306
0 457012 457098
1 406023 406025
1 843534 843537
0 1044569 1044570
0 499811 499945
1 373347 377144
1 846582 846601
1 715600 715739
1 890169 890170
0 117797 117798
1 638490 640391
1 412164 412174
0 665900 665901
1 1069807 1069822
1 723502 723869
0 730008 730478
1 546893 546895
1 800526 800531
1 125233 125333
0 281397 281398
1 970549 970550
0 358202 359300
0 279706 279712
0 372048 372050
1 482639 482640
1 82255 82277
1 938770 938773
1 775787 775792
1 972984 972985
0 877757 877758
1 886532 886558
1 905518 905519
1 191945 191957
1 254202 254203
1 168290 168639
1 649132 649134
0 949481 949483
0 397328 397330
1 668096 668100
1 688225 688227
1 707287 707288
1 804216 804223
1 929591 929592
1 349220 349264
0 306939 306940
1 389532 389536
1 139379 139384
0 968579 968580
1 1003937 1003938
1 183623 183629
0 6351 6359
1 151528 151529
1 261137 261748
1 769914 769925
1 10114 10115
1 872657 872754
1 815039 815042
0 531424 532312
1 281094 281098
1 78191 78250
1 569849 575162
0 439659 439889
0 585547 585643
1 431687 431690
1 639520 639523
1 138745 138784
1 160419 160420
0 574688 578771
1 763005 763013
1 838707 838710
1 387374 488134
1 984576 986991
1 489741 489766
0 140620 140622
1 215310 215312
0 935086 937631
1 105116 105133
0 127542 127543
1 878035 884599
0 377277 377278
1 682596 682681
0 693231 696483
0 285406 285409
1 778133 779341
0 286779 308381
0 1022274 1022275
0 1001472 1001473
1 703841 703845
1 594136 594137
1 643276 645825
1 158944 158946
1 78468 78469
0 420492 420494
0 701857 701941
1 675785 675810
1 263152 267207
1 424161 424163
1 848021 848023
1 314016 314464
1 50764 50791
1 799310 799311
0 915415 915416
1 523862 523883
1 121121 121715
1 704568 704569
1 629421 630886
0 340291 340302
0 312800 313255
1 635727 635728
1 37974 37975
0 1069917 1069918
1 830043 830045
1 374296 374498
1 89222 89227
1 127743 149800
0 487143 487177
0 375351 375354
0 57607 63546
1 28463 28471
1 523259 523263
1 340730 340731
1 329517 329632
1 268366 269357
1 806313 806344
1 373049 373052
1 237347 237357
1 406231 406233
0 765098 765099
0 927208 929949
0 789585 789864
1 985979 985981
1 358905 358906
0 211959 213309
1 52487 52488
1 774039 774042
1 547967 547987
1 369809 369810
1 574149 574151
1 756808 756809
1 551171 551172
1 113006 113319
1 470873 470906
0 25507 25527
1 833226 833227
1 730181 731250
1 831436 831437
1 876021 876022
0 315163 315774
1 1009438 1009441
1 396889 396896
0 253205 253575
1 58333 77447
1 795177 795178
1 314751 315048
1 792320 792321
1 425950 425990
1 1083517 1083522
1 682735 682737
1 149219 149223
1 571351 571353
1 455226 457731
1 551792 556566
1 147338 147372
1 15367 15384
0 51260 51261
1 923341 923342
0 402377 402378
0 217614 218699
1 226401 226402
1 884768 884770
0 556894 556907
1 119687 119701
1 978651 978652
1 164755 164855
0 863981 864112
1 399897 399898
1 970852 970943
1 161338 161339
1 459189 459726
0 207456 210420
1 1033391 1033735
1 964677 964835
1 718748 718774
1 47653 47657
0 764623 777355
1 142300 152970
1 1058592 1058596
1 116115 116561
1 538743 545009
0 665869 665875
0 331577 331597
0 494938 494968
0 628791 628870
1 740748 741324
1 1006865 1014451
0 23851 23858
1 373208 373450
1 377425 377430
0 568357 568360
1 1069804 1069806
1 986561 986562
1 363732 363735
0 295700 295724
1 1040301 1040302
1 90851 90852
1 730082 730108
1 125268 125269
0 473287 474599
1 561918 561919
0 896954 896955
0 37071 38243
1 504754 504755
0 566310 566311
0 402633 402679
1 116985 117358
1 881790 881796
0 863265 863388
0 304685 304686
0 712791 712941
1 306092 306102
0 715698 715700
1 802258 802269
0 999048 999064
0 943942 944033
1 770241 770297
1 183788 183789
1 673394 673396
1 26994 26997
1 57557 57558
1 27954 27956
1 668542 668543
1 818411 818417
1 789717 801223
0 842204 842208
0 216834 216835
1 457163 457186
0 981803 992735
1 188209 188221
1 835785 835789
0 337215 337227
1 1038957 1039032
1 899632 899633
1 399277 413894
1 808380 808683
0 252664 252804
1 1079412 1079413
1 581482 582168
0 784286 784287
1 752426 752431
0 143561 143569
1 705293 705329
1 821267 821271
0 1069 10454
1 669308 669309
0 74476 74484
1 731336 731337
1 419997 420004
1 806864 807063
1 985915 985935
1 267381 283021
1 400131 820829
0 51168 51214
0 902246 902253
1 117009 117010
0 385936 385953
0 59343 59352
0 876021 876022
0 144714 144715
1 874387 874390
1 934317 934319
1 767384 779376
1 226090 226355
1 205695 205775
1 641388 641389
0 371246 382143
1 640162 640163
1 247992 247993
0 277648 277680
1 746728 746730
0 977074 977232
1 806257 815683
1 687163 687196
1 490267 490280
0 966533 966853
1 380987 380991
1 761807 761808
0 991766 991780
1 9178 9193
0 540293 540611
0 473655 474524
0 17006 17007
1 33130 33131
1 119467 120258
1 1029252 1052820
0 63896 63897
0 592155 592161
1 1041440 1051580
1 646395 646491
1 41585 41586
1 231753 231755
1 805941 806189
0 939727 939734
1 856477 856561
1 731097 732219
1 770000 771563
1 559000 559002
0 700858 701121
0 383130 383309
1 792614 801523
0 444319 449009
1 1008785 1008792
1 591531 603751
0 431631 431632
1 260019 260028
1 245082 247246
1 273323 273467
0 924134 924135
1 583413 583414
0 638019 638020
1 387512 387828
0 877473 877791
1 993912 997896
1 117073 117268
1 940614 940789
1 238357 238358
1 533327 533648
1 219472 219953
1 460068 461061
1 619134 619501
1 31570 31614
1 312640 313363
1 315360 315771
1 150130 150132
0 439587 441875
1 581939 581948
1 345531 354501
1 1010368 1010400
1 44955 45021
1 501061 501063
1 724795 724796
1 280000 280001
1 1018651 1018653
0 645138 645139
1 519202 519231
1 437514 437756
1 663813 663827
1 698823 698824
1 420614 420628
0 910322 921915
0 1003330 1013312
1 258999 259003
0 780771 805301
1 262829 266508
1 597255 597256
0 1051921 1051932
1 856079 856264
1 165101 170092
0 684684 684685
0 551984 551994
0 878263 878284
1 763734 763772
1 285863 285882
1 323275 323276
1 489249 489425
1 314880 315714
0 131816 131817
1 280674 280675
1 46137 46138
1 922226 922302
1 1043046 1043048
1 362399 362799
1 862968 862970
1 505129 507967
0 835730 835731
0 480631 480632
1 751371 751374
1 247830 249430
1 30210 30473
0 294633 295344
1 118686 119349
1 69048 69054
1 844382 844384
1 1079550 1079558
1 593279 594291
1 527085 527086
1 767210 767217
1 317029 317031
1 615717 615795
1 546723 546724
0 23894 23895
1 1011072 1012024
0 173877 173881
1 326653 326873
1 596231 596232
1 1068589 1068998
0 680926 694267
1 447979 448296
0 1041440 1051580
1 180026 180028
1 819744 819745
1 400495 400496
0 45481 53907
1 969094 969138
0 133606 133607
1 943958 943959
0 486506 498154
0 198038 198401
1 497463 497464
0 261137 261748
1 774610 774617
0 310209 310210
1 438067 438069
0 543264 543634
1 691484 691535
0 122135 122137
1 461933 461953
0 654116 654141
0 344481 344483
1 846824 846828
0 824046 824047
1 945212 945216
1 851693 854427
0 417510 417511
1 296691 296823
0 891832 891833
1 939731 940007
1 326489 326498
0 260698 265848
0 1037857 1038648
0 265165 265168
1 534708 535360
1 313372 313373
0 608011 608156
1 990793 990824
0 391094 391095
1 465856 465860
1 648733 648736
1 745642 745836
1 594861 594867
1 750976 750977
1 275524 275525
0 681400 681401
1 233940 233941
0 710104 710705
1 809600 809743
1 274235 274242
1 279489 279570
0 617065 617824
1 122849 122917
0 217646 217653
0 834566 834568
1 790352 790353
1 737777 738336
1 1005205 1005214
1 668771 670935
1 86177 86178
1 219261 219271
1 189051 189077
1 448437 448586
0 569550 569558
1 11785 11786
1 776579 776581
0 357332 357815
1 952677 953245
1 652085 652184
1 816816 816845
1 400013 413610
0 483075 483107
1 968653 968714
0 549291 549721
1 1004502 1004582
1 849346 849347
0 1062794 1062795
0 169806 169810
1 745089 747986
1 233231 233268
0 999753 1000024
0 736612 736614
0 264187 264188
0 704509 704512
0 351464 351465
1 728718 728891
0 804216 804223
0 396443 814088
1 707801 707806
1 956445 956447
1 97945 97995
1 951191 951201
1 608643 608647
1 589229 589232
1 332251 333202
0 1070512 1070513
0 958491 967597
1 708899 708900
1 866652 866653
1 231246 231247
1 592322 592326
0 481285 483540
0 906153 906154
0 547967 547987
1 179390 179391
0 241394 241396
1 608671 608675
1 291059 291060
1 825155 825161
1 916536 916537
1 367130 367142
1 421188 421221
1 189067 189146
1 1050594 1050595
0 150004 150006
1 666370 666371
1 496085 496086
1 492282 492300
1 103785 103786
0 899662 899664
1 29124 29125
1 80657 80674
0 3685 3686
1 409633 409673
1 43657 55648
0 606453 606457
1 551699 551700
1 320267 320271
1 746002 746017
1 81111 81361
1 435685 435686
1 1030536 1030537
1 922711 922776
1 794776 794777
0 115726 116130
1 320673 320850
1 44819 44823
1 232283 232284
0 862951 862952
1 799916 799930
1 167795 168203
1 83631 83632
0 785744 785872
1 916139 916156
1 432785 432786
1 586447 592619
1 803446 803487
1 483459 483460
0 446642 447021
0 717121 717750
1 84890 85111
0 714141 714242
1 393763 393765
1 1071889 1071890
1 565094 565507
0 118728 118733
0 148039 157214
1 1047474 1051155
1 945937 946255
1 77554 77562
0 838979 838981
0 679358 681638
1 915486 915866
1 354639 354640
1 49719 49720
0 635727 635728
1 1055543 1055544
1 490790 491107
1 504884 505190
0 47653 47657
0 1044909 1044910
1 1004510 1004719
1 196707 196731
1 511473 511474
1 532512 532698
0 137882 137883
1 811633 811738
1 797238 797239
0 53108 53156
1 646321 646441
1 696835 697085
1 216739 216742
1 413101 413209
1 232838 232839
1 797311 797312
1 908870 908886
1 704605 704690
1 148085 151804
0 964550 964551
1 726995 727293
1 404594 414938
1 696644 696645
1 714038 714046
1 435173 435182
1 33729 33731
0 435748 435749
1 41453 41455
0 1064441 1064850
0 21195 21197
1 748279 748280
1 762723 762729
1 81933 91393
1 173118 173119
1 817541 826822
1 332644 332645
1 666276 666277
0 743313 743314
1 784383 784384
1 136021 136029
1 775273 775407
1 165393 165394
1 247760 247921
1 513118 513119
1 1075513 1090143
0 908032 908441
1 404845 404853
0 1079412 1079413
1 442588 445226
0 398634 398635
1 466612 466613
1 1004108 1004109
1 1917 1918
1 161441 161442
1 187631 187632
1 407781 407785
0 909577 909606
1 391359 393904
0 891750 892135
1 692098 692099
1 833715 833767
1 29280 34201
1 372074 372535
1 821306 821489
1 222550 222600
1 735696 735697
0 135125 135126
0 1014694 1014695
1 573396 573426
1 144212 155541
0 898375 898377
1 667811 667828
1 432751 432752
1 455121 455123
1 690705 690824
1 653808 653810
1 14350 14382
1 818480 818481
0 822301 822477
1 958400 958402
1 686071 686072
1 969593 969686
1 809327 809337
1 110352 110356
1 1081505 1081507
1 1026093 1026095
1 400711 400716
0 606445 607393
1 752337 752340
0 73551 73552
0 935243 935382
1 945780 945827
1 568258 568259
1 802769 802770
1 335252 335253
1 602089 602090
1 368088 368089
0 1079962 1079966
1 848865 848889
1 535561 535562
1 1040124 1040125
1 425988 425990
0 590418 597309
0 351818 352062
1 498036 498037
1 280406 280410
1 1009393 1009396
0 186649 186650
1 1069853 1069854
1 739786 740863
0 571282 571284
0 912769 912771
0 741568 741570
0 923247 923345
1 263199 265860
1 455184 455185
0 776660 776662
1 964215 964344
1 443634 444084
0 900562 900564
1 189987 190933
1 495435 495436
1 1029822 1029823
1 939914 940098
0 1026334 1026341
0 718447 718470
1 733075 733089
1 968389 968395
0 821258 821260
1 309623 309624
0 248443 248939
1 340381 340393
1 403500 411209
1 821072 821368
1 173785 173794
1 252240 252811
1 473967 473969
1 492352 492360
1 200614 200742
1 622401 622404
0 689981 689982
0 77718 77719
1 126292 149393
1 327937 328407
1 40585 40587
1 839769 839775
0 699563 699564
0 277466 277467
1 117284 122872
1 498603 498614
1 833945 834321
1 292338 292340
1 737534 737536
1 82974 83829
1 1059902 1060258
1 382140 382143
1 900750 901974
1 496617 496696
1 195379 210575
1 26056 26057
0 860589 860593
1 850490 850492
0 166638 166659
1 994339 994340
1 660575 661336
1 65119 65120
1 250367 250369
1 240126 240127
1 353263 354551
1 951028 953004
1 1061941 1061942
1 593028 593231
1 565282 565286
1 135123 135124
0 931224 931225
0 1046552 1046936
1 984883 984885
1 679 680
1 688537 688539
0 846582 846601
1 554108 554109
1 622802 622805
1 457057 457066
1 827984 827985
1 1060589 1062201
1 786400 786451
0 1004510 1004719
1 548973 548975
1 569349 569350
0 770743 770747
1 710625 710626
0 325709 325898
1 454998 454999
1 213914 213940
0 17254 17258
1 847528 847530
0 203233 203562
1 632897 632899
1 300038 300185
0 134806 134807
1 589434 592207
1 877662 877681
1 87945 91690
1 945889 945894
1 385455 385457
1 840465 840469
0 474702 474821
0 768763 768765
1 99833 99835
1 197721 197723
1 438337 438966
1 554758 554759
1 6315 6317
0 117726 117746
1 333833 333834
1 670095 670096
0 652197 652198
1 560142 560158
0 771825 777014
1 17384 17385
1 260994 260995
1 96146 107952
1 1057750 1057754
0 154110 154112
0 1073884 1073889
1 1031262 1031281
1 10330 10902
0 1004508 1004514
1 671670 671712
0 912779 912897
1 654263 654264
0 864934 864941
1 279436 279530
1 1025913 1025916
1 1011209 1011210
1 1006524 1006525
1 474396 474397
1 655335 655337
0 10255 10268
0 145402 145403
0 995103 995106
1 16137 36594
1 1067730 1067892
0 419857 419956
1 740948 741196
0 418734 418736
1 238235 238236
0 527426 527704
1 934470 934596
1 93207 93794
0 357867 364825
1 856620 856621
1 776229 776234
1 536940 537699
1 299565 299568
1 18389 18396
1 786188 786189
0 699540 699546
1 581079 581080
1 312527 312804
0 250367 250369
1 290181 290182
1 633174 633176
0 188209 188221
1 26099 26106
0 99382 108265
1 548313 548320
0 784062 784063
1 177262 177264
0 838695 838700
1 241461 241480
0 613099 613102
1 763512 763513
1 166628 166629
1 70860 70861
0 984324 984341
1 244772 245842
1 1041325 1042125
1 546295 546403
0 972507 972508
1 1083196 1083833
1 867038 867039
1 175249 175744
0 474884 474886
0 513720 513721
1 195451 195452
1 823502 823503
0 411181 411183
1 437785 437786
0 21140 21153
1 597797 597798
1 672498 672499
1 602898 602908
1 258546 258854
0 3787 3789
1 443263 443268
1 175823 175844
1 376571 376572
1 258700 265043
1 443572 443573
1 993668 997798
0 889307 889789
0 498017 498025
0 208545 209072
1 380781 381633
1 787806 788413
1 869824 869825
0 585901 585904
1 135418 135420
0 579563 579565
1 139347 139348
1 353274 353318
1 37411 37412
1 614277 617044
1 320780 320995
1 823315 823327
0 987636 988527
0 360376 360925
1 301076 301077
0 926869 926871
1 923284 923285
1 452497 452520
1 399191 399193
0 700238 700393
1 519049 519050
1 193850 215155
1 865029 865100
0 456445 456453
1 1053868 1053873
0 708083 708084
0 277729 277730
1 264563 264565
1 322703 323084
1 933852 933858
1 731024 731025
1 249231 249235
1 454714 454728
0 1072412 1072939
1 18877 30819
1 114285 114286
1 528245 528262
1 425289 425293
1 486032 486033
0 214685 214688
1 172192 172193
0 534723 543458
0 752931 769703
1 945147 945776
1 579220 579222
0 377814 377878
1 326047 344931
0 714371 714421
0 122509 122611
1 231263 231605
1 768563 768566
1 554059 554077
1 538234 538324
1 128961 129499
0 209737 210301
1 436910 436911
1 443700 444292
0 435880 435901
1 581196 581400
1 593307 593315
1 881547 881548
0 1020905 1020909
1 162811 162922
0 84189 84199
1 452847 452848
0 1010172 1010177
1 689297 689300
0 545355 545582
1 986413 986422
0 1054465 1054466
0 805927 805928
0 916478 916581
1 805721 805722
0 419498 419504
1 703587 703589
1 946243 946244
1 1027701 1027768
1 350964 350982
1 165778 165872
0 291062 291120
1 245336 245338
1 887225 887253
1 521510 521512
0 684511 684572
0 45415 45471
1 21597 21598
1 656540 656545
1 137642 137655
1 775277 775282
1 613921 613944
1 485480 485488
1 691316 691751
1 162207 162209
1 233722 233726
1 987321 987958
0 526614 526615
1 378433 378436
0 357389 780824
1 541680 542027
1 494606 494608
1 345873 345907
1 87895 87920
0 852702 852705
1 792580 792581
0 969593 969686
1 698085 698755
1 736870 736871
1 906293 906294
1 655593 655594
0 240126 240127
1 262560 262584
0 1021563 1021564
1 251084 253094
1 207741 207743
0 516953 516954
0 38903 38904
1 404542 404553
0 230332 230787
0 993240 993241
1 43768 43865
0 577031 577032
1 891691 891697
0 725212 726332
1 284474 284475
1 428912 428914
0 253430 253650
1 847257 847258
1 86198 86806
0 1064309 1069299
0 66221 66244
0 75458 75460
1 718946 719000
1 78491 78492
1 966608 966609
0 545247 545249
1 160849 160857
1 1073097 1073100
1 518843 518844
0 701343 701577
0 747485 748300
1 719204 719752
1 267471 267472
1 596237 596241
1 208685 208687
1 276558 276560
1 621825 621840
1 201158 201203
0 469512 469513
0 794776 794777
0 645400 645509
1 998293 998294
1 181183 181368
1 813768 813769
1 39242 39279
1 668943 668948
1 1068079 1068084
1 604599 604601
0 1016355 1028961
1 751706 751708
1 75640 75642
1 471014 471015
1 40535 40968
1 278986 283545
0 992415 992416
1 631273 785416
0 547828 547848
1 654416 654417
1 826282 826285
1 1017473 1017474
0 1015627 1028694
1 1046329 1046330
1 525774 525775
1 1023245 1023246
1 397862 398565
1 820903 820912
1 936126 936648
0 891420 891423
1 414065 414066
1 718225 718338
0 595559 595561
1 687152 687155
1 693749 694995
1 680944 680948
0 425815 425816
0 769781 769799
1 645299 645300
1 257695 257781
1 525418 525419
0 159661 159722
1 680727 680728
1 6860 7510
1 420951 420953
1 762216 762218
0 645299 645300
0 639136 639137
1 829212 829229
1 504561 504727
1 1073280 1073281
0 1040216 1040226
0 208231 208234
1 187470 187485
0 213538 217017
1 755847 755849
1 270088 270094
0 597627 597628
1 523278 523584
1 488438 488645
1 566913 566946
1 431213 431218
1 990096 990099
1 878717 878718
1 1055660 1055661
1 687906 687908
1 272366 280583
0 861379 862508
1 693241 693244
1 707474 707521
0 861077 861078
1 255934 255948
0 789090 789091
1 1024842 1024847
1 1046762 1046763
1 1059219 1059220
1 638230 638231
0 436189 442410
0 517830 519828
1 175882 176045
1 396753 396758
0 680615 680632
1 250856 250857
1 984466 984534
1 646661 646662
1 127896 127900
1 358925 359684
1 588987 589015
1 643900 643910
0 952993 952994
1 419166 426633
1 114242 114617
1 100913 100914
1 128774 128799
1 327863 328350
1 902809 902901
1 731568 731570
0 640405 640456
1 847962 847963
1 717496 718391
1 746008 746009
0 663813 663827
1 787226 787228
1 935240 935255
1 702121 702123
1 721117 721221
0 819593 819616
1 820933 824761
1 580810 580842
1 791515 791516
1 537476 537562
1 752309 752661
1 323570 323613
1 615807 616922
1 79040 79041
1 600439 600445
1 505855 505856
1 999608 999609
1 1071537 1071538
1 277312 277343
1 719837 719839
1 1004728 1012437
1 945590 946089
0 691316 691751
1 59970 76004
1 736245 736248
1 36690 36691
1 87911 87915
1 842465 842468
1 104651 105582
1 189173 189175
1 760773 760774
1 448382 448489
1 508209 508380
0 451504 451506
1 609546 610213
1 605988 605989
1 313000 313108
1 301260 301262
1 933009 933010
1 584335 584353
1 715669 715672
1 811411 811412
1 32150 32151
0 1068079 1068084
0 1045599 1047129
1 624880 624881
1 117728 117925
0 245558 245559
0 689019 689020
0 819541 826487
0 1033608 1033610
1 241506 241507
1 883205 887606
1 107207 109359
1 967019 967021
1 998905 998906
1 430582 430583
1 35529 35530
1 108291 108631
1 259012 259301
1 687078 687148
1 560378 560609
1 113082 113083
1 316320 316321
1 217829 217830
0 285429 285431
1 915439 915834
1 322601 323975
0 953016 953028
1 832252 832253
1 136732 136733
1 172306 172308
1 86017 86018
0 850259 850268
1 452776 452808
1 84737 84738
1 377817 377956
1 187538 210693
1 503524 503529
0 116705 117258
0 237602 237603
1 743655 743667
1 368907 369407
0 270361 270559
0 762723 762729
1 697490 697588
1 631739 631740
1 1006495 1006612
0 322409 322424
1 438753 438843
1 374780 375990
1 410342 410343
0 443208 443213
1 1073104 1073105
1 425305 427203
0 849438 849459
1 843348 843425
0 821032 821033
1 420793 420794
1 835898 835899
1 615760 615762
0 454957 454968
1 886576 886602
0 949009 949037
1 573031 573033
1 263688 263700
1 553919 553923
0 223020 223022
1 829944 830032
0 431755 431756
1 517274 517275
1 877793 878608
1 518375 518376
0 198983 198984
1 901183 904026
1 420684 420689
1 164931 164937
0 454714 454728
0 237283 254470
1 219497 219515
1 569231 569232
0 979059 979060
1 843438 845366
1 463950 463952
1 47557 47559
1 616352 616357
1 1020099 1024440
0 115530 115660
1 886457 886473
0 507208 513098
1 194206 194395
1 298813 298846
1 79816 79853
1 526112 526117
1 954957 954995
1 676307 676353
0 1058840 1058841
0 82832 82839
1 178794 178795
1 877445 877448
1 93556 93557
0 3727 3736
0 824060 824061
1 828461 828518
1 84379 84385
0 242105 242115
1 190029 190039
1 1015796 1015904
0 604852 604854
1 1071489 1071517
1 639349 639417
1 825941 825942
1 96867 96868
1 521972 526562
0 646037 646042
1 539830 539943
0 620299 620306
1 1044543 1044544
1 149080 151411
1 953581 953582
1 549981 549985
0 530652 544912
1 573375 573401
1 833276 833277
1 660959 677588
1 674863 674882
1 1080362 1080378
0 621413 621429
0 438753 438843
0 139485 139522
1 681578 681580
1 468269 468440
1 836380 836381
1 846885 846887
0 858283 858284
1 747552 747553
1 412275 412276
1 597849 597850
1 137197 137341
0 916536 916537
1 312450 312464
1 987815 990161
1 648801 648841
0 470136 470187
0 964619 964676
1 242675 242684
1 431828 431829
1 837295 837353
1 888239 888646
0 1049352 1049353
1 620007 620008
1 68901 68902
1 722240 722241
1 557239 557273
1 278723 278742
0 1031366 1031371
1 691594 693093
1 102763 110179
0 74755 75011
0 179718 185892
1 742391 742499
1 452343 452344
1 359868 359876
0 855481 867630
0 622362 623405
1 40773 40784
1 65788 65789
1 461096 461144
1 546816 546818
1 393076 393097
0 548753 554478
1 933330 933454
1 99893 99902
1 1038228 1050129
1 636555 636593
1 489669 491248
1 258769 258806
1 902693 902715
1 766153 766155
1 83026 83037
1 260133 265977
1 571581 571586
1 825060 825062
1 624297 624298
1 990789 990817
1 127624 128346
0 522477 522831
1 217311 217312
0 883800 884298
0 570100 570101
0 809067 809758
1 493263 493286
1 664974 665140
0 419404 419413
0 778391 778400
1 101300 101309
1 723343 723486
0 880538 881167
1 576253 576254
1 754804 754806
1 322876 322878
1 45031 45065
1 580645 580646
0 954606 954607
1 593417 593428
0 983690 983708
1 705457 705485
1 813841 813852
1 65941 65943
0 230033 230099
0 778326 778328
1 112754 112784
0 417840 417898
1 209923 209991
1 683263 683264
1 785404 785429
1 1006865 1007118
1 285659 285666
1 1053682 1053723
1 820092 820100
1 518095 518434
1 646527 646529
1 283179 283180
0 396267 396268
0 733635 733636
1 839086 839090
1 748054 748056
1 411174 411175
0 627859 628458
1 793770 793772
1 149426 152098
1 201210 201211
1 1079891 1079893
1 931272 931291
1 162841 162850
0 128974 128976
0 114242 114617
0 777823 777824
1 244605 244632
0 726826 726827
1 462368 462372
0 404031 404033
1 506640 507117
1 669794 669796
1 117827 118125
1 879676 879678
1 1045917 1045918
1 872740 877430
0 24112 34056
1 293516 308411
0 627084 627088
1 402891 402897
1 193663 212266
1 625317 625359
1 522215 522216
1 569130 569134
1 244560 244561
0 797894 797895
1 768426 769377
1 153434 157114
0 836676 836680
1 484092 484102
1 682721 682835
1 1019962 1029277
1 261414 262796
1 13994 13995
1 1048218 1048233
1 272557 272565
1 536254 543651
0 1060433 1060435
1 27615 27616
1 834977 834979
1 476828 476829
1 877633 877638
1 167331 167333
1 909727 909728
1 355702 355703
0 1053593 1053594
1 25244 25246
1 51844 51845
1 28241 28312
1 116057 116070
0 49388 50339
1 939236 939438
1 702238 707784
1 23564 34818
0 1074319 1074341
1 306822 306829
0 465150 465151
1 765981 765996
1 908182 908183
1 116405 116406
0 849275 849306
1 403214 403215
1 290218 290221
0 903412 903748
1 674835 674836
0 28889 28890
1 865316 865318
1 350928 351216
1 1019766 1019767
1 538262 543480
1 196947 196960
1 834118 834121
1 319777 319793
1 508149 508150
1 317303 317304
1 90105 90107
1 90424 90426
1 252241 252604
1 658732 658889
0 628123 628255
1 202188 202190
1 513032 513033
1 408666 408667
1 276259 277250
1 369057 369059
0 530476 530478
1 735953 748400
1 455770 455776
0 225191 225399
0 1059002 1059004
1 244717 244747
0 114378 114454
0 829944 830032
1 190784 217007
1 197554 197587
1 640070 640102
1 924016 924028
1 939859 939860
1 1031599 1031600
1 425129 425131
1 336161 336377
1 294078 294080
1 191245 201591
0 678717 678719
1 151397 153018
0 432405 432424
1 575785 575786
1 177029 177049
0 489767 489795
1 854366 854665
0 725976 725988
1 366869 367249
1 843505 843507
1 85921 85923
1 469695 907974
1 208048 208050
0 1000564 1000571
1 901657 901658
1 180632 180785
0 87134 87141
1 419396 419543
1 335528 336125
0 470466 470467
1 420250 433759
1 908292 920861
1 1072128 1088336
1 325444 340530
1 870332 870343
1 345284 345390
1 258780 258783
0 772332 777130
1 501537 501627
1 620672 620674
0 486150 486158
0 160454 160495
1 47722 47723
1 143987 143989
1 35976 35977
1 1046499 1050518
0 213790 213792
1 567265 568038
1 313 1059823
1 907421 907422
1 128802 128993
1 623994 624052
1 725590 725591
1 792866 792867
0 382720 382723
1 927299 927305
1 809275 816062
1 454326 454327
1 838857 838859
1 205610 205612
1 898219 899993
1 552446 552504
0 104788 104789
1 147320 147322
1 128261 128265
1 416321 416346
0 619011 619018
0 1031533 1031534
1 332527 332547
0 990793 990824
0 682322 947409
1 364203 364205
1 681281 682973
1 340301 340754
1 537953 537955
0 831384 831420
1 200813 200814
0 679254 679374
1 232953 232968
1 411468 411482
1 322756 323328
0 344434 344436
1 591374 597560
1 151759 151760
1 839033 839035
1 28596 28680
0 396396 396397
0 930418 937266
0 536275 536528
1 583927 583928
1 711466 711786
1 1020878 1020883
1 738760 738763
1 628641 628643
1 833985 833986
1 765675 765692
1 1065102 1085062
1 397793 397794
1 1044251 1044252
1 1071641 1089672
0 860028 860118
1 525667 525669
0 1083191 1085096
1 438460 438470
1 785450 802393
1 220936 220981
1 391697 391706
1 600571 600572
1 987755 987756
1 720495 720499
1 1047722 1047728
1 957710 957717
1 34850 34851
0 423400 423404
1 467857 467867
1 388282 388524
0 525331 525333
1 80830 80832
1 94817 94818
1 387597 387622
0 941055 941497
1 428721 428723
1 30406 30407
1 469274 475186
1 993985 994042
0 689947 690322
1 165299 165301
1 913502 913507
1 345017 345018
1 172802 172820
0 807376 807559
1 403739 413906
1 919520 920257
1 89824 92350
1 683546 683547
0 285659 285666
1 296821 296831
1 786014 786028
1 106488 106491
0 741735 743233
1 294117 311407
0 874221 874223
1 322578 322606
1 590954 590966
1 942652 942654
1 542928 543140
0 1069418 1069422
1 446818 446819
0 533944 533983
0 576751 576752
1 410180 410189
1 329210 329212
0 48424 48425
1 515765 515766
0 987333 987335
1 277254 277255
1 981572 981573
0 320780 320995
1 390186 390190
1 338653 338655
1 672527 672528
1 595646 595651
1 369368 369371
0 584043 584044
1 606458 606464
1 437037 437046
1 842432 842445
1 427690 427693
1 180522 180688
1 224159 225410
0 898471 899289
1 633946 634415
0 993055 993070
0 1061874 1061876
1 791538 791539
1 885689 893570
1 368610 369940
1 963658 963661
0 847528 847530
0 645236 645243
1 222443 222458
1 546781 547006
1 475463 475571
1 460185 460928
1 375556 375557
0 109555 109632
0 38572 38574
1 794876 794877
0 699250 699277
0 713443 719947
1 402388 402394
1 878627 878787
1 820933 821083
1 235237 235238
1 1040720 1051466
1 576487 576489
0 705500 705968
1 235661 235662
1 472171 473775
1 22507 22519
1 1064382 1064385
1 445596 445598
0 923099 923270
1 553038 553058
1 711933 712031
1 612195 615661
1 347535 347567
1 420555 420586
0 192893 192962
1 978451 978929
1 930275 935602
1 523666 523668
0 1055529 1055530
0 1006590 1012585
1 374405 374466
1 942249 942367
1 543913 543915
1 927797 927798
1 536795 539479
1 498008 498032
1 653620 653641
1 272463 272464
0 1037722 1037723
1 172447 172448
1 927476 929456
1 233131 233146
0 134365 135122
1 440305 440430
1 780819 781530
1 393932 393933
1 338512 338768
1 1039352 1052076
0 995250 995257
1 212849 212861
1 636797 636798
1 397275 397280
1 73224 73225
0 572240 572914
1 468166 468186
1 893090 893092
1 733653 733844
1 793170 793171
1 776983 777409
1 65424 65436
1 838215 838220
0 552920 552921
0 1028171 1028172
0 188636 188638
1 178889 178891
1 793938 802869
0 862141 862185
1 363424 363426
0 384569 384594
1 622847 622855
0 220936 220981
1 777339 777342
0 409944 409946
1 648515 648517
1 533733 533835
1 799653 799655
1 775345 775347
1 849166 849177
1 909001 909168
1 985576 985577
0 745642 745836
1 551306 551311
1 519762 525862
1 474271 474298
1 768020 768021
1 595300 595351
1 101990 101991
1 415271 415275
0 388846 388877
1 24533 25135
1 425652 425653
1 93399 93400
1 337355 337379
0 561366 561580
1 732477 732494
0 408324 408344
1 640900 640908
1 985270 985271
1 559332 559333
0 803912 803915
1 457379 457380
0 827413 827414
0 653132 653173
0 885391 885598
1 685060 685061
1 117853 117856
1 731943 731952
1 1082160 1082161
1 1007175 1011521
0 252003 252024
1 1071514 1071559
1 52585 57063
0 795850 796009
0 861183 865768
1 743575 743590
0 1025253 1025254
0 367271 367274
1 81188 81189
1 323549 323555
1 1082460 1082470
1 1047611 1047733
1 261756 263010
1 1073715 1073716
0 178889 178891
1 671095 671223
0 1062871 1062877
1 714394 714812
0 15501 15515
0 677817 677822
1 944361 944363
1 73251 74022
1 456446 456878
0 260863 260873
1 7022 7037
1 83102 83103
1 857322 857323
1 843614 843823
0 206038 211983
0 387561 387562
1 374142 374304
1 532876 533799
1 800123 800124
1 237696 237708
1 269164 269169
0 227435 227437
1 608660 609967
0 42778 42808
1 27257 27258
0 143900 150739
1 64694 64700
0 695012 695014
1 893187 893253
1 222219 222225
0 472668 472670
1 604895 604896
0 847399 847402
0 148741 148742
1 1020498 1020502
1 239480 239495
1 1077014 1077015
0 821040 821046
1 1082746 1082797
0 388236 388582
0 954183 954184
0 465856 465860
1 363490 363491
1 563643 563653
1 1075255 1075262
1 904257 904512
1 1067833 1067834
1 880313 881158
1 915143 915200
0 312640 313363
0 513735 526832
1 123259 123260
1 585541 586832
1 294945 294946
0 517196 517198
1 525731 525733
1 1048043 1048051
0 379159 379160
1 332581 333366
1 970553 977453
1 141992 141995
1 16047 16048
0 66375 66376
1 93253 93401
0 222701 222988
0 509124 509125
1 197358 197359
1 663414 663415
0 88177 88447
1 162539 162545
1 742974 742977
1 236042 236108
0 268786 269383
1 137207 137209
1 182777 182916
0 915345 915383
0 380781 381633
1 950182 950185
1 341282 341285
1 646634 646637
1 701254 701374
0 217311 217312
1 136651 136652
1 368009 368188
1 312301 321657
1 813136 813377
0 570607 570625
1 419581 419582
1 978767 978786
0 425040 425044
0 827150 854435
1 954246 954247
1 670369 670370
0 860376 860607
1 339842 339870
1 608632 608644
1 74226 74227
0 642757 643101
1 229773 229920
1 1024960 1024963
1 297142 297146
1 326787 326789
1 215253 215255
1 946816 946948
0 853190 853191
1 708 709
1 385777 385784
1 534386 534390
1 469086 469087
0 861192 861196
0 844534 844537
1 838229 838230
1 987726 987728
1 841401 841402
0 145440 145446
0 189358 189376
1 565576 565577
1 445196 445197
0 1073423 1073424
0 65119 65120
1 623704 623729
1 42328 42374
1 290370 290374
1 1043243 1051818
1 360034 360035
1 769355 769372
1 38298 38299
1 386861 386874
1 1066558 1066559
1 451715 451716
0 587886 587888
0 331551 331554
1 1064902 1064905
1 342385 342386
1 763729 763733
1 504376 506962
1 1035522 1043674
1 638327 638341
1 183524 183525
0 385495 386777
1 564579 564580
0 291067 291129
1 514504 514505
0 732477 732494
1 565861 565862
0 354639 354640
0 410736 410814
1 641805 641825
1 962418 962421
1 174952 177631
0 655076 655487
1 769108 769186
1 612875 613131
1 572747 572748
1 351910 351988
1 968601 976278
1 569280 569292
1 142361 142369
1 508881 508889
1 287076 308270
1 137591 137592
1 248966 254016
1 224349 224380
0 345605 345607
0 117284 122872
1 883573 883578
1 148836 148838
0 522498 522835
1 741225 748812
1 592796 592798
1 946344 946458
0 1048499 1048538
1 999853 999854
0 934637 934638
1 998924 998926
1 992418 992419
0 763388 763389
1 593027 593029
0 30333 30334
1 295369 299275
1 357435 357437
1 818081 818086
1 965084 965085
1 383084 485596
1 706782 706794
1 941036 948658
1 23841 23852
1 405245 405246
1 861923 861948
1 47914 54379
1 1065540 1089063
1 1057692 1058473
1 533102 533622
0 363490 363491
1 706917 706918
0 447202 447203
1 872930 872933
0 687899 687918
0 259794 260395
0 731943 731952
1 278508 278509
1 569458 569460
0 646527 646529
1 457504 457505
1 986984 986985
0 20145 20146
0 883678 883679
0 761529 761618
0 65788 65789
0 1002159 1002160
1 878873 889211
1 1032691 1032762
1 1017137 1021830
1 782658 782662
1 880694 880695
0 451374 451376
0 65941 65943
1 173385 173424
0 785404 785429
1 279286 281584
0 93942 93943
0 574174 579183
0 6315 6317
1 100391 100393
1 846525 846526
0 902618 902619
1 886621 886634
0 626001 626006
1 538508 538510
1 1027709 1027710
0 991377 992025
1 379132 380019
1 41057 41135
1 737339 737340
1 797517 797546
0 382140 382143
0 181685 181783
0 620892 620893
1 180579 180748
1 451499 451929
0 797162 797164
0 859543 859596
1 939721 940271
0 1044739 1044740
0 1027589 1028722
1 120192 120193
0 971499 971621
1 259872 260562
1 226375 227053
0 124293 124294
1 304547 304550
1 442492 442515
1 988353 997545
1 567267 567268
1 735107 735108
1 48548 48549
1 690292 690293
1 628978 629071
1 360121 360122
1 452780 452783
1 643490 643491
1 990295 990296
1 273724 273838
1 330251 330253
1 243668 243670
1 404731 404766
1 560304 560383
1 1080880 1080883
1 953773 956300
1 482206 482305
1 532611 542287
1 577371 577478
0 452497 452520
0 68439 68440
1 576847 576848
1 618316 626159
1 515229 515230
0 477061 477062
0 499676 499890
0 263099 263506
1 330405 330445
0 264569 264737
1 808268 808850
1 1001279 1001305
1 55613 57099
0 1004830 1004982
1 842299 842345
0 978451 978929
1 1053457 1053458
0 392682 393136
0 939309 939310
1 399959 399960
1 893161 893251
1 30250 30268
0 622436 622491
1 961995 967370
1 355900 355901
1 853197 853257
1 599546 599554
0 1031972 1032028
1 64438 64439
1 769238 769239
1 148681 148961
0 562989 562990
0 345873 345907
0 12402 12403
1 541205 541208
1 329303 329307
1 907659 909896
0 122127 122523
0 294117 311407
1 938683 938685
1 687316 692814
1 454249 455063
1 38456 38459
1 947538 947741
0 17063 17070
1 908130 908143
1 893759 894237
1 631645 631649
0 496344 499057
1 722114 722378
1 983586 983588
0 130954 130966
0 1064382 1064385
1 323633 323634
0 227861 227867
0 15748 19316
1 513241 513782
0 153434 157114
0 519202 519231
1 13966 13967
0 569508 569563
1 521814 521815
0 461374 465696
1 533814 535211
1 743530 743563
1 189096 189098
1 674218 674402
0 329080 329081
0 985103 986158
1 248440 248441
1 645487 645493
1 511005 511009
0 537136 537137
0 67719 67731
0 1031874 1031875
0 865029 865100
0 252240 252811
0 710578 710951
0 553919 553923
1 15763 16622
0 795872 795873
0 80086 80087
0 294383 294746
0 701970 707719
0 1088978 1088980
1 982325 986871
1 367522 367523
1 22703 22706
1 131626 131627
0 1067730 1067892
1 273467 273630
1 180593 182464
0 902809 902901
0 5451 5452
1 856725 856744
1 421611 421614
1 265120 265124
1 281403 281404
0 820680 820681
1 710993 711269
0 492282 492300
0 668943 668948
1 519237 519249
1 574563 574566
1 884987 884988
1 416877 416878
1 197807 206182
1 1068027 1068114
1 1019004 1019006
1 1050555 1050556
1 357715 357716
1 855863 866029
1 140060 140062
1 841155 854500
0 115588 115589
1 841886 841897
1 29998 30003
0 255466 255467
0 581283 584025
1 860652 860675
0 44536 44751
0 38010 38340
1 7143 7148
1 351481 351720
0 568343 568433
0 246676 246681
0 1081838 1081839
1 375174 375191
1 821436 821713
1 274519 274520
1 15817 15818
1 1010677 1010858
0 112787 112788
0 946702 946709
1 979980 979981
1 272544 272545
1 306126 306128
0 900502 900637
1 456637 456691
0 631646 631647
0 157440 157441
1 247698 247822
1 350269 354352
1 97247 97267
1 586005 586006
1 757363 757641
1 518740 518755
1 373178 373181
0 207517 207525
0 119467 120258
1 48367 48391
1 200650 200653
1 387298 387299
0 452343 452344
1 316570 317212
1 463644 463646
0 646661 646662
0 259766 259950
1 1002973 1009959
1 250866 250873
1 278615 279108
1 527920 528052
1 879027 879031
0 226090 226355
1 682847 682849
0 572596 572597
1 380434 380643
1 773994 773995
1 344652 344655
1 295995 295997
1 278915 278937
1 941230 950516
1 122649 122656
1 574413 574417
1 80923 80936
0 15270 15271
1 1031439 1031440
1 942311 942313
0 985902 985904
1 403572 403700
1 980757 980765
1 145387 145393
1 657366 673775
0 41659 41686
0 758981 758985
1 439353 439364
1 969531 969631
1 98960 98969
1 327248 327249
1 73179 73933
1 636755 636756
1 499859 499871
1 886781 886782
0 437785 437786
1 852124 852188
1 244899 244907
0 348629 349494
1 638156 638158
1 112829 112830
1 569704 569705
0 93488 93493
1 16387 16388
1 28934 29078
0 151528 151529
0 275986 275987
1 0 6353
1 87029 87152
1 886 944
1 62040 62041
0 620342 620343
0 327753 327754
1 545380 545383
0 1005309 1005315
1 618622 618693
0 207605 207606
1 279847 279876
0 731475 731949
0 261414 262796
1 301750 301754
1 712772 713386
1 432531 432590
1 554301 554302
1 169212 169213
1 303817 303818
0 455410 455416
0 279847 279876
1 436933 437752
0 294685 294687
1 702148 702150
1 16143 21104
1 1015440 1015441
1 216362 216441
0 1560 1562
0 273874 273875
1 1657 10351
1 230113 230114
1 788620 788622
0 649779 649780
1 73837 73839
1 411108 411111
1 529057 529062
0 330935 330945
1 194453 215975
0 935969 935970
1 559022 559024
1 714656 714657
1 1068432 1068433
1 600022 604745
1 782000 782295
0 357382 357797
0 876252 876422
1 436085 436087
0 1082868 1082870
0 672498 672499
1 857172 857337
0 206638 214577
1 1058247 1058261
1 547353 547355
1 594155 594156
1 983386 983387
0 226401 226402
1 943910 943911
0 256309 256311
1 774257 774669
1 370324 370325
1 519342 519399
1 811353 812065
1 870399 870401
1 144449 144451
1 466911 467220
1 158238 158249
0 373178 373181
1 1050865 1050866
1 465147 466228
1 647986 647987
1 561466 561545
0 244605 244632
1 1048047 1048048
1 793842 793843
0 864956 864963
0 145618 156094
1 127340 127346
1 589746 629232
0 351910 351988
0 740399 740444
1 202093 207152
1 275260 275261
1 358416 359425
0 630970 630990
1 778058 778067
0 115835 116515
1 577329 577331
0 664688 664715
1 871520 871567
0 940587 948626
0 821928 822123
1 127544 127545
1 494217 494632
1 742970 744342
0 837812 837929
0 813136 813377
0 101174 101184
0 147320 147322
0 272070 278451
1 919817 920322
1 162595 162597
1 493150 493480
0 373208 373450
1 742681 742687
0 332251 333202
1 1070233 1070456
1 992870 992871
1 261481 261774
1 261025 261027
1 133339 133728
1 597770 597785
1 104286 108516
0 916139 916156
1 468724 479906
0 777608 777610
0 158136 158139
0 913502 913507
1 119440 119462
1 397515 397521
1 929763 930064
1 957216 957218
1 330053 330970
0 575785 575786
1 812052 815461
0 288664 288820
0 203533 203535
0 66452 73152
1 352543 352544
1 800922 801002
0 501061 501063
1 905785 905786
1 612860 612861
1 286295 286299
1 420716 420720
1 159454 159455
0 622013 622042
0 959930 960851
0 303856 303857
1 836398 845910
0 158829 158830
1 898236 903727
1 1061585 1062047
0 291158 291159
0 687773 687782
0 576487 576489
1 99648 99649
1 178527 178694
1 668257 668258
0 416739 417084
1 80891 81335
1 938941 950880
1 1018360 1019713
0 135823 135830
1 987765 987766
1 557413 557535
1 796202 802564
1 716720 716854
0 187538 210693
1 645451 647330
1 708716 709275
1 676066 676107
1 886159 887366
1 625194 625201
0 850319 854876
1 541582 541583
1 909033 910533
1 119753 119754
1 220108 231049
1 1043240 1043241
0 444065 444186
1 387052 387053
0 506144 506446
0 846965 847202
1 233320 235124
0 295369 299275
1 886701 888322
0 356310 356313
1 404892 404997
1 444208 444209
1 114788 122755
1 300806 300808
1 926104 926108
1 843937 843980
1 875828 876212
1 427259 427263
0 717739 717898
0 261548 261901
1 853858 853872
0 516364 517007
1 275963 281505
1 911286 911290
1 310054 311445
0 920219 920220
1 312989 313232
0 963658 963661
1 427970 429072
0 1032843 1032853
1 523448 523470
0 1010368 1010400
0 910817 910823
1 1075973 1075976
0 263683 263695
0 450736 450737
1 54830 54831
0 506640 507117
0 221895 221952
1 95380 95637
0 803446 803487
1 936002 936023
1 853216 853218
1 704595 704596
1 232808 232814
1 21678 35848
1 397257 397542
1 890165 890167
1 597127 597157
1 493508 493510
0 533814 535211
1 580868 587392
0 750782 778143
1 25949 25950
1 671648 677916
0 786297 786298
0 1078408 1078417
0 697810 697816
0 412035 412039
0 231228 231231
1 696550 696551
1 471660 471662
1 117969 524060
0 776579 776581
1 442624 442626
1 987875 988429
0 551171 551172
1 1019054 1019929
1 236732 236734
1 377676 377975
0 94436 94437
0 414189 414190
1 886935 896448
1 261097 261354
0 481815 481818
1 1067591 1067616
1 1022888 1022889
0 345017 345018
1 392574 392577
0 1015277 1015278
0 67491 67516
1 296952 300337
1 53017 53018
0 557239 557273
1 999134 999146
0 633301 633302
1 810788 810832
0 748237 748253
1 148303 150815
0 64840 64843
1 840227 840228
0 388282 388524
1 735599 735604
1 644966 644967
1 661945 661946
1 790778 791674
1 113803 113810
1 409012 409013
1 669075 669076
0 5638 5639
1 761455 761579
0 508469 511918
1 477465 477466
1 49319 49341
1 961098 961481
0 751818 751823
1 162770 162772
0 949732 949734
0 732698 732699
1 68340 73967
1 25139 25141
0 339127 339132
0 841187 841211
1 525204 525381
1 885921 885922
0 41450 41451
1 149863 149865
0 139463 139468
0 512577 512755
1 505591 505592
1 1042527 1042529
0 885689 893570
1 871366 875802
0 881576 882496
0 797939 797963
1 846248 853545
1 638996 639097
0 257299 257303
0 1041718 1041719
1 890176 892967
1 288766 310358
1 214442 214445
1 573777 573778
0 63402 77148
0 603215 603216
0 420275 420284
1 409995 410063
1 467556 467557
1 285439 285440
1 302657 302658
0 326317 326324
0 159547 159549
1 375014 375049
0 741852 741856
1 686577 686706
1 45952 45953
1 881615 891673
1 236122 237296
0 613918 613965
1 756605 756608
1 570415 570535
0 260334 260341
0 606458 606464
1 793029 793037
0 83102 83103
0 61282 61283
0 146621 151666
1 28675 28676
1 113737 113741
1 911013 911582
1 193776 193820
0 818384 818387
0 466911 467220
1 348726 350906
1 95240 109031
0 96325 96328
1 47318 48694
1 488958 490688
0 673794 673949
1 1083754 1083755
0 612127 612128
1 608282 608576
0 242373 243985
1 104014 104017
0 11393 11394
1 403800 403801
1 200003 200020
1 205782 205786
1 1031798 1032209
1 552911 552915
0 551861 551913
1 426556 426557
1 576919 576920
0 399901 399906
0 875965 876148
1 809915 809916
0 538817 543649
1 767045 767047
1 565925 565932
1 571274 571275
1 672035 672037
1 603490 603537
1 861452 861458
1 602448 605118
1 1009262 1009350
1 467278 467352
1 267415 267649
1 1043346 1043347
1 445886 445893
1 465761 478768
1 631647 650852
0 102763 110179
1 266571 266573
0 514863 514864
1 882193 882202
1 481253 481262
0 810178 810179
1 624901 624902
0 719837 719839
1 999177 999187
1 1000840 1000852
1 427370 427373
1 886421 887566
0 530778 532037
1 401758 410183
1 279695 279705
0 74512 74554
0 1065357 1065366
0 85053 85054
1 326980 326981
0 65020 65021
1 947274 947277
1 684747 695824
1 210958 210966
1 707090 707631
0 589057 589058
1 989111 989583
1 990307 990333
1 945978 946259
1 508202 508386
0 533733 533835
1 20646 20647
1 917107 917327
1 357525 357527
0 425988 425990
0 987321 987958
1 572606 572607
1 190142 190143
1 771810 771812
1 632083 632090
1 517709 527413
0 312605 321557
0 569280 569292
1 44684 44686
1 256609 256880
1 857448 857449
1 101693 101708
0 810600 810615
1 841971 841988
1 98801 98805
0 809275 816062
1 850777 850779
1 128111 128131
1 248602 248986
1 1004463 1004464
1 614194 614195
1 818447 818457
0 939965 940105
0 256992 256993
1 1041346 1041353
0 874534 874839
1 233506 233511
0 277254 277255
0 286288 305744
1 561700 561702
1 830476 830740
1 150821 152464
0 708472 709066
1 517641 517676
1 710785 711161
1 199524 199609
1 756680 756684
1 552628 552646
1 719977 720311
0 787806 788413
1 84631 84646
1 8397 8399
1 235901 235904
1 98413 98444
1 961919 961921
0 596237 596241
1 716849 718253
1 21535 21540
1 884864 885588
1 525970 525976
1 808916 808917
0 763512 763513
1 115464 115465
1 647226 650898
1 781157 782026
0 1048019 1048028
1 1007198 1007199
1 566616 566628
0 195451 195452
1 631934 631935
1 228950 231097
1 294183 294184
1 647605 647606
1 82459 83580
1 10188 10191
1 442671 442681
0 788427 788431
1 868579 874497
1 218117 235538
1 377495 378748
0 886544 887586
1 1077223 1077224
1 378783 378784
1 753116 753130
0 792580 792581
1 673571 673572
0 554059 554077
1 763964 763965
1 922161 922165
1 33902 33903
1 19755 19785
1 496039 496601
1 893545 893546
1 304682 304683
1 187009 215082
0 148029 148032
0 342408 342699
1 26648 27425
1 240450 240451
1 946769 948413
1 244020 251787
0 29998 30003
1 735335 736229
1 1024079 1024147
0 780416 780418
1 272675 272998
0 833431 833440
1 1033216 1033258
1 149898 149901
0 919709 919710
1 946769 946770
0 600903 600909
1 82538 82539
1 208330 209643
0 563904 563997
1 656981 656982
1 798806 801120
1 641789 648469
0 393309 393310
1 277303 277305
1 1024513 1024514
0 600264 600284
1 436149 436162
1 133607 133621
0 250159 250229
0 726407 726439
0 649149 649150
1 431765 431770
1 251803 251806
0 226405 226406
0 318115 318116
1 417443 417444
1 681344 681695
0 829628 829633
1 100965 100967
1 195379 210576
1 636410 636411
1 507540 507544
0 1083754 1083755
1 186841 186842
1 93749 93750
0 1002652 1002653
1 507184 507277
1 957328 957330
1 558608 558794
1 317268 317760
0 747685 748367
0 641920 642561
1 579365 579597
1 541781 541782
0 348726 350906
1 490182 497636
1 844405 844406
0 1017796 1017800
1 907647 907649
1 803582 805089
1 369201 369225
0 73503 73629
1 351829 352063
1 461216 461223
1 475463 479974
1 1036720 1036848
0 538262 543480
1 624982 625059
1 479397 479402
1 14092 16225
1 609444 609610
0 1067833 1067834
1 725312 725313
0 194143 194146
0 103785 103786
0 1035131 1035134
1 258357 266711
1 983090 983092
0 769355 769372
0 1003913 1003914
1 96165 109228
1 832643 832644
1 62175 62176
1 939903 939905
1 330844 339109
0 295329 298751
1 891096 897475
1 491286 492638
1 351045 351046
1 807328 816494
0 449871 457746
0 532607 532620
0 251111 251112
1 859052 859053
0 632897 632899
0 249813 249980
1 886622 886630
1 558484 558485
1 205215 205219
0 504514 504691
1 1084939 1087615
1 560848 561027
1 70055 70056
1 353133 353134
0 608320 608321
1 303956 304164
1 757621 757622
1 282373 282374
0 933640 933670
0 43477 43478
1 572055 572056
0 59649 59650
1 342715 343914
1 1036755 1036756
0 61643 61649
1 371028 371421
1 21700 21701
1 385190 386634
1 269825 270359
1 181213 181218
1 702506 702908
0 998905 998906
1 96994 96996
1 182556 182559
1 810207 810209
0 748513 748514
1 263563 263771
1 456234 456236
0 800526 800531
1 631413 631416
1 608867 608907
0 608394 608395
1 80117 80386
1 678061 678062
1 319663 320192
1 307904 310523
1 247355 247360
1 506586 506729
0 461042 461063
0 1002204 1002205
0 13994 13995
1 304852 304857
0 662936 662938
1 389012 389023
1 122117 122545
1 183578 183579
0 215310 215312
0 319593 320078
1 370181 965895
1 953132 953663
1 415646 415647
1 1046075 1046076
1 301430 301433
1 919513 919514
1 443770 443773
1 671930 671994
1 760340 760349
1 903859 903871
1 82687 82688
0 515731 515732
1 301089 301092
1 378468 378866
0 927299 927305
1 44130 44131
1 1039433 1039998
0 1079830 1079832
1 200762 200763
1 1060562 1060563
0 200003 200020
1 814003 814238
1 789337 789338
0 538059 538534
0 175609 175610
1 833753 833756
1 140085 140895
1 653130 654131
0 973283 974280
1 919623 919624
1 339236 339333
1 1047489 1047490
1 516395 516415
1 65798 65799
1 771720 771721
0 219472 219953
1 127469 127481
0 746130 746148
1 853857 853869
0 811260 811293
1 754903 754913
0 624211 624213
0 397257 397542
1 1089824 1089825
1 175576 183897
1 569318 569319
0 317580 318033
0 667738 667739
0 1041325 1042125
0 11785 11786
1 638369 638374
1 832731 832744
1 933718 933719
1 29634 29651
0 1053283 1053284
1 1089789 1089791
1 1067283 1069866
1 325438 325440
1 613908 614068
0 1077999 1078005
1 833502 833542
0 250177 250178
1 317273 317789
0 492444 492446
0 811783 812155
1 962273 962524
0 187635 214916
0 589746 629232
1 780004 780006
1 400527 401563
1 460434 460443
0 300771 300772
1 900476 900615
1 68175 68176
1 759553 759973
1 157450 243473
1 733617 747020
1 632943 649366
0 294945 294946
1 1065176 1065564
1 226675 226678
0 244714 246171
1 337620 337952
1 200640 200662
0 661525 661591
1 749029 749962
1 296418 296421
1 855492 855624
0 149068 156671
1 650717 652015
0 245336 245338
1 878547 878548
0 191945 191957
1 978989 979102
1 934869 934870
1 206304 206333
1 582834 582835
0 573396 573426
0 678785 678800
1 451587 451592
1 410392 410483
1 807790 807822
1 797244 797315
1 389340 389341
1 388995 389185
1 734963 750142
1 506876 978568
0 74226 74227
1 1084106 1086207
0 398812 398814
1 432268 433184
1 390896 390903
1 79669 91425
0 194206 194395
1 861883 861884
0 882193 882202
1 537870 538406
0 923469 923470
0 561489 561569
0 954319 954336
1 373499 373500
0 122025 122315
1 848811 848816
1 751762 751763
1 312486 321570
1 966217 966218
1 500456 500458
1 550491 550700
1 666746 666747
0 574341 574343
1 757141 757145
1 878455 878464
0 81672 84020
1 819651 819652
0 816816 816845
1 520091 520092
1 232595 232602
1 518883 518884
1 222407 222445
1 719899 719900
1 345456 350552
0 1075636 1075754
1 551053 551054
0 586836 586841
0 375116 375873
0 256350 256470
1 11970 11971
1 240138 240139
1 121703 121705
0 265024 265025
1 262129 262221
1 158179 158180
0 449692 449698
1 118262 118268
0 428912 428914
1 205551 205553
1 278561 282254
1 546836 556206
1 674905 678228
1 439094 439095
1 740747 741621
1 768021 768080
1 256243 256521
1 399870 400055
1 1070813 1070860
1 304078 304079
1 1074139 1074140
1 72092 72097
1 97976 97995
1 190442 190445
1 287155 287156
1 314933 315118
1 834930 834931
0 269838 269839
1 38950 38951
1 522650 523299
1 246592 247224
1 719794 719800
1 529091 529115
1 613938 613940
1 1070628 1070792
1 280645 280648
1 1049841 1049842
1 280628 282705
1 1032075 1032076
1 675097 675098
0 114757 115089
0 82459 83580
1 924451 924452
0 240116 240140
0 474412 474590
1 241196 241197
1 878956 878957
1 835183 847932
1 120585 124461
1 217530 217531
1 380428 380578
1 337489 337490
0 804071 805183
1 500579 500580
0 679116 695637
1 265109 265110
1 1071086 1084824
0 16538 36526
1 112804 113905
0 570374 570375
1 395863 396290
0 711933 712031
1 200650 200697
0 130630 130633
0 802769 802770
1 794899 794901
1 17812 17813
1 477230 477263
1 68730 68731
0 397869 398368
1 375518 382366
0 69355 69363
1 187286 206323
1 536209 536489
1 417227 417300
1 713586 714275
1 946892 950062
1 329820 329835
1 476713 477039
0 966826 966827
1 812712 813383
1 61388 61389
0 928266 928391
1 531430 532094
0 232283 232284
1 247064 247065
1 387740 387755
0 1031599 1031600
1 372102 372600
0 41252 41261
1 341853 341855
1 7758 7838
1 734485 734501
1 594983 604923
1 245420 245440
1 953091 953656
1 1058174 1058207
1 1028175 1028176
1 537377 537736
1 945682 949148
1 724422 724423
0 744043 744048
1 59381 59382
1 474097 476868
1 37937 37983
1 560264 560265
1 951206 951570
1 534805 534806
1 909617 909618
0 24822 24823
1 209835 209838
1 459266 460073
0 372246 372831
1 816900 816901
1 188358 188360
1 84882 84997
1 529412 529529
1 239186 239189
1 811109 811116
1 689466 692902
1 431347 431352
1 941220 941434
0 178061 178065
0 898249 899993
0 400495 400496
1 1035529 1035531
1 180079 180080
0 773893 773903
1 1054961 1054963
1 662852 662853
1 318343 318350
1 852370 852489
0 714656 714657
1 946692 946736
1 217389 217392
1 818528 822285
1 264150 264344
0 124879 124880
1 922912 926328
0 519049 519050
0 471660 471662
1 147019 147024
1 909478 909479
0 1031893 1031912
0 490201 490210
1 752879 752903
1 781132 782098
1 451829 451830
0 187631 187632
1 1022196 1022438
1 852488 852490
0 454998 454999
1 145340 146187
0 839033 839035
1 742669 742671
1 1033249 1050867
0 572857 573044
1 168705 168882
0 268366 269357
0 797601 797604
1 1020236 1020237
0 653766 653767
1 982326 982327
1 862903 865650
1 798267 798268
0 951695 951718
0 298724 298822
1 640311 640313
1 68103 68123
1 81011 81330
1 631581 631771
1 641841 641846
1 68815 74778
1 658216 658271
0 911142 911143
1 873357 873359
1 99061 99068
0 437706 437719
1 840173 840175
1 955831 955832
1 417791 433248
1 585754 586913
0 840282 840314
1 692038 692040
1 1038292 1052823
1 683858 683895
1 148657 156261
1 848608 848610
1 782617 782630
1 339902 340744
0 619481 619676
1 614040 614041
1 115824 115826
1 31760 31761
1 174221 174406
1 635089 635090
1 584824 584825
1 1038351 1038353
0 554758 554759
1 611577 612711
0 860457 865807
1 1055932 1055962
0 747552 747553
0 27205 27213
0 856922 857041
0 879572 879584
1 1016108 1027959
0 770050 771785
1 61636 61637
0 799310 799311
1 17312 20824
0 513944 513946
1 959934 959982
1 550035 550952
1 924204 924205
1 786954 787904
1 474513 475550
1 588834 589023
1 670494 670495
1 805297 805311
1 660244 660246
1 195159 195160
1 126873 126877
1 203493 203496
0 655752 655753
0 402345 402355
0 1034738 1034739
1 140917 140930
0 159289 159294
1 129757 129758
0 984466 984534
1 953454 953715
1 353798 354660
1 158862 158863
1 347210 347557
0 1082460 1082470
1 452267 452271
1 1063294 1087928
1 895475 895489
0 814548 814549
1 798330 798331
1 530451 530468
1 1060081 1060099
1 561909 561911
1 862196 862219
0 1055543 1055544
1 732223 732441
1 420722 420726
0 297753 297754
1 86467 86468
0 84520 84533
1 830525 830531
1 118492 118493
1 280615 280975
1 565628 579054
1 1029509 1029511
0 383773 383779
0 739572 739762
1 641094 641105
1 873140 873142
1 759934 760211
0 290302 290361
0 367897 367899
0 386084 386086
1 818828 818833
1 727411 727412
1 712995 713023
0 847257 847258
1 696428 696433
1 192655 194844
1 1066921 1066923
0 492475 492476
1 41439 41440
1 972481 972868
0 967155 967262
1 829788 829790
1 631701 631801
1 524362 524363
1 83242 83457
0 100548 100550
1 908459 908460
1 1033660 1033661
0 469674 469687
1 952280 952286
0 594861 594867
1 821107 821109
1 297552 297560
1 372138 372143
1 963221 963222
1 172272 172357
1 1043104 1043106
0 98786 108825
1 641726 641736
1 983756 983757
1 753048 753056
1 1078401 1078407
1 529050 529052
0 342481 342520
0 645363 645364
0 474884 475028
0 768285 768287
1 342416 343775
1 972247 972273
0 1007198 1007199
1 115825 116194
1 1005938 1009557
1 590237 590238
1 291872 308462
1 312129 312130
0 828750 828752
1 183147 183297
0 227378 227547
1 799615 800200
1 759707 759717
0 670616 670619
1 244690 244711
1 406626 406628
0 979281 979293
1 80216 80217
0 824082 824088
0 635089 635090
1 992060 992077
0 649205 649229
0 487120 487129
0 322213 322334
0 923232 923346
0 410076 410087
1 1027696 1027698
0 603670 603671
1 1075549 1075551
1 794276 794375
1 1040014 1051831
0 461216 461223
0 280652 282693
1 915889 915907
0 591584 591588
1 1002527 1011330
1 1034449 1034450
0 493150 493480
0 845984 846000
1 176467 176646
1 588743 588785
1 445330 445780
0 326834 327191
1 743399 743828
1 499687 499695
1 363722 363723
1 624194 624196
0 914442 914914
1 688927 688929
1 69523 69524
1 52340 52341
0 69523 69524
1 313518 313519
1 500069 500072
1 516947 527060
1 234092 234094
1 672888 672999
1 885974 888060
1 706367 706368
1 599622 599639
1 165533 165534
1 115847 115853
1 357368 357373
1 754980 755306
0 953581 953582
1 652305 652308
1 532142 532250
1 194285 194288
1 1065299 1089025
0 775787 775792
1 408010 408011
1 457003 457004
1 373880 374179
1 946058 946059
0 681012 681014
1 182719 184069
1 1063515 1063516
1 210419 210420
0 241514 241516
1 537849 537850
1 97303 97304
1 305061 305063
1 639292 639294
1 935212 935214
0 809840 809842
0 1021892 1023394
1 65899 65900
1 383024 383249
0 180298 180300
1 489183 489199
1 747436 747437
0 785370 785371
0 175377 175402
0 193117 193118
1 74463 74465
1 47887 47888
1 291369 291415
0 77631 77973
0 735539 735540
1 899315 899485
1 847465 847484
0 96994 96996
1 959921 959923
1 151465 151740
1 337268 337282
1 432387 432388
1 439939 439958
1 1032027 1032033
1 323790 325236
0 608069 608183
1 113931 113948
1 312140 312349
1 320528 320536
1 986243 986249
1 983726 983727
1 787531 787532
1 409411 409412
0 49899 49904
1 689584 689585
0 151379 151380
1 347541 347662
0 1029026 1029027
1 287290 287292
1 543915 543916
1 1001467 1002489
1 199912 199923
1 751264 774226
1 720884 720908
1 912664 912824
1 631852 631854
1 204770 204783
1 589055 589108
0 894115 894119
0 147443 156244
0 904257 904512
1 447261 447658
1 595044 595045
1 508866 509021
1 814257 814268
1 190825 193071
1 816026 816029
1 181598 181617
0 242675 242684
1 760549 760556
1 256622 257975
0 1041346 1041353
0 250856 250857
1 807490 807493
0 380894 380895
1 316415 317016
1 961362 961364
1 915956 915960
0 563337 563341
1 306610 306618
1 837430 837431
1 927785 927809
1 987716 988528
1 702350 702354
0 783743 803171
1 1029125 1052408
1 805030 811667
0 864999 865006
0 704595 704596
1 581214 588096
1 960401 960402
1 331271 332703
1 463146 463779
0 42733 42736
1 1002551 1003076
1 580764 581312
1 340228 340278
1 148414 152753
1 470711 470715
1 132926 132927
1 298761 298781
1 1083754 1083774
1 1065100 1065101
1 366895 366907
1 159994 159997
0 698823 698824
1 994958 995112
1 351623 351624
1 359304 359306
1 66981 66985
1 456339 456340
1 418243 418244
1 687386 692804
0 969136 978218
1 99815 99817
0 319663 320192
1 728985 729252
1 1010884 1010886
0 895783 895785
0 865316 865318
1 808168 809263
1 393865 404583
1 921149 921151
0 523666 523668
0 275260 275261
1 111869 111939
0 551053 551054
1 682926 683103
1 879474 879511
0 1065192 1065210
0 295363 295374
0 885921 885923
1 706410 706411
0 92560 92562
0 59156 59178
0 539099 539619
1 453989 454002
1 518771 518826
1 418802 418803
1 303472 303476
1 966907 966908
0 1020099 1024440
1 8897 8898
1 667587 667592
0 529093 529094
0 946769 946770
1 196305 196308
0 833750 833751
1 527815 527855
0 287450 287452
1 859317 859380
1 898685 904182
1 656921 656922
1 452462 452465
1 805775 806300
1 203766 203767
1 356821 357011
1 488703 488704
1 912093 912096
1 239054 239056
1 521707 521708
1 493243 493247
1 96517 110083
0 780671 780673
1 280942 282716
0 14092 16225
1 347449 347456
0 468166 468186
1 276144 284044
1 982876 992290
0 641737 641817
1 1022086 1022410
1 79693 91041
0 737259 738074
1 277973 277974
1 337051 337061
1 81843 81844
1 1017428 1017430
1 135224 135358
0 1037874 1050682
1 643615 643616
1 577144 577747
1 723552 723553
0 207003 207006
0 608643 608647
1 467421 467422
1 733710 733711
0 667071 667072
1 422087 422088
1 622436 622437
1 970968 974589
0 639496 640498
1 1023771 1023772
1 566714 566735
1 552946 552947
0 582415 582420
1 530433 530441
0 883081 883115
1 102540 105185
1 526402 526403
1 619300 619306
1 760179 767409
1 57917 58588
1 589098 602086
1 790303 790305
1 470914 470931
1 778873 778874
1 702727 702741
1 517736 521779
1 146320 146321
0 1048218 1048233
0 247760 247921
1 220393 220443
1 277178 277180
1 138987 138989
1 213740 214318
0 510484 512873
1 1077199 1077201
0 766823 766824
1 473628 473630
0 223229 229744
0 580868 587392
1 599006 599092
0 921931 921935
1 968519 977303
1 494755 495357
1 168215 168235
1 997283 997284
0 295468 308508
1 506791 506956
1 8103 10541
1 567040 567041
0 958738 958743
1 771365 771367
1 224626 224827
1 1069713 1069714
1 775319 775320
1 820850 820851
0 409633 409673
1 451648 451649
1 489472 489478
1 241962 254110
1 82532 82538
1 434383 434385
0 999028 999029
1 454157 454158
1 782347 782377
1 582477 582478
1 276426 283539
0 4111 4460
1 837058 854779
0 175981 176087
0 143552 143680
1 717846 717848
0 457379 457380
1 764901 764911
1 812512 812514
0 612836 615715
1 917495 917498
0 902581 903116
1 442545 447013
1 385385 385433
1 357177 365312
1 424197 424233
0 614277 617044
0 163096 163099
1 125387 125395
1 692774 692775
1 452158 457848
0 939731 940007
1 588320 588326
1 13482 13910
1 315663 315664
1 736253 736254
0 1063230 1063231
1 260806 260807
1 353401 354057
1 201290 201300
1 1021698 1021699
1 794403 801258
1 42949 42985
1 217749 218389
0 877484 877495
1 222639 222652
1 985208 985214
1 243638 243640
0 580645 580646
1 256568 256573
1 575877 575878
1 848236 848237
0 747895 749935
1 84081 84096
1 118405 118406
1 644610 647753
0 396753 396758
1 301336 301349
0 375409 375413
1 764524 764532
1 105488 105498
1 434783 434784
0 540244 540252
1 245703 246007
1 361336 361340
1 771300 771304
1 390339 390340
1 332176 332178
1 72784 72785
1 563436 563440
1 19735 19792
0 1016957 1017204
0 425289 425293
1 205044 205051
1 473271 473272
0 652620 652621
1 402920 402922
1 410853 410854
0 114861 115068
1 1032485 1032486
1 133453 133465
1 315568 315589
1 346680 346875
0 460068 461061
1 715209 715531
0 768826 768845
1 935415 935416
1 261118 262044
1 579646 579660
1 226334 226340
1 575456 578969
1 668155 668156
0 337154 337162
1 546885 548409
0 581903 581905
1 292390 292391
1 357085 357086
1 853440 853466
1 508129 508289
0 609546 610213
1 890819 891173
1 756086 760054
1 302263 302451
1 746447 747698
1 40969 41032
0 1069513 1069516
0 43076 43201
0 489183 489199
1 721937 721938
1 978698 978699
1 850548 850549
1 674540 674541
1 1073838 1087452
0 279376 279468
0 989380 989381
1 679677 679678
1 105204 105214
1 158949 158953
1 55602 55603
0 638156 638158
1 889747 889972
1 862058 867203
1 600550 600754
0 707087 707236
1 41257 41263
1 287613 292300
1 568096 568097
1 36995 37015
1 15925 19634
0 208685 208687
1 579330 675374
1 228811 228813
1 511422 511429
1 243660 243662
1 792537 801153
1 297446 297452
1 974380 976734
1 557267 557272
1 191232 191233
1 880376 886611
1 22232 22233
1 418647 418650
1 1034127 1034128
1 418376 418381
0 327693 327694
1 529151 529592
1 936673 938363
1 889718 889719
0 315044 315053
0 259609 260486
0 855001 855002
1 961925 962098
1 652015 652016
1 630630 630635
1 654686 654908
0 673414 673474
1 569493 569494
1 282083 282084
1 1049996 1049997
1 403850 403853
1 100133 100134
0 868839 874425
1 232508 232511
1 392676 392678
1 190048 190050
1 291756 291936
1 224283 224602
1 27230 27231
0 232649 232650
1 598516 600937
1 352444 352701
1 1081532 1088302
1 119399 119419
1 272466 272468
1 946596 946598
0 22489 34324
1 87643 87644
0 792881 792887
0 1034006 1051685
1 580541 580554
1 507028 507109
1 879189 880466
0 209981 209985
1 649198 649200
1 1000355 1000357
1 181760 181761
0 990070 990071
1 1005296 1005679
0 1025337 1025338
1 366498 376774
0 329229 329594
0 895475 895489
1 958519 959457
0 118405 118406
1 416418 420076
1 1062716 1064063
1 817125 817128
0 724422 724423
1 397350 397391
1 530974 531248
0 755847 755849
1 615139 615446
1 561807 561818
1 831000 831436
1 330261 330760
1 126657 126681
0 431201 431292
1 822118 822120
1 584596 585481
1 787352 787353
1 856966 856967
0 251962 252942
1 56606 56610
0 164176 170267
1 706491 706492
0 1004463 1004464
1 745928 746074
1 324674 343470
1 590827 590829
1 657595 657596
0 538234 538324
0 515068 515069
0 881790 881796
1 194122 208781
1 78574 92395
0 725590 725591
1 1023267 1023271
1 618478 618482
1 906332 906857
1 445758 445867
1 766224 766225
1 760275 760279
1 163928 163934
1 65381 66735
1 1067521 1070992
0 697490 697588
1 1013323 1013324
1 667673 667675
1 469434 469622
0 346518 346520
0 838489 838493
0 144212 155541
1 453185 453190
1 131404 131405
1 1038216 1038217
1 898554 898555
0 289118 289136
1 338102 338103
1 768541 768559
1 772202 772205
0 1071489 1071517
1 779215 779216
1 174769 174773
1 177960 177961
1 208952 208954
1 1079382 1079383
1 536020 536022
1 886566 886589
1 667123 667124
0 959883 960824
1 723113 723114
1 947531 947662
1 907899 921408
0 425557 425569
1 709683 713101
1 429041 429046
1 330311 330312
0 943907 944069
1 452213 452215
1 725389 725402
1 726095 726122
0 275816 275818
1 67286 67290
1 644983 644990
1 219834 219835
1 98768 99448
1 113462 113768
1 405814 405821
1 398129 398194
1 316674 316679
1 825192 825193
1 1034398 1034659
1 46271 46276
1 1050142 1050143
0 190784 217007
0 890363 890367
1 1005784 1005785
0 447979 448296
1 744686 744911
1 346200 346202
0 186409 204853
0 708568 708939
0 370814 449214
1 610745 610746
0 933330 933454
0 371785 371786
1 578195 578239
0 869824 869825
0 15994 36089
1 736900 736918
1 191615 193746
1 577560 580150
1 925104 925116
1 422130 422132
0 622777 622794
1 907957 907958
1 190978 191026
0 357459 357461
0 144822 145043
1 982122 986888
1 618375 618377
0 955357 955659
0 603378 603580
1 1072666 1072669
1 562163 562165
1 687594 687596
1 742708 742709
1 496252 496271
1 99337 99339
1 1079667 1083279
0 563436 563440
1 81011 81012
1 1018652 1020030
1 254857 254859
1 284597 285043
0 215023 215025
1 731946 731947
1 223940 223949
1 45417 45465
0 836694 836698
1 591469 591604
1 122862 122920
0 691594 693093
1 38118 38681
0 264051 264052
1 73602 73658
1 148546 148573
1 610734 610981
1 238859 238870
1 649026 649027
1 351898 351899
0 270391 270392
1 885067 885074
1 366537 366776
0 856620 856621
1 983598 983622
1 146052 146195
1 295716 298868
0 553038 553058
1 59506 59507
0 879066 879067
0 403082 403088
1 480922 481294
1 81384 81386
1 957472 963160
1 570592 570593
1 641100 641130
1 102024 102026
1 535022 535023
1 572347 572348
0 513691 513692
1 843248 843271
1 268084 283131
1 689196 689197
1 31762 31793
0 718760 718782
1 285943 285944
0 452886 452890
1 1073146 1073150
1 757568 757569
1 800353 800354
1 976938 977385
1 809812 811594
1 969816 970073
0 1054078 1054195
0 33024 33025
0 591531 603751
0 911013 911582
1 420256 420260
1 533816 533893
1 879579 879584
1 923666 923670
1 246895 247195
1 576837 576875
0 1018651 1018653
1 326838 327309
0 456090 458041
1 785082 785083
0 996208 996209
1 165714 166374
1 396510 396515
0 898219 899993
1 835470 835504
1 724387 724389
1 1026154 1026155
0 316637 317123
1 570585 570594
1 974963 974972
1 353834 353838
0 515331 515350
1 1079933 1079947
0 142361 142369
1 177809 177823
0 661626 661627
1 437082 437085
1 805602 805610
1 731403 731404
1 55191 55192
0 269155 269340
1 929105 929344
1 84719 84721
1 536147 536622
1 105263 105276
1 391986 395775
1 1047760 1047924
0 591374 597560
1 390357 390359
1 3301 3478
1 165799 165800
1 1057043 1057044
0 676237 676256
1 323271 340312
1 869267 869622
1 386487 386488
1 725341 729066
1 105029 105030
1 62501 62502
1 339815 339816
1 578033 578034
1 238514 238517
1 390021 390027
0 633081 638945
1 563 10401
0 125619 125875
1 127207 136927
1 263054 263277
1 1002621 1011913
0 408171 414702
1 1016465 1028619
0 306126 306128
1 1047198 1047199
1 709379 709398
0 933821 933824
0 532254 532318
0 378644 378646
1 667288 667289
1 257283 257433
1 187122 187937
0 807490 807493
0 508817 508825
1 993445 997576
1 179060 179311
1 58561 67946
0 988661 988662
0 101299 101308
0 820903 820912
1 865359 865684
1 736424 736455
0 254202 254203
1 908809 911271
1 622701 622720
1 64232 64240
1 491676 491679
1 589018 589019
0 192857 214428
1 620458 620459
1 42823 56342
1 956022 956023
1 335886 335902
1 891357 891358
1 763091 763104
1 870273 872074
0 515765 515766
1 770330 770337
1 655653 655654
1 794749 794750
1 8500 8572
1 748977 748978
0 577064 580117
1 262166 262167
0 358416 359425
0 263563 263771
1 24764 24765
0 778292 778294
1 188423 210916
1 780261 780262
1 388992 389256
0 621617 621889
1 769237 769238
0 102024 102026
1 1046925 1046946
1 284597 284726
1 132307 132309
1 751690 751708
0 363722 363723
0 369231 369270
1 196111 764876
1 269907 283237
1 603442 603443
1 776263 776266
0 855513 866144
1 405741 405759
1 261004 265856
1 812215 812415
1 488339 488340
1 71677 76870
1 959421 959425
1 497356 497386
1 158141 158142
1 195018 195019
1 133248 133251
1 902284 902288
0 191288 215999
1 574698 574699
1 273826 273906
1 883592 883601
1 568411 568412
0 374012 374016
1 427487 427526
1 452633 457979
0 597797 597798
1 727977 727979
1 723274 723905
1 632667 632671
1 110904 124911
0 239480 239495
1 7913 7916
0 931583 936661
0 796122 796123
1 820322 820323
1 264085 264086
1 675984 675986
1 392308 392311
0 369029 382182
0 267764 274895
0 756544 756577
0 993912 997896
0 288928 310151
0 324553 325661
1 827750 827757
1 441843 441845
1 1073726 1073732
1 859250 859251
1 456928 457193
1 495321 499005
1 101946 104087
0 49153 49154
1 881722 881785
1 276045 276046
0 160107 160112
0 337789 337857
1 84733 84734
1 829505 829518
1 119640 120363
0 376264 376513
1 263639 263640
0 600571 600572
0 377817 377956
1 654133 654135
1 7440 7527
1 227312 227348
1 1015279 1015302
0 737585 737586
0 11994 18624
1 4033 4034
0 373267 373445
0 753384 753388
1 234658 234659
1 428454 429441
1 85416 85419
1 843550 843552
1 315207 316171
1 380293 380298
1 126989 126991
1 730198 730205
0 481017 481019
1 739311 739751
1 685302 685578
1 594975 594977
0 900786 900787
1 21114 21136
0 164755 164855
1 573802 573803
0 794749 794750
1 1078903 1078904
0 1015796 1015904
1 378641 378661
0 969531 969631
1 160440 160441
0 491286 492638
1 1031364 1031382
1 24892 24897
1 46621 46628
0 373117 373118
0 606958 606960
1 982427 982428
0 225164 225167
1 1012333 1014167
1 182460 182579
1 686417 686459
1 399968 400115
1 881037 881428
1 273807 273888
0 633984 634169
1 915302 917399
1 500269 500271
1 664674 664681
1 802479 802482
1 304343 304344
1 1085046 1090497
1 325798 325801
1 527949 527950
0 304343 304344
1 1056902 1056923
0 983386 983405
0 17624 17650
1 689419 696022
0 83067 83844
1 124473 124474
1 628966 628968
1 661989 671909
1 442645 442646
1 150868 151685
0 161441 161442
1 304648 304652
1 911464 911465
1 1056954 1056955
0 437908 437910
0 1077641 1077642
1 1036614 1036649
1 726669 726670
0 199830 199832
0 687554 687556
1 3891 3913
1 603769 603772
0 115847 115853
1 750929 760887
1 451906 451907
1 766850 766853
0 287155 287156
1 451904 451905
0 575683 575684
1 207021 207634
1 615307 615531
0 378482 381846
1 258820 258821
0 891332 895876
1 787287 787299
1 895484 895495
1 839376 839434
0 710785 711161
1 959569 962240
1 933654 933658
1 464819 464865
1 1043335 1043416
1 394500 394695
0 154099 154101
0 1018360 1019713
1 351388 352017
1 557544 557545
1 755775 755881
0 423157 423551
0 631581 631771
1 632839 634841
0 825060 825062
1 661122 661124
1 169183 171909
1 463606 463608
1 534394 534396
0 682735 682737
0 632667 632671
1 847551 848277
1 391034 396084
0 16498 16506
0 818556 818612
1 913721 913731
0 686074 686075
0 853858 853872
0 707474 707521
1 811118 811167
1 403830 403838
1 682312 682313
1 373149 373150
1 15651 15652
1 26989 26995
1 25382 25405
1 648302 648307
1 1017958 1017963
0 1036418 1036595
1 142125 142231
1 677158 677159
1 358544 358545
0 157845 161694
1 592488 592495
1 596664 596668
1 439684 439691
1 23659 23829
1 93832 93834
1 315580 316204
0 219063 219064
1 150099 151865
0 97632 97675
1 848538 848539
1 972508 972657
1 807864 808505
0 661122 661124
1 1078509 1078512
1 662523 662532
0 566093 568751
1 840419 840420
1 351716 351719
1 383464 383786
1 264008 264022
1 671737 671738
1 767389 779373
0 504754 504755
1 146333 146787
1 744924 748689
1 953082 953083
1 685573 692457
0 435173 435182
1 165818 169990
1 538071 538072
1 920849 921627
0 584279 584281
0 580764 581312
1 301212 301213
1 521033 521034
1 787673 787676
1 870860 870861
1 287881 287882
1 63109 63209
1 1048585 1048586
1 179164 179166
1 26567 26568
1 880421 882154
0 79357 79389
1 220240 220394
1 765872 765873
0 659966 659970
1 56117 56118
0 1080634 1086887
1 606308 607477
0 367384 372183
1 25410 25411
0 58213 58214
0 112754 112784
1 641899 641903
0 12641 12642
1 657770 657772
0 619134 619501
1 726813 726864
1 369841 369842
1 1001406 1002891
1 913012 913028
0 752134 752159
1 809311 810135
0 909478 909479
0 595300 595351
1 712850 712968
0 63847 63849
1 469072 469073
1 795626 795635
0 300187 415089
1 110713 110714
1 157210 157211
0 121785 123126
1 379546 379547
1 970021 970041
0 568258 568259
1 640062 640063
1 107251 107267
1 790798 790802
1 935268 935270
1 177881 177890
1 641215 646138
1 758555 758556
1 689935 689944
1 364203 364206
1 512478 512485
1 114918 115163
1 703055 703057
1 1054980 1056696
1 906205 906213
1 1007155 1007156
1 23080 23082
1 243245 243262
0 374780 375990
1 480816 480953
1 389282 389283
1 807122 807126
1 499687 499898
1 168226 168396
0 444677 444679
1 773401 773430
1 202535 202539
1 183141 183883
1 296636 297272
1 110526 110876
1 1001899 1012176
1 1069487 1069491
0 54352 54354
1 816012 816013
1 79457 79756
1 553946 553947
0 490088 490119
1 35627 35633
1 787087 787096
1 57259 57261
0 794493 794494
0 422887 422914
1 330696 330698
1 43980 43981
1 844369 844370
1 25048 25049
1 13873 13876
0 168290 168639
1 811597 816123
1 941292 941297
1 448873 448879
1 558442 558444
1 526382 527175
1 756626 756629
1 564333 564370
0 959032 959033
1 47564 47623
1 1078765 1078779
1 409308 409314
1 534765 534777
1 939906 940189
1 293518 294035
1 71466 71476
1 483307 483498
1 457359 457457
1 7236 7243
1 943177 943203
1 228353 228509
1 991863 999007
1 719553 719559
1 315640 316232
1 956272 956273
1 1062969 1064020
1 637678 637679
0 534386 534390
1 358008 358009
1 662841 675828
1 601189 601208
1 371695 371696
1 444880 445095
0 615776 615858
1 312133 312309
1 358034 359731
1 432096 432097
1 520264 520265
0 602898 602908
0 7667 8726
1 974497 974498
1 1041756 1041757
1 505853 506465
1 141923 141981
1 619129 619145
1 137687 155174
1 383570 383573
1 542578 542710
1 803428 805285
0 173917 174123
0 622436 622437
1 683359 683362
1 832642 832650
1 672154 672155
1 179826 179827
1 464955 465634
1 728995 728996
1 613132 613244
1 492367 492368
1 962094 964379
1 1009602 1009606
0 916409 916419
1 774395 774406
1 829125 829137
1 193015 213264
1 230118 230119
1 631037 631038
1 1015454 1015455
0 686507 694806
0 43699 43802
0 679340 679341
1 409674 409675
1 271223 271228
1 390254 390264
1 94024 94632
1 302778 302779
1 421513 429903
1 278209 278218
1 958197 958198
1 4625 4629
0 352204 353402
1 774915 779073
1 475086 475289
0 523282 523376
1 64262 64286
1 61020 61021
1 9084 10408
0 301089 301092
1 760609 760610
1 620856 620870
1 469539 469540
0 121951 121952
1 1058913 1058914
1 138307 138314
0 1036728 1036738
1 62149 62414
1 835294 835297
1 579060 579575
0 710625 710626
1 383444 383471
1 197111 197116
0 928090 928092
1 554085 554466
1 506689 506690
0 648733 648736
1 14844 14845
0 1001948 1001950
0 569493 569494
0 908130 908143
1 458080 458082
1 802218 802220
0 315216 315249
1 249122 249123
1 635965 641965
0 674863 674882
1 506603 510569
0 384148 384150
1 716852 721369
1 104559 104560
1 1002220 1002457
1 635746 635747
1 330108 333272
0 89222 89227
0 668279 668316
1 391749 391751
1 101782 101784
0 469086 469087
0 84737 84738
0 628978 629071
1 687785 687786
0 274969 274972
0 419569 419572
1 257746 257750
1 302097 302099
1 998547 1001051
0 672855 672885
0 81713 81730
1 100867 100868
1 412642 412649
1 678984 679159
1 515388 515391
0 61646 61655
0 243245 243262
0 224121 224897
1 393011 393012
0 733953 734019
1 932580 932774
1 173743 173745
1 273183 282182
1 931234 937330
0 613908 614068
1 192279 192281
0 406845 406849
1 762454 762456
1 486296 488708
0 51644 51645
1 874336 874337
0 622314 623255
0 915439 915834
1 684525 684550
1 1068504 1068551
1 874371 874428
1 613141 613149
0 299407 299408
1 672196 672200
1 838555 838557
0 649969 649970
1 45089 55919
1 262915 267291
0 294183 294184
1 313569 313571
1 246533 246539
0 93399 93400
1 159570 159626
0 718614 718617
1 111801 121395
1 991661 992995
1 766531 766538
0 86299 86308
1 550114 550140
1 939315 950440
0 1045917 1045918
1 926792 926794
1 510910 510911
1 755297 755334
1 17372 17373
1 14130 15899
1 121874 122255
1 1055248 1055349
1 879864 897026
1 892994 893391
1 377484 378062
0 570079 570085
1 642630 642634
0 836419 836429
0 157999 158001
0 814197 814331
1 1050224 1050553
1 514281 514282
1 571830 571831
0 506425 506426
0 330311 330312
1 971113 971399
1 455156 455157
1 832602 832603
0 259872 260562
1 337610 338474
1 237883 237951
1 858336 858338
0 741262 747548
0 432501 432534
1 240547 240548
1 552396 552397
0 939316 939317
0 577344 577345
1 411746 411897
1 426983 426994
1 83703 83709
1 795430 795431
1 121193 121208
1 547391 548094
1 50543 50547
0 306807 306812
0 665133 665779
0 305796 307944
0 169183 171909
1 68810 69354
0 23687 23688
1 743247 744617
1 14894 14902
1 23784 23811
0 806729 806732
1 491060 491077
1 935061 935062
1 1059045 1059057
1 221956 221957
1 258657 258658
1 941081 941143
1 454319 454320
1 418302 418304
1 582573 602693
1 438783 439198
1 916139 920989
1 552902 552903
1 805766 806529
0 80317 80318
1 814003 814242
0 92614 92616
1 806958 807338
1 536032 536678
1 425361 425408
1 140456 140477
1 413298 413301
1 662453 662454
1 187765 187780
0 138542 138543
0 53489 53490
1 62996 76086
1 719174 719182
1 488241 488242
1 530726 530727
1 230233 232112
1 399982 399983
1 1080089 1080144
1 883309 883313
1 517676 517694
1 106197 106198
1 945968 945985
1 665174 665175
1 947424 947425
0 177138 177140
1 96418 96426
1 1006481 1006483
1 342974 342979
1 485616 485750
1 476335 476342
1 165512 165513
0 546816 546818
0 597096 597123
0 770866 770871
0 795358 795376
1 863455 865434
0 312185 312238
1 288390 288392
1 114640 114644
1 944802 945024
1 688070 688073
1 82991 82998
1 647692 647700
1 1016821 1016822
1 370614 370615
0 821107 821109
0 579646 579660
1 982648 982650
1 711539 711562
1 968899 968975
1 848929 849315
0 464955 465634
1 654723 654741
1 939732 939734
1 232655 235523
0 100391 100393
0 75423 75426
0 422087 422088
0 467227 467713
1 506437 508794
1 1054092 1054094
1 692015 692041
0 799615 800200
1 233748 233750
1 525195 525196
1 392992 392993
0 512175 512186
1 892571 892843
1 951130 951133
1 386889 386891
1 944606 944607
1 440849 440874
1 631113 631114
1 86535 90699
1 383318 384080
1 248284 248312
1 348940 348942
1 7272 7273
1 697720 698730
0 639678 639681
1 295258 295260
1 608055 608056
1 914464 914869
0 176967 176992
1 450261 450271
0 267926 267939
1 450927 450953
1 71406 71410
1 237094 237096
1 327891 327892
0 116057 116070
1 496027 496856
0 641805 641825
0 149898 149901
1 12895 12896
1 69411 69415
1 438338 439003
1 763304 778037
0 261491 261494
1 387367 387473
1 761277 761284
1 245087 245995
1 612304 617076
1 981538 986700
1 465283 465284
1 263265 263266
0 340730 340731
1 89704 89706
1 589663 592469
1 381141 381188
1 970218 977270
1 371224 371237
1 806085 806087
1 879215 880467
1 909443 909444
1 252709 252710
1 154242 154243
1 514902 514903
0 342041 342042
0 669171 669319
0 934869 934870
1 95403 95665
0 984889 984890
1 1070071 1070072
0 294341 294342
1 383319 383364
1 289308 311141
0 932807 932816
1 784055 784887
1 913383 913392
0 572055 572056
0 906481 906692
1 738742 738951
0 1026976 1026977
0 420417 430285
1 413973 413990
0 982122 986888
0 50751 50756
1 552564 552581
1 1066596 1066598
1 887108 887109
1 269717 271466
0 261217 261232
0 915079 915713
1 1045467 1045468
1 462379 462561
1 315832 315996
1 778769 778770
1 677417 677419
1 798542 798552
1 265552 265556
1 331371 331741
1 1033417 1033418
1 32260 32261
1 181679 181830
1 289447 302089
0 773695 773697
1 1004814 1005087
0 493920 494429
1 330256 330257
1 356896 356902
0 943910 943911
1 820897 821343
1 567967 567975
1 1053243 1053245
1 1020782 1021725
1 245700 245701
1 619269 619285
1 272573 272726
1 451313 452680
0 357525 357527
1 115095 165025
1 84526 84865
1 363398 363399
0 201429 201430
0 146851 146854
1 47570 47571
0 93719 93870
0 620856 620870
1 645340 645341
1 382056 382059
0 1027612 1027615
1 506822 506823
1 1003951 1004245
1 929164 929549
1 995703 995705
0 953109 955487
1 567905 567906
0 539830 539943
1 990251 990867
1 933215 933217
0 276558 276560
1 514857 527019
0 869953 870115
0 635965 641965
1 762354 765826
1 708893 708899
1 910272 910273
1 62804 62819
0 872799 872890
0 363813 363814
1 422863 422874
1 677695 678249
1 973471 973492
1 11641 12232
1 1039358 1039361
0 65899 65900
1 301243 301245
1 622055 624132
1 146908 146910
0 574787 574853
1 831161 831176
1 183332 183334
1 645700 645710
1 578069 578070
0 364402 364523
1 403095 403107
0 1006693 1006735
1 24470 24471
1 199297 199298
1 1044679 1052172
1 735189 737688
0 681344 681695
0 954604 954636
0 717846 717848
0 118930 124900
1 928372 928481
1 1042655 1042664
0 992653 992724
1 957719 957720
1 406947 406951
1 612156 617390
1 213332 213388
0 561918 561919
0 1063943 1070660
0 6639 6663
1 48132 48133
1 37268 37813
1 942565 942566
0 46487 46587
0 148414 152753
0 670095 670096
0 819778 819782
1 686996 687001
1 100530 100549
0 818877 819881
1 943564 943568
1 900594 900643
0 582477 582478
1 569415 569504
0 243638 243640
1 248131 248833
1 345994 345995
0 437497 437762
1 81456 81483
1 483180 483185
1 553367 553507
1 730779 730781
0 448382 448489
1 536382 536515
1 864992 864993
1 148775 148776
0 117132 117133
1 493891 493892
1 129425 129932
1 298069 298624
0 801487 801500
0 342715 343914
1 161887 167961
0 62568 62573
1 928942 928947
0 405245 405246
1 856324 856325
1 984342 987010
1 181456 181457
1 742076 742091
1 359988 359989
1 720811 720812
1 37797 57101
1 316759 316984
1 605310 605847
0 1017800 1017801
1 219955 219966
1 374028 374321
1 52534 52535
1 550558 550722
0 90424 90426
1 303591 303592
0 1018375 1018396
1 774415 774420
1 180572 180848
0 381152 381153
1 614086 614087
1 129732 129733
1 482456 966895
1 414436 414437
0 719754 719757
1 1045975 1045976
0 778058 778067
0 531502 531510
1 500197 500211
1 52938 56808
1 405108 405112
1 211284 211285
1 853698 854519
1 160455 160456
1 885755 887734
0 455643 455683
0 1026154 1026155
1 627635 627636
0 346177 346178
0 452403 452405
0 488810 489159
1 466460 466477
1 557069 557070
1 786096 786487
1 1050440 1050461
0 1069505 1069507
1 83625 92287
0 415432 415433
1 1018622 1018628
0 990789 990817
1 411492 411512
1 621965 621997
0 819744 819745
1 800415 800433
1 846284 846300
1 599501 599502
1 845555 845585
1 681945 681946
1 901343 901355
1 944476 944478
0 160419 160420
0 512478 512485
1 723096 723097
0 741939 741944
1 1017868 1017871
1 592507 592616
1 247581 249758
1 316592 316594
1 139207 139214
1 69748 69775
0 189096 189098
0 303633 758199
1 798934 798996
1 909905 910190
0 631852 631854
0 1015654 1015655
0 973316 973347
1 740207 740209
1 603244 603245
1 177238 177250
1 1021520 1022180
1 916670 916683
1 740897 740898
1 256166 256216
1 901649 901868
1 134519 134534
0 207967 207990
0 1020498 1020502
0 58333 77447
1 630354 630782
1 231935 231937
1 542829 543193
1 564416 564417
1 105681 105688
1 237951 237952
0 987844 987845
1 728289 728290
1 224216 224229
1 422201 422202
0 401055 401056
1 860457 860459
0 1063515 1063516
1 505760 506862
1 96333 96334
1 767667 767671
0 28596 28680
1 991547 995617
1 611832 612105
1 448301 448333
1 615256 615257
0 620642 620650
0 58561 67946
1 189240 189250
1 509418 509419
1 362062 362703
1 916840 916843
1 343077 343083
1 297113 297129
1 939848 939850
1 536003 536401
1 8041 9336
1 399428 399444
0 449124 449141
1 103456 103458
1 887705 887706
1 989224 989798
1 217748 217749
0 455156 455157
1 227254 227263
1 114065 114067
1 668099 668190
1 768939 768941
1 716106 716416
1 1062991 1063026
1 504507 504646
1 264845 265980
1 251811 251812
1 1087042 1087044
1 585007 585009
1 397041 397236
0 839086 839090
1 840747 840750
1 890914 890915
0 1043034 1043035
1 724382 724558
0 847551 848277
1 1047306 1047353
1 1055500 1055592
0 371366 449325
1 260185 260188
1 881554 881567
1 225555 230919
0 486648 487496
1 18843 30618
1 599057 599058
0 931208 935536
1 800409 800410
1 391484 391500
0 278915 278937
1 883708 884294
1 995939 995942
1 49554 49559
1 285022 285025
1 506250 506251
1 634085 634086
1 947516 947649
1 862752 862753
1 710542 710549
1 354659 354918
0 504424 504425
1 548447 548511
1 239425 239488
1 927362 936957
1 726120 726202
1 453003 453004
0 180164 184410
0 183141 183883
1 160359 160373
1 704260 704261
1 944408 950271
0 1011643 1013816
1 907029 911202
1 820945 821659
0 748535 748536
0 611832 612105
1 513808 513809
1 524502 524504
1 894294 894683
1 554423 554679
1 163008 163012
1 786905 788293
0 417389 429956
1 886692 886698
1 974052 974360
0 792866 792867
1 461694 461718
0 1061941 1061942
1 1063573 1063726
1 955298 955299
0 147603 147604
1 119592 123887
1 275624 282374
1 504999 505001
1 932501 932923
0 191232 191233
0 862968 862970
1 643379 643397
0 550558 550722
0 893269 893316
0 1043430 1043431
1 324035 324036
1 879280 879281
0 1000840 1000852
1 807671 808949
0 233722 233726
0 837430 837431
1 915129 915146
1 724965 727062
0 1017987 1017988
1 179080 179478
1 324070 324084
1 827597 827600
1 754769 754770
1 835343 835344
1 622942 623412
1 540943 540944
1 469885 480194
1 642895 642947
1 656852 656938
0 736900 736918
1 718832 718833
1 985181 985185
1 24926 24980
1 180022 180281
1 233138 233144
1 346440 346441
1 615545 617061
1 330666 330667
0 829505 829518
1 1011032 1011042
1 403601 403608
1 791489 791494
1 600974 600980
0 1070071 1070072
1 166514 166515
1 1062065 1062068
0 18270 18283
1 496458 497972
0 499687 499898
0 278191 278337
1 705193 705199
1 321112 321244
1 549003 549004
1 564693 564694
1 934676 936987
0 236122 237296
1 96341 96342
1 800342 800343
0 586567 586569
0 877793 878608
1 680541 680543
1 313140 313153
0 352444 352701
0 696835 697085
1 44516 44517
1 87700 87704
0 653775 653784
1 313781 314444
0 593028 593231
1 819888 819889
0 610798 611261
1 389218 389311
0 769347 771212
1 3890 3908
0 569321 569322
1 505378 505529
0 998852 998992
1 4885 4888
0 247355 247360
1 346679 346796
1 1089334 1089336
0 846885 846887
1 608276 608608
1 208005 208026
1 772276 772284
1 313035 313371
0 565925 565932
0 992975 992983
1 1045527 1052135
1 377302 377828
1 356342 356350
1 531631 531662
1 1072941 1072945
0 869523 873281
1 21930 21932
0 159139 159143
0 178967 179263
0 706927 706928
1 418861 418863
1 422033 422090
0 312989 313232
1 327287 327291
1 741602 741603
0 948214 948328
1 13008 13009
1 868612 870123
0 454945 454946
0 462233 462236
0 578286 578288
1 1065017 1065137
0 946769 948413
1 33537 33790
1 373210 373234
1 240820 240821
1 241753 241754
1 82433 82452
1 318026 318027
1 904164 904166
1 713498 714062
1 872575 872599
1 140228 140230
0 726813 726864
1 78430 78432
0 432751 432752
0 901087 902038
1 86645 86656
1 208368 208407
1 312894 316407
1 402754 413774
0 938917 938918
1 470940 470941
1 1078516 1078517
1 1014812 1028409
0 742085 742088
1 939792 939807
1 880722 881509
0 426253 426822
1 556964 556970
1 471596 472186
1 159972 159973
0 792614 801523
1 760596 760597
1 279854 279855
1 786756 786782
1 983799 983800
1 67588 67647
0 474058 474072
1 143517 143518
0 605310 605847
1 587563 587582
0 232508 232511
1 855553 855742
0 435608 436809
0 353274 353318
0 1023797 1023798
1 1070406 1070407
0 567986 571570
1 133685 133686
0 106197 106198
1 1078510 1078511
1 361785 361835
1 1084123 1089805
0 554832 554834
1 809747 816352
0 481706 485075
1 427192 427199
1 121721 123208
1 907624 907625
0 139076 139079
1 279861 279991
1 885632 885648
1 358374 358376
1 942628 942630
1 585881 585893
1 431900 431906
1 437946 437947
1 626299 626302
1 1020777 1020779
1 604926 604928
1 86993 86996
0 799895 799900
1 863703 863704
1 618250 618251
1 974090 974108
0 264008 264022
1 690866 690877
1 1062160 1062282
1 614518 614926
0 476828 476829
0 235483 235488
1 301777 301793
1 14922 35454
1 965703 965704
1 548849 548850
1 556090 556092
1 918236 918585
1 933774 933862
1 303296 303475
0 554423 554679
0 748977 748978
1 137363 137364
0 769150 769158
0 505028 505040
0 338549 344373
1 366925 366934
0 976126 977379
1 681928 681929
1 645117 645127
1 332784 332791
0 772604 772625
0 990096 990099
1 402417 402465
1 350038 350086
1 25164 25206
1 502661 502716
1 587243 594965
1 97387 97388
1 458863 458924
1 951303 951591
0 306957 309231
1 1009278 1011450
1 569889 575038
1 841900 841905
1 656104 656320
1 859520 859522
1 829387 829388
0 790642 790643
1 939399 939546
0 583979 584039
1 115580 123056
1 774487 774495
0 389012 389023
1 748628 748629
1 472376 474067
1 192180 192205
0 511140 511216
0 383550 383551
0 566295 566296
1 558069 558071
1 204918 204921
0 945780 945827
1 326951 327546
0 318343 318350
1 325995 325996
1 700324 700325
1 346220 346800
1 324538 324743
0 804342 804343
1 150252 150253
0 293516 308411
0 279675 279858
1 526409 526451
1 532536 532542
0 501537 501627
1 304407 304409
0 784383 784384
1 416083 416089
1 407746 407748
1 264166 265866
1 48412 48413
0 830476 830740
1 935168 935272
1 93398 987383
0 159307 159311
1 397461 397462
1 486468 487317
1 856660 856664
1 786903 786904
0 1068940 1069360
1 784323 784412
0 102902 102903
0 73837 73839
1 970325 970326
1 968438 968439
1 390703 390717
0 850000 850003
1 272531 272701
1 892736 893127
1 339589 339593
0 799012 801098
0 23218 23219
1 692756 697038
0 677417 677419
1 205000 205001
1 505269 505270
1 412938 412940
1 358059 358060
0 257695 257781
1 1077824 1079898
0 891096 897475
0 641094 641105
1 756916 757111
1 658556 676886
0 409138 409142
1 1073461 1073474
1 933025 933026
1 593797 593804
1 1017304 1017476
1 873364 873370
1 582989 582990
1 306122 306131
1 350527 350536
1 995377 995391
0 181147 181330
1 610254 610256
1 197765 197777
0 87945 91690
1 594281 594287
1 756129 756208
1 85831 91065
1 797047 797054
1 763895 763935
1 728423 729400
1 51579 51672
1 927572 927573
0 340740 340840
0 608315 609164
1 368921 368923
0 685604 685656
1 726439 726440
0 907426 909985
1 294704 294705
1 615188 615192
1 110722 110723
1 975006 975276
0 172306 172308
1 729034 729035
1 429420 429421
1 797720 797721
0 85831 91065
1 649251 652142
1 93429 108328
1 751055 751056
1 648896 648899
1 472753 474327
0 161568 161569
0 579049 579050
1 740557 740558
1 714416 714777
0 965259 965261
1 59919 59921
1 1040905 1040906
1 685960 696209
1 161515 161522
1 319697 319698
1 808175 808669
1 359013 365413
1 1033348 1033350
1 901186 901187
1 67845 67847
1 334842 334859
0 271703 271711
0 97478 97479
1 434625 434879
1 37031 37517
1 538455 538457
1 105681 108375
1 667962 676691
1 826409 826826
1 849041 849058
0 854018 854034
1 963137 963266
0 1051733 1051735
1 584799 584814
1 3132 3417
1 1045070 1045701
1 579676 579677
1 64894 64895
1 120631 120632
1 187885 190592
0 205952 205974
1 116256 116414
0 837536 837537
1 842623 842642
1 194750 195627
1 180508 180813
1 178351 178352
1 971333 974469
1 902493 902501
1 137399 137400
1 122908 124550
1 831195 831196
1 917478 917876
1 202751 202803
1 775093 775122
1 318225 318233
1 852507 852517
1 870808 870903
1 528779 529288
1 666092 666109
1 578080 578081
1 706202 706218
1 532660 532678
1 845567 845570
1 332683 332684
0 630354 630782
1 909340 909444
0 927051 927460
0 829073 829074
1 220589 226819
0 164182 164239
0 822866 823096
1 917073 917400
1 180914 181214
1 894049 894071
1 1013333 1013689
1 933027 933327
1 918560 918871
0 781662 781743
1 730326 747893
1 65731 65732
1 805801 805829
1 558966 559164
1 383927 383936
1 485295 496716
1 244556 244557
0 969094 969138
1 510807 511099
0 246895 247195
1 877800 881429
1 819607 819608
0 812977 813011
1 568287 572599
0 22507 22519
0 1016465 1028619
1 577732 577733
0 998872 999351
1 208927 208928
1 809423 809428
1 642403 642410
0 150197 150202
1 358237 358271
1 994636 994655
1 550630 550795
1 436844 436845
1 681589 696752
1 342224 342225
1 300916 300922
0 1081532 1088302
1 27560 35404
1 857817 857949
1 156065 156067
0 550035 550952
1 99502 107414
0 917290 917604
1 72797 72823
1 13231 33879
1 130520 153901
1 745014 745015
1 544190 545110
1 677327 677336
1 890980 891610
0 119440 119462
0 694595 694597
1 594462 594463
0 103996 104022
1 891462 891463
1 291492 291496
0 408514 408518
0 542046 542047
1 794585 794586
1 940918 942272
1 1078573 1078576
0 423795 423797
0 125268 125269
1 768780 768801
0 1029509 1029511
1 429626 429627
1 417023 417024
1 367486 367487
1 754391 754393
0 966104 966285
0 130520 153901
1 824389 824390
1 493842 494260
0 488911 498495
1 929692 929693
1 637610 637611
0 470346 470428
1 841130 841160
1 859720 865932
0 755297 755334
0 756916 757111
1 548130 556265
0 896475 896492
1 860529 860530
1 658566 658637
0 51844 51845
0 177238 177250
1 768056 768059
1 1056042 1056121
1 445020 445021
1 421939 421940
1 784855 784909
1 960041 960042
0 420793 420794
0 669544 669594
1 663163 663164
1 1017279 1017280
0 818447 818457
1 829216 829228
0 327514 327515
1 343103 343112
0 780004 780006
0 884071 884073
1 132782 132783
1 349640 349656
1 153546 155284
1 715970 715972
1 730001 730546
1 990105 990111
0 667288 667289
0 59274 76022
0 663983 664143
1 538290 538416
0 868579 874497
1 85945 85947
0 33902 33903
1 302326 302329
1 699065 699198
1 565824 565825
1 922242 922243
1 765174 765401
1 490534 490540
1 722493 722496
1 538780 539085
1 24782 24783
1 676989 676990
1 393710 393732
0 117827 118125
1 453672 453673
0 838813 838815
1 93789 93791
1 803236 803283
0 358572 358577
0 465761 478768
0 175823 175844
0 894504 894506
1 93418 611375
1 405641 405645
0 207788 207797
1 358890 359608
1 102638 102690
1 502093 502094
1 797400 798067
0 519237 519249
0 903234 903237
1 420979 420980
1 828307 828308
1 476292 476300
1 718637 718638
1 323774 327531
1 522445 523261
1 900056 900057
0 266692 266694
1 509064 509077
1 522757 523368
1 245862 246090
0 80315 80345
1 467044 467249
1 990175 990850
1 571909 572150
0 970002 970003
0 22232 22233
0 362711 362956
0 73251 74022
1 329493 329694
1 61791 61792
1 159270 159273
0 1059902 1060258
1 363164 363165
1 651309 651310
0 289308 311141
1 803471 803476
1 912688 912689
1 41656 41684
1 914149 914150
0 1059496 1059497
1 894332 894572
1 531945 531985
0 251693 251988
0 189987 190933
0 705943 705945
1 880888 887511
1 328635 328777
1 775198 775248
1 974011 974256
0 657104 657105
1 590998 590999
1 965872 965917
0 236752 236768
1 856232 856233
1 849769 849774
1 468796 479367
0 1079550 1079558
0 81774 81788
0 567100 567103
0 638316 638317
0 313000 313108
0 414436 414437
1 739015 749235
1 410685 414760
1 819509 824552
1 784212 784213
0 61153 61154
1 518830 519489
1 699685 700048
1 833653 854938
1 755430 755433
1 42122 42124
0 559136 559137
1 625042 625180
0 898682 898688
1 444630 444636
1 273927 348248
0 716046 718422
0 180632 180785
1 11439 11440
0 487861 488256
1 970726 970728
1 976430 977706
1 36980 36983
0 636358 636370
1 1040362 1040363
1 119886 119887
1 674535 674545
1 260543 260699
0 483627 484532
0 379768 380056
0 1075237 1075243
0 175632 175633
0 314742 314914
1 595810 595811
1 727933 727935
0 148085 151804
0 1065299 1089025
0 556085 556086
0 933852 933858
1 425726 425731
1 85548 85549
1 332277 332308
1 803799 803801
1 180833 181045
0 202093 207152
1 684459 684466
1 481313 481314
0 320267 320271
1 591541 591544
0 868612 870123
1 102988 102989
1 856082 856084
1 1026810 1026811
1 528186 540761
0 103789 103790
1 699287 706569
0 608412 610441
1 893529 894123
0 530726 530727
1 529122 529125
0 876026 876529
1 197183 197186
1 571119 571121
0 819956 819957
1 5566 5567
1 46088 46105
1 981237 981255
1 753167 753168
1 311578 311584
1 203474 203755
1 515993 515994
1 286030 286031
0 101653 101656
1 769179 769205
1 613385 613401
1 75330 75331
1 983461 983462
1 192464 192466
1 1385 6109
1 299430 301844
0 923089 926895
1 412853 412855
1 136541 138150
0 461096 461144
1 174506 174527
0 17812 17813
1 307713 307740
1 870853 870855
1 1074296 1074297
1 759838 759849
0 657366 673775
0 570415 570535
1 592946 592973
1 584518 584527
1 95917 95921
1 979088 979089
0 166374 170008
1 776156 776239
0 326356 343331
1 737026 737028
1 727912 727958
1 145347 145348
1 243058 243060
1 1068952 1068953
0 317029 317031
1 104953 104965
1 553697 554767
1 255752 255761
1 36933 39432
1 1081599 1081600
0 902493 902501
1 575342 575343
1 664501 664502
1 1080816 1080822
1 97580 97583
1 462073 462619
1 633676 633785
0 81781 81782
1 718992 718993
1 386324 386327
0 864950 864959
1 607702 608914
1 290349 290525
1 321247 321819
1 252575 252576
1 322400 322404
1 95703 95709
1 385782 385783
0 496150 496161
1 632739 632742
0 488339 488340
0 883269 883270
0 505760 506862
0 593797 593804
1 416449 416459
1 1020923 1020936
1 1049914 1049915
1 1067065 1067074
1 380569 381666
1 22674 22861
1 1055480 1055589
0 386487 386488
1 310782 310788
1 486900 486905
1 969927 970178
1 1006487 1006488
1 655598 655599
1 30033 30035
1 164224 164225
1 743416 743430
1 324498 324499
1 110741 122492
1 935328 935329
0 887705 887706
1 252131 252133
1 793229 795974
0 594983 604923
1 54895 54948
0 527085 527086
1 328824 328861
1 995325 995326
1 67317 67319
0 369129 369130
1 1002893 1012196
1 491796 491832
0 55560 55561
0 522757 523368
1 186878 211719
0 301994 303343
1 431576 431579
0 536400 536402
1 740523 747353
0 451544 451545
0 786903 786904
1 661624 674033
1 829663 829665
0 287444 287555
1 757792 757805
0 280615 280975
1 737395 747139
1 17374 36067
1 109939 109940
1 81846 81856
0 608660 609967
1 501076 501122
0 797329 797335
1 931332 931334
1 407596 407599
1 285177 285178
1 240872 240877
1 991986 991988
1 293342 293343
0 727977 727979
1 44191 44192
0 534169 534170
1 454375 454376
0 623929 623954
1 858014 858509
0 426621 426622
1 526942 527249
0 134464 134498
0 875294 875296
1 505728 505733
1 1031206 1031208
1 1022517 1022518
1 1026338 1026348
1 631495 631856
1 888175 890456
0 767471 767474
0 839924 839943
0 239862 239863
1 50478 50514
0 238235 238236
1 715487 716703
1 418047 418049
1 611487 611488
0 800119 800135
1 45641 45657
1 755952 755953
1 353363 353368
0 1004764 1005155
0 631645 631649
1 326807 327137
1 108151 108154
1 261174 261615
1 572142 572143
1 810402 810404
0 680944 680948
1 650398 650399
1 209896 209897
0 571581 571586
1 554939 554958
1 448225 448445
0 1017395 1017396
0 737395 747139
1 732146 732147
1 53381 53382
0 362125 365286
1 533682 533684
1 218906 223699
1 281199 337104
0 508683 508685
0 787972 787975
1 434872 434873
1 923245 923301
1 149569 149575
1 265714 265716
1 855299 866026
1 391570 394631
1 894297 894298
1 1008845 1008846
1 885313 885314
1 694953 694954
1 736378 738394
1 200478 200479
0 923666 923670
1 315206 315212
1 984184 984185
1 268962 268973
0 350928 351216
1 996080 996081
0 313669 313671
1 462552 462556
0 427192 427199
1 690097 690098
1 491295 491784
1 1070751 1070752
1 624857 625050
0 55602 55603
0 52534 52535
0 240182 240183
1 704658 708258
1 1030182 1030183
1 205689 205692
1 732015 732016
1 985180 985181
0 708893 708899
1 797935 797940
1 490471 490477
0 671737 671738
1 664106 664107
1 358051 358052
0 931427 931429
0 884805 884806
0 610254 610256
1 249284 254258
0 88137 88188
1 1016445 1016446
1 983793 983831
1 197736 197749
0 1074824 1074847
1 199878 199879
1 114932 124062
1 133979 134040
1 530189 530943
0 219577 219592
1 994389 994390
1 399944 399945
0 262560 262584
0 60067 60070
1 368190 368191
1 1009568 1009569
0 291182 291188
1 664768 664769
1 356978 356980
1 879929 879930
1 931232 931692
0 8236 8582
1 1026212 1026652
1 784351 784352
1 1073677 1073678
1 895525 895528
1 28895 28896
1 221411 221457
1 646110 646127
1 607875 608099
1 394027 394029
1 612526 612699
0 431786 431787
1 557217 559219
1 993332 993333
0 874976 875002
1 741685 741686
0 829372 829386
0 149863 149865
1 688747 693568
1 147641 147643
1 600389 605150
0 884969 885571
0 442508 442510
1 658823 658824
1 676154 676159
0 242342 242343
1 387811 387818
1 873950 877074
1 293743 293772
1 164034 164039
1 315701 315702
0 942693 942695
0 419658 419659
1 753667 753700
0 337003 337008
1 907500 907502
0 96730 96731
1 518124 519960
1 172838 172840
0 951983 952000
1 23826 23827
0 121121 121715
1 1072070 1072087
0 906293 906294
1 500007 503685
1 1060865 1060896
1 472264 472293
1 390375 390379
1 707108 707222
0 717280 717658
1 570745 570746
1 197036 197037
1 221729 223338
1 1086911 1089887
1 1023665 1028728
1 18629 34774
1 818982 826888
1 472183 473324
1 729701 729702
1 180526 180527
1 872349 872350
0 123259 123260
1 842284 842285
1 379204 379794
0 158179 158180
0 61388 61389
1 325775 325781
0 336767 336775
0 582159 582738
0 326419 326420
0 751752 763215
0 216739 216742
0 110976 110978
1 782312 782313
0 614040 614041
1 619279 619282
1 337724 337726
1 863107 863132
1 989083 989790
1 874474 874475
1 840477 840478
0 590237 590238
1 364480 364484
1 1018971 1018972
1 165163 165164
1 224535 224575
0 775352 775354
1 147648 147649
0 42949 42985
1 125423 125441
1 984926 987016
0 960645 960673
1 969325 969330
1 636016 636017
0 411468 411482
1 879481 879494
0 433075 433081
1 1058808 1058817
0 187261 187282
1 32699 32700
1 739644 746653
0 87878 87935
0 39384 39385
1 70834 70862
1 849008 849015
0 119399 119419
1 66898 66912
1 665445 665447
1 932497 937420
0 164931 164937
1 628887 629036
1 161915 161923
1 286596 286817
1 537278 537279
0 1066983 1066985
0 774415 774420
1 578042 578043
0 1008107 1012975
0 975500 975502
1 16164 18556
1 431134 431153
1 922191 922197
1 707005 707017
1 606481 606486
1 1077185 1077189
1 1076421 1076422
1 893162 893293
1 726429 726430
1 648990 652402
1 973332 973363
1 957033 957034
1 933947 933948
1 640633 640638
1 424290 424291
1 7370 7628
1 571103 571473
1 713409 713410
0 7144 7145
1 17395 17421
1 40632 40640
1 909737 915892
1 206147 215620
1 789302 789303
1 832496 841880
1 129473 142810
1 623755 623789
1 182706 182811
1 37816 37854
0 174464 183974
1 1053791 1053827
1 1078775 1078780
0 98470 108704
1 835088 835716
1 210523 210526
1 871868 877428
0 117969 524060
1 890278 890609
1 600007 601533
0 361785 361835
1 1034991 1035320
1 989139 989166
1 631152 631153
1 511829 511830
0 561763 561975
1 725248 726602
1 715102 720822
0 29280 34201
1 399015 399826
0 577688 577754
0 288902 288903
0 485579 485585
1 649875 650085
0 635968 635969
1 452284 452378
1 236859 242160
0 613824 613825
1 805850 805863
1 1018273 1018274
1 154237 154619
0 313091 313096
1 475731 475739
1 725472 725473
1 320501 320511
1 858416 858417
1 734315 734316
0 82974 83829
1 190000 190504
0 635431 635433
1 587530 587555
1 366543 366557
1 873144 873146
0 960953 961014
0 538296 538647
1 448882 458359
1 330508 330509
1 832478 832483
1 254602 254603
1 362310 362883
1 885575 897367
1 699565 699583
1 364519 364522
1 429644 429651
1 398526 398744
1 424671 425084
1 934007 934008
1 464871 464872
1 646735 646738
1 430862 430876
1 1067853 1068052
0 346108 346246
1 427190 427196
0 684836 684838
0 219261 219271
0 11641 12232
1 86014 86055
0 465369 466190
0 162770 162772
0 675097 675098
1 415099 429887
0 664463 676674
1 708933 708936
1 3476 3477
1 452524 458346
1 511365 511369
0 312097 312197
0 411108 411111
1 931078 931096
0 942290 942292
1 654460 654538
1 310736 310776
0 550410 550411
1 101512 101559
1 374179 374181
1 750432 750435
0 833763 833764
1 796089 796155
1 306657 307620
1 305899 305916
1 161008 161009
0 363732 363735
1 11690 11691
0 765872 765873
0 391749 391751
0 440690 440870
1 405380 411727
0 455226 457731
0 258243 258244
1 312767 315966
1 582418 598674
1 1045606 1045608
1 563775 577466
1 263581 263587
1 489513 489518
1 598164 598188
1 1082167 1082189
1 533378 533379
1 194425 194426
1 209828 209917
1 314638 315971
0 533807 533811
0 578147 578148
0 120479 120483
1 116753 117035
1 359311 361153
1 52653 52688
1 935670 935793
1 586751 587062
1 243198 243201
0 419746 425884
1 797954 797955
1 1030237 1030238
1 777897 779904
1 895490 895493
0 725248 726602
0 219601 219602
0 840465 840469
1 435217 435512
1 872953 872955
1 915421 919724
1 748202 749299
0 635415 651251
1 573102 573105
1 1057603 1057610
1 100692 100693
1 421525 421529
1 1039881 1039882
1 313209 313210
1 984082 984083
1 841160 841247
0 989432 989433
0 779299 779303
0 119592 123887
1 370449 370451
0 900594 900643
1 618063 618065
0 33739 33750
1 408137 408139
1 846084 846090
1 1026822 1026825
1 1081685 1081687
1 542801 542802
1 806692 807354
1 973561 973579
0 879520 879534
0 413163 414991
1 383837 383838
1 742442 742804
1 1018131 1018133
0 444208 444209
1 618829 618830
1 805532 805533
1 238775 238776
0 672527 672528
1 102056 102057
0 559320 559334
1 1050165 1050166
1 346935 346937
1 594714 594718
1 428266 428563
1 322737 322739
0 705501 705968
1 930345 930774
0 521375 521376
1 930570 931013
1 655997 655998
1 37966 38319
1 209806 209807
1 19858 19965
1 604270 604273
1 721159 721160
0 592507 592616
1 901579 901588
1 132909 133150
0 840173 840175
1 559078 559082
1 775660 775684
1 1075395 1075405
1 682166 682172
1 16758 16759
0 1006495 1006612
0 731011 731012
0 829645 829653
0 799815 799824
0 260185 260188
1 542655 542657
1 883258 883309
0 285439 285440
1 986161 986162
1 593580 603925
1 924263 924268
1 681932 946722
1 462917 479253
1 525239 525240
1 1056796 1056821
1 620314 621028
1 434042 481932
1 855869 855870
1 105765 105767
0 962273 962524
1 297047 297058
1 229989 229990
1 523812 523813
1 168279 168598
1 664132 664139
1 398474 398476
1 642267 642268
1 444611 444612
0 563775 577466
0 586751 587062
1 407913 407928
1 704130 708344
1 183608 184775
1 70942 75336
1 880203 880208
1 49100 49190
1 12404 12406
1 404535 404537
1 674626 674982
1 970110 970111
1 359205 359526
1 691158 691170
1 285601 285602
1 818684 825109
1 678785 678787
1 472776 474214
0 975425 975426
1 1017901 1017902
1 191711 191794
1 105109 105110
1 357703 357929
1 718754 718757
1 909324 909364
1 799265 799266
0 852610 852615
0 671139 671140
1 9862 9863
1 500428 500429
0 976866 976887
0 604926 604928
1 929604 929616
1 856056 856224
1 58480 75379
0 613921 613944
1 118983 119226
0 27922 27923
0 595810 595811
1 708621 709626
1 421869 421870
1 219512 219513
1 423409 423414
1 493185 493186
1 251603 251762
1 204480 204491
1 550010 550011
1 203062 203063
0 424656 424657
0 792320 792321
1 759985 760024
1 322641 322684
0 432184 432185
1 428179 428181
1 23956 24657
0 459954 459955
1 545225 545468
0 314675 314678
1 5824 5827
1 814115 814116
0 928376 928438
1 1032094 1032098
0 442581 443571
0 196111 764876
1 909761 909784
1 453893 453908
0 408130 408132
1 684630 684632
0 627682 627816
1 335430 335955
1 586544 586545
0 691938 691942
1 357044 357112
1 1076389 1076390
1 8557 8675
1 270751 270752
1 919494 920268
1 129372 129934
1 208707 208944
1 285312 289072
1 607341 613564
0 766730 766738
1 474980 478900
1 109386 109388
0 723274 723905
1 337741 337742
0 751246 751247
1 482557 482558
1 160034 160413
1 246207 246208
1 817002 817009
1 26354 26355
1 1030983 1031000
1 968851 968852
1 375946 381044
1 165753 166055
1 1001211 1001213
1 4948 5143
1 770477 770481
0 877863 877864
1 936453 937798
1 7271 7441
1 1059836 1071740
1 477132 477135
1 957713 958210
1 312041 312044
0 86975 91788
1 1005672 1009165
0 475463 479974
1 662018 662019
1 118355 524107
0 80336 80473
0 30680 30684
1 932580 932776
0 122862 122920
0 260806 260807
1 237646 238071
0 792993 792998
1 406674 406696
0 229703 230491
0 182556 182559
0 436085 436087
0 451904 451905
1 640516 640519
1 1023082 1026973
0 1030182 1030183
1 1006272 1007950
1 77737 77739
1 716031 716405
0 288029 293695
1 986168 986199
1 161532 161534
1 726069 726103
0 637172 651461
0 613938 614117
1 530033 531159
1 374167 374590
1 679054 679055
0 580635 580636
1 115940 115943
1 776451 776464
0 672244 676280
1 647605 647641
0 1055480 1055589
0 825633 825635
1 328663 328669
1 1089127 1089131
1 787958 788127
0 585662 585663
0 160818 160822
0 296311 296314
1 147660 147661
1 61147 61148
1 193928 198565
1 334061 334062
1 977640 977645
1 565382 565383
0 228585 228696
1 795794 795797
1 600409 600411
1 570099 570100
1 508593 508594
1 672711 672712
1 37476 37477
0 547451 548430
0 523267 523271
1 734528 736166
1 418089 418101
1 822014 822251
1 812962 812967
1 730325 730329
1 1061066 1081178
1 285362 285364
1 496292 496300
1 358124 365980
1 571209 571211
1 1000195 1000235
0 529054 529074
0 1035536 1035537
1 141406 141410
0 66648 66650
1 827213 827215
1 638596 638597
1 195092 199654
1 940526 940753
0 302657 302658
1 905491 905773
0 818653 825067
0 613141 613149
1 1071074 1071076
1 382770 382781
0 358126 358138
1 966571 967865
1 299111 299122
0 977260 977273
1 973598 973611
1 1066748 1081874
1 189029 189030
1 914176 914636
1 736390 737235
1 224771 224983
1 1018940 1019680
1 132996 133002
1 300899 300900
0 530451 530468
1 984760 985234
1 887664 895196
0 843534 843537
1 161236 161238
1 507333 507334
1 1015591 1016121
0 159346 159359
0 342224 342225
1 988773 988868
1 356936 357031
0 312140 312349
1 675397 675549
0 759934 760211
1 890675 895929
1 65754 65781
1 29637 29911
1 1062232 1062309
0 643112 643138
0 29634 29651
1 164185 169330
0 201158 201203
1 918420 918645
0 517468 517475
1 128231 128524
0 910272 910273
1 861289 861349
0 887627 895782
1 567716 567807
1 436213 436324
1 798074 798084
1 91591 91634
1 490013 490014
1 634584 635093
0 939721 940271
0 269043 270809
0 237951 237952
1 905502 905514
1 610386 610387
1 997741 997742
1 840292 840303
1 111597 111820
1 647169 647186
1 149994 149995
1 519847 519848
1 626925 626934
1 516059 516060
1 1037396 1037400
1 741154 741269
0 443707 443931
1 948333 948335
0 85105 85556
1 713247 714681
1 597613 597614
1 76363 77022
1 901630 901632
1 1059822 1059830
0 95295 95318
1 983172 983173
1 718771 718774
1 320382 320878
1 92692 92693
1 569256 569263
1 166163 166346
0 496039 496601
1 443485 457237
1 754791 777894
1 616449 616450
1 505009 505011
0 894172 894493
1 338572 338588
1 25400 25401
1 727196 727197
1 200998 201295
1 367400 367402
0 976430 977706
1 211394 211395
1 582419 598683
1 945986 946000
1 238683 238749
1 773500 773516
1 982304 982305
1 760487 777860
0 662223 662224
1 41535 41614
0 1025379 1025381
1 643576 643658
1 642014 642015
1 30722 30724
0 429467 429468
1 795129 795144
1 909573 910342
1 444195 444210
0 539943 541403
1 668413 668415
1 906107 906133
1 73159 73160
0 827685 827686
0 521162 521784
1 134978 134980
1 1084031 1084062
1 773347 829263
1 26987 26988
0 528186 540761
1 42674 42675
1 935468 935475
1 194409 194430
1 717800 718040
1 713620 713894
0 878455 878464
0 627523 628201
1 992943 992944
1 601616 601617
0 38298 38299
1 1047792 1047992
1 24677 24681
1 543177 543178
1 784835 784836
1 299612 299613
0 743138 743140
1 606963 606979
0 819509 824552
1 737205 737222
1 270586 270587
0 613396 613407
1 115490 115494
1 16591 16745
1 790487 790488
1 776785 776788
1 187149 187151
1 406054 406063
1 31339 31342
0 298656 298696
1 301366 301382
1 137391 137392
0 841270 841271
1 610078 610083
0 182706 182811
1 561252 561255
1 731131 747603
1 700969 700972
1 340584 340596
0 954508 954517
1 810588 810589
0 987755 987756
1 295281 295288
1 426928 426931
1 354512 354514
0 1019962 1029277
0 514725 514838
1 204381 204400
1 503544 503545
1 699294 699297
1 120893 120946
1 402799 402801
1 146974 147120
1 351466 351478
1 789690 789691
1 841452 841456
1 5466 6013
1 3005 3035
1 520035 520036
1 1033752 1033828
1 666759 666763
1 263982 264352
1 426102 426104
0 197898 197903
0 259317 259321
1 423842 423844
1 1083567 1083625
1 369430 369431
1 326762 326776
1 286772 286781
1 721000 721047
1 675632 678369
1 541804 541806
1 828540 828541
1 411626 414939
1 725814 725816
1 181218 181234
1 572513 572519
0 446621 446624
1 714083 714187
1 554844 555169
1 149386 149388
1 980378 980405
1 873566 873573
1 679598 679599
1 65082 65083
1 661794 661795
1 935806 935860
0 476310 476317
0 342416 343775
1 579809 579811
0 992835 992836
1 445369 445387
0 260994 260995
0 503544 503545
0 472171 473775
1 995134 995143
1 666841 666865
1 30009 30066
0 347164 347370
1 767580 767583
1 403981 403982
1 390669 392691
1 216015 216016
1 26385 34132
0 500428 500429
0 618829 618830
1 197641 197642
1 236630 236631
0 823542 823718
0 906103 906104
0 885755 887734
1 764722 777298
1 905584 921900
1 608280 608281
1 561585 561639
0 587443 592173
1 486582 487290
0 375014 375049
1 596844 596846
1 673390 673399
1 847367 847675
1 207698 207773
1 476122 476143
1 916135 916148
0 343046 343140
1 42115 42400
0 623704 623705
1 884054 884055
1 60556 60557
1 523142 523143
1 819823 819824
1 682590 682598
0 1053791 1053827
1 200003 200004
1 402351 402352
1 312190 312407
1 404379 404403
1 111419 124581
1 201505 201507
0 909905 910190
0 455493 455494
1 584892 585489
0 12998 13000
0 787958 788127
1 275813 275814
1 16722 16723
0 704605 704690
1 775985 775986
1 145571 145574
0 251811 251812
1 25141 25152
1 112688 112689
1 701136 701137
1 669969 670021
1 595560 603876
0 274235 274242
1 71750 71751
1 425762 425765
0 154237 154619
0 113462 113768
1 179723 179725
0 501497 501498
0 646634 646637
1 756209 756216
0 790048 790049
1 638984 638985
1 312602 312780
0 351898 351899
1 872317 872318
0 44240 44244
1 820644 820645
1 58994 58996
1 16604 16605
0 1003376 1003520
1 379522 379524
1 679440 679441
1 95878 95879
1 899082 903888
1 19466 19516
1 624637 624639
0 543177 543178
1 961732 961742
1 494272 494413
0 805775 806300
1 843390 843400
1 12207 12209
1 19012 19036
1 730072 730073
1 297008 297064
1 146009 146222
0 832564 832575
1 88224 88225
1 325643 326229
1 600402 600403
1 229455 229456
1 36300 36301
1 391201 391212
0 1056954 1056955
1 751303 776966
1 667558 667559
1 32740 32766
0 286244 286245
1 787419 787494
1 715436 715691
1 832551 832557
1 953547 953582
1 512480 512481
1 58358 74927
1 135631 135633
1 26252 26254
1 292148 292153
1 529205 529211
1 753229 753230
1 1041038 1041039
1 424136 424137
1 356699 356713
1 424452 424454
0 23230 23238
1 412707 412712
0 738344 745670
0 1026093 1026095
1 297086 308539
1 334977 335380
0 311578 311584
1 433722 433786
0 523278 523584
1 838347 838350
1 1077916 1077919
0 898685 904182
0 994389 994390
0 677695 678249
1 767397 767399
1 39125 39162
0 221427 223387
1 710805 710847
1 300922 300975
1 93789 616497
0 1031171 1051529
1 840910 840914
1 794317 794324
1 861685 861711
1 41202 41207
1 565652 565653
0 735599 735604
1 938563 938564
1 955239 956200
1 980102 980111
1 204241 204246
1 240750 240751
1 623791 626291
0 190127 190382
1 484075 484179
0 93398 987383
1 717106 717155
1 480192 480193
1 723455 723496
0 619012 620521
1 234311 234314
1 756185 757069
0 490182 497636
1 199819 199821
1 50650 50662
1 341666 341667
0 532611 542287
1 887517 887524
1 51563 51564
1 139146 139148
1 800286 800556
0 929818 930254
1 7885 7886
1 447711 447754
1 606537 606718
1 403330 403484
0 1017901 1017902
0 872317 872318
0 97538 97540
0 114918 115163
1 1007735 1007736
1 813159 813390
0 494231 494233
1 18547 992934
1 193212 199334
1 188809 188810
1 941173 941673
1 1032933 1032940
1 771039 771043
1 494289 494294
0 276045 276046
0 352543 352544
1 78234 78802
0 1018053 1023942
0 951130 951133
1 246570 246576
1 385566 386801
1 770136 770140
0 160407 160416
1 335490 335491
1 368655 368657
0 778769 778770
1 42657 42675
1 927221 936220
1 314821 314825
1 373505 373506
0 485480 485488
1 975594 975690
1 217327 218278
1 158518 169585
1 270104 270110
1 621542 621543
0 322601 323975
0 1075524 1075549
1 486999 487002
1 147942 147944
0 797720 797721
1 932536 932748
1 133402 133403
1 199499 199516
0 140060 140062
1 583685 583700
1 18364 18421
0 49678 49688
0 3060 3064
0 611548 611806
1 489503 490907
1 369184 369185
1 807157 807366
0 665314 665320
1 126379 127012
1 759449 759451
1 1087944 1087945
0 201210 201211
1 446160 446161
1 27728 31513
1 261276 266128
1 611892 611897
1 563126 563128
1 297294 298266
1 1061877 1064360
1 476299 476306
1 573800 573801
0 237696 237708
1 111396 111397
1 897769 898071
0 57752 57754
0 268570 268571
1 622347 623348
1 986040 986101
1 1017201 1017202
0 926575 926576
1 883906 884386
1 383967 383969
1 621524 621762
1 403016 403017
1 429157 429158
1 179610 179774
1 95544 99669
1 301464 301493
1 92967 92969
1 474823 475091
1 326212 329749
0 500269 500271
1 602662 602664
0 732267 732558
0 314016 314464
1 803418 804833
1 239738 239739
1 534060 534065
1 1082037 1082087
1 910750 910785
0 944311 944312
1 26192 26366
1 782611 782612
1 99675 99686
1 1032959 1032960
1 596631 596632
1 434991 435567
1 1060723 1062012
1 123543 123737
0 441276 441573
1 755421 764817
1 879786 879788
1 189041 197855
1 1049930 1049940
1 461920 461931
1 540320 540321
1 820747 820749
1 1017860 1017864
1 133679 133681
1 990039 990040
0 571103 571473
1 893987 893995
1 352404 352406
1 500369 500371
1 995671 995672
0 339236 339333
1 325530 325997
1 82271 82272
0 758452 758521
0 391201 391212
0 779565 779652
1 861298 861300
1 425099 425101
1 305012 305031
0 1072718 1072719
1 941537 941538
0 397041 397236
1 1055889 1055890
1 360269 360371
1 312847 313165
1 429626 429720
1 120108 120113
1 197467 197468
1 177779 178022
1 319773 319790
1 491040 491673
1 616802 617905
1 391954 391958
1 990148 990149
1 6512 10776
0 674535 674545
1 236886 236887
1 416384 430116
1 1053360 1053363
1 349282 349303
0 358607 359473
1 515019 515235
1 1056873 1056906
1 301482 309146
1 492778 492783
1 553707 553709
0 664161 664163
1 602710 602715
1 484663 484665
1 516101 516109
0 681266 681267
0 231246 231247
1 1063039 1063551
0 731568 731570
1 943608 943609
0 158141 158142
1 820488 824673
1 741831 741839
0 985802 987261
0 295123 295125
1 1000901 1000918
0 806864 807063
1 617137 617139
0 884856 884864
1 73838 73840
1 684983 684985
1 654903 654904
0 541247 541248
0 224159 225410
1 165011 165012
1 965773 965774
1 274892 274893
0 958455 959271
0 355376 355378
1 761327 768731
0 366820 372816
1 992513 992514
1 390000 390002
1 495126 495137
1 102645 102688
1 619269 619270
1 81244 81431
1 713056 713057
1 658455 658456
0 858781 864273
1 54662 54663
1 1074558 1074559
1 732381 732387
0 870273 872074
1 1070316 1070320
1 962909 963381
0 305899 305916
0 410951 414653
0 1023082 1026973
0 468816 468817
1 288177 288217
1 902522 902528
1 959046 959057
0 666092 666109
1 615958 615962
1 1067808 1067829
1 969465 969547
1 1030307 1032517
1 881489 882002
1 385850 386740
1 931025 931027
1 952208 956968
1 615641 615646
1 788399 788400
1 1763 1783
1 1002218 1002231
1 116978 116985
1 846950 846951
1 66203 66204
1 316380 316400
1 206648 206651
1 860482 867594
0 1017279 1017280
1 71541 71542
0 942724 942725
1 328696 328697
1 59621 59622
0 476713 477039
1 571958 571964
1 914687 914783
1 421947 421950
1 59277 75751
1 476213 476218
1 457851 457852
1 448688 448909
1 803562 803579
1 286639 286642
1 319981 320040
1 950053 950055
1 471943 471950
1 16298 34197
0 103477 103478
1 586624 586625
1 12420 12421
1 952318 952501
1 306511 306517
1 964085 964091
1 270077 270081
1 382557 382563
1 1061857 1062458
1 279050 283575
1 479606 479614
1 431084 431087
1 922865 926343
1 230844 230857
1 125723 155976
1 443815 444298
1 77729 92591
1 982189 982206
0 445196 445197
1 43411 43517
1 259827 259828
1 1048973 1048974
1 898315 898317
1 883763 883781
1 180052 182645
0 24883 24886
0 36300 36301
1 899251 903850
1 368398 368584
1 657191 657211
0 675785 675810
1 207917 207919
1 141150 141152
1 303847 303849
1 914421 920536
1 245282 254141
0 597255 597256
1 102035 102394
0 537953 537955
1 685361 685362
1 679674 679676
1 41322 41323
0 960041 960042
1 830071 830074
1 298720 298724
1 209218 209219
1 264773 264789
0 1063833 1075244
1 436835 436846
1 975659 978336
1 324087 324088
1 1082743 1082744
1 138907 154631
1 958800 958801
1 166004 166006
1 131234 131240
1 552230 552438
1 587417 587472
0 972481 972868
0 766663 766665
1 89240 89241
1 194397 210747
1 653096 653097
1 178050 178053
1 532594 532606
1 500036 500066
1 774334 774399
1 390894 390896
0 467857 467867
1 523192 523197
0 166435 167184
1 773165 777384
0 1002973 1009959
1 419341 424703
0 970021 970041
1 168435 168513
0 122153 122154
1 402644 411688
0 574161 574163
1 560483 560492
1 1069285 1069286
1 698445 698829
1 16189 16246
1 786733 786738
1 318726 319097
1 587828 588051
1 540017 540173
1 1046905 1046918
1 662492 662498
1 976937 976952
0 890914 890915
1 137562 137563
1 98731 98733
1 60812 60823
1 263106 263223
1 112064 112143
0 335153 335164
0 1007155 1007156
1 850097 850100
1 516828 517117
0 583413 583414
0 805602 805610
1 186018 186021
1 813849 813850
1 477990 477992
1 577280 577281
1 960959 961529
1 518977 518978
0 238301 238302
1 276164 276190
1 388310 388327
0 1050594 1050595
1 107845 109141
1 939438 939440
1 851513 851522
1 1075601 1075608
0 586624 586625
0 429655 429686
1 197806 215604
1 229212 229213
0 489184 489200
1 659828 659829
1 261284 261285
1 358317 359296
1 629560 629561
1 436629 436630
1 962276 962534
0 602137 602149
1 967441 967442
0 934007 934008
1 990795 990800
1 530114 530150
1 783798 784790
0 1018940 1019680
1 648539 648543
1 694847 696046
0 189240 189250
1 640537 640543
1 742306 742314
1 431121 431139
1 17102 17110
1 618771 618772
1 125240 125242
0 644448 645255
1 26006 26009
0 203062 203063
1 190101 190122
1 522126 522127
1 172763 173018
1 319465 321914
1 1072195 1072196
0 364125 364126
0 290181 290182
1 702467 702468
1 97461 97463
1 59800 59844
1 686382 686386
1 569389 569451
0 354659 354918
1 1015571 1015572
1 17675 35527
0 912088 912090
0 442970 452692
1 346502 346503
1 229018 229312
1 610869 610870
1 578211 578212
0 162539 162545
1 107328 107352
0 901468 904868
0 922840 924750
1 200738 200811
0 496252 496271
1 41652 41653
0 319777 319793
0 452462 452465
1 772201 772203
1 1027827 1044207
1 291612 291615
1 764116 764117
0 753167 753168
1 861718 865207
1 782734 783528
1 427212 427215
1 1039137 1039138
0 1077378 1077394
1 898486 898487
0 772772 772773
1 201336 201340
1 508743 508980
1 487236 487237
1 542062 542068
1 892890 896147
1 1066672 1066673
1 919093 919134
1 466761 466763
1 923892 923893
1 974664 974667
1 502486 502579
1 627737 628243
1 1030282 1030283
1 1066652 1087846
1 490381 490394
1 707324 707326
1 427771 427780
0 266571 266573
1 615589 615610
1 186245 187868
1 817079 817384
1 769102 769103
0 1073461 1073474
1 295057 295110
1 871975 871976
1 998902 998907
1 793503 793535
1 406578 406583
1 20246 20248
1 10014 10155
1 121278 121280
1 645834 645993
0 80657 80674
0 262253 262273
1 423520 433143
0 111801 121395
1 462408 462410
1 880989 880990
1 480854 480855
0 497429 497480
1 219344 219875
0 356936 357031
1 828209 828612
1 828427 828429
1 883279 883280
1 445059 445060
1 415807 417467
0 767210 767217
1 882369 882399
1 780177 780180
0 445581 445597
0 179739 179742
1 323875 323881
0 708520 708782
1 24956 24957
0 270077 270081
0 825192 825193
1 143132 143136
1 126823 126824
0 190454 190566
1 806966 807231
1 378626 378627
1 1060427 1090897
1 909489 909498
1 1013667 1014288
1 119487 120269
1 862494 862564
1 468119 468121
1 598400 598419
1 605897 605898
1 244097 244298
1 271729 271730
1 576474 576475
1 358838 359691
0 553580 553592
0 289447 302089
1 677261 677262
1 221891 235753
1 327811 327814
1 481961 484993
1 1018714 1018725
1 664325 664326
1 460625 460626
1 916646 916806
1 253193 253590
1 470024 470028
0 567994 568001
0 799237 799318
1 544945 544946
0 297142 297146
1 546933 555354
1 628069 628091
1 243897 243903
0 710999 711003
1 969055 969059
1 511675 511676
1 416707 416708
1 87777 529671
1 802887 802888
1 407961 411445
0 691269 691286
1 969311 969594
1 550532 550889
1 1072805 1072806
1 537217 537417
0 651 655
1 361393 361394
1 50746 50748
0 369968 369986
0 986243 986249
0 25253 25336
1 103203 108723
0 25141 25152
1 467234 467235
1 873410 873414
1 553730 553750
0 549426 549788
1 636498 636499
1 520052 520053
0 298761 298781
1 782763 782887
1 329094 329095
1 391362 391364
1 68615 68659
1 857063 866514
1 1085864 1085865
0 380428 380578
1 1064273 1064327
1 1067574 1067584
1 983826 983827
1 491953 492942
0 98413 98444
1 26277 26278
1 923414 926282
1 1058745 1058803
1 735747 746897
0 573060 573066
1 920343 920344
1 963677 967466
1 132613 132615
0 859520 859522
0 345986 345990
1 296865 296879
1 641230 641357
1 350395 350396
0 524502 524504
1 319658 319666
1 982963 983077
0 777075 777077
1 41757 41765
0 306610 306618
1 705051 705052
1 976757 976825
1 1032316 1032317
1 339274 339275
1 767732 767733
1 568654 568658
1 928738 928739
0 886576 886602
1 1057977 1059508
0 781157 782026
1 291225 291265
1 988699 988700
1 438902 438903
1 421250 421267
0 389282 389283
1 173553 173554
0 294947 294951
1 842738 842785
1 476611 476613
1 595824 595837
0 668096 668100
0 922865 926343
1 770434 770608
1 318909 319301
1 338397 338830
1 830003 830005
1 594888 594889
0 486296 488708
1 210150 210152
1 915184 915185
0 723834 723836
0 500197 500211
1 1020892 1021784
1 8738 8739
1 373918 373939
1 918041 918042
1 1036882 1036884
1 654222 654224
1 402511 402512
1 1025719 1025720
0 897797 898089
1 99463 99478
1 860240 860258
0 1057692 1058473
1 394617 395724
1 166513 166975
1 262302 266702
1 40097 40099
1 26889 27050
1 168082 168083
1 1064233 1064913
1 62751 62799
0 332878 333204
0 204334 204426
1 96816 96820
1 173090 173091
1 377615 378300
1 645458 645459
1 991659 992996
1 131801 131802
1 846231 846234
0 841155 854500
1 286205 286209
1 1056028 1056029
1 252752 252753
0 396889 396896
1 1077740 1077744
0 964952 964954
1 521015 521016
1 715660 715872
1 567774 567775
1 909400 910351
1 80630 80632
1 421551 421552
1 782041 782044
1 23612 23613
1 844377 844380
0 892571 892843
0 882369 882399
0 516492 516506
1 45692 45693
1 230051 230052
1 545782 545837
1 820998 821000
1 509240 509482
1 1031399 1031400
1 439185 439189
1 1003018 1003361
1 531426 531428
1 725313 725837
1 634865 634866
1 657057 657058
1 1039433 1039990
0 787647 787649
0 608632 608644
0 158944 158946
1 620457 630520
1 767606 767610
0 893545 893546
1 465981 466062
0 692756 697038
0 860457 860459
1 172422 172434
0 410685 414760
1 518011 518019
1 539911 540032
1 884809 884820
1 362216 362722
0 807122 807126
1 611199 615840
1 531682 531684
1 1053357 1053358
1 25897 27978
1 80338 80339
1 69598 69613
0 137562 137563
1 443911 452471
1 634833 634947
1 919065 919066
1 605056 605058
1 980294 980296
0 956445 956447
1 920552 921796
1 1060111 1060112
1 206115 206116
1 1002947 1002948
0 823400 823408
1 503554 503555
1 464602 464606
0 957216 957218
1 299058 299085
0 723418 723419
1 206180 206206
1 536077 536442
0 324087 324088
1 517534 517535
1 858672 858674
1 360297 360300
1 279616 279618
0 245062 245063
1 523147 523159
1 350994 350995
1 1000120 1000518
1 9751 9757
1 830734 830737
0 687908 687909
1 278558 279206
1 672251 678449
1 804644 951812
1 46629 46630
1 143242 143316
0 165778 165872
1 274494 274647
1 360320 360322
1 639348 639426
1 648851 648855
1 97348 97351
0 1003002 1003068
0 405154 405161
1 764031 764452
1 485993 497298
0 576253 576254
1 639707 639714
1 1083600 1083611
1 437531 437532
1 162664 170205
0 261756 263010
1 75495 75880
1 692276 692280
1 1007086 1007087
1 445706 445994
0 236821 236822
1 714177 714178
1 1082146 1085205
1 1082962 1082964
0 877445 877448
1 926245 926250
1 25712 25750
1 1087634 1087635
1 370795 370798
1 412821 412828
1 564263 564264
1 336798 336900
0 161236 161238
1 914576 914578
0 609082 609083
1 388226 388261
0 983586 983588
0 656540 656545
1 450636 450655
0 537870 538406
0 879280 879281
0 102311 102376
1 908241 908252
1 624491 624499
0 148293 148294
1 371797 371801
1 510485 510487
1 620979 630482
0 791082 791092
1 47316 47317
1 1080152 1080167
1 126218 138002
1 434338 434450
1 552272 552273
0 411835 411838
1 553202 553203
0 25286 25298
1 464877 464878
1 567760 567762
0 405799 405814
1 329053 344162
1 702105 702139
1 995119 995870
1 633556 633557
1 58288 58289
0 438488 438489
1 722916 722918
1 112615 112631
1 239260 239266
0 490270 490272
1 514028 514037
0 529091 529115
0 1082625 1083221
1 180776 180843
0 187286 206323
1 510136 510141
0 521814 521815
1 441384 441434
1 599149 599323
1 698200 698242
0 477941 478464
1 242082 242087
1 27235 27238
0 983799 983800
1 512558 512562
1 767359 767370
1 451158 451583
1 231958 231959
1 577415 577416
1 1044295 1044372
0 118922 119426
0 510485 510487
1 351903 351905
1 424424 424433
1 316636 316875
1 412406 412468
1 509475 509476
0 346935 346937
1 191109 210674
1 827742 846017
0 672251 678449
0 755928 755969
1 539436 539473
1 667859 667860
0 810402 810404
1 297344 309333
0 807157 807366
1 1024408 1024409
0 1005226 1005236
0 624880 624881
0 740747 741621
0 255927 255928
1 565558 565633
1 454921 454975
1 1003798 1003800
1 525483 525484
1 138287 138451
0 730325 730329
0 257505 257814
0 936126 936648
1 313843 314280
0 392574 392577
1 698835 699096
0 429626 429720
1 897878 898157
1 616797 616800
1 1068866 1068867
1 1082461 1082467
1 447677 447681
1 973044 973045
1 57179 63910
0 336161 336377
1 500724 500725
1 446679 446707
1 374159 374161
1 129515 129517
1 496102 496103
1 571406 571408
1 1017402 1017404
1 963885 964019
1 375677 375679
1 130493 130525
1 708196 708322
1 891015 891021
1 902428 904516
1 149493 149518
1 477664 477665
1 463258 463259
0 578843 579051
0 119753 119754
1 618694 618701
1 809851 809852
1 903375 905359
0 501190 501191
1 736819 736820
1 386430 386437
1 783952 783959
0 612195 615661
1 657103 677335
1 295453 295455
1 764922 764925
0 398112 398113
1 922241 922335
1 593487 593551
1 793659 793660
0 537533 537539
0 126343 126344
0 37534 55537
1 125936 125939
0 838347 838350
0 827750 827757
1 668125 668126
1 347136 347141
0 570099 570100
1 737088 737089
1 1000200 1000217
1 362390 362393
1 745702 745704
0 486111 486118
1 871280 871320
1 116307 124320
1 95337 98592
1 644290 645823
1 700517 700822
1 397522 413935
1 396941 396962
1 90314 90351
1 242050 242896
1 932281 938155
1 603824 603826
1 571941 571942
1 313645 313922
1 675698 675699
1 789102 789103
1 177373 177375
1 706763 706889
1 19813 19986
0 1385 6109
1 358796 358849
0 782312 782313
1 960461 960463
1 400622 400629
0 105488 105498
1 655443 676581
1 678049 678051
1 613981 614116
1 410371 410377
0 537191 537485
1 647608 647619
1 675592 675593
1 955299 955739
1 820721 820737
0 535190 535483
1 265418 265503
0 787371 787380
1 245069 245616
1 180101 180106
1 768469 768537
1 1068633 1068661
1 592295 604479
1 263548 263549
0 288372 310299
0 246533 246539
0 642895 642947
1 933594 933595
0 101775 101784
0 850548 850549
1 895165 895166
1 877425 877427
1 45667 45829
0 1036358 1036359
0 356058 356369
0 585007 585009
1 799850 799852
1 675560 675561
1 992824 992825
0 297113 297129
1 565034 565035
1 583674 583676
1 1044606 1044611
1 635145 635148
1 925236 925350
1 843269 843279
1 649799 649800
0 947004 947167
0 373918 373939
0 934153 934158
1 240569 254516
1 318864 319411
1 143931 150746
1 369907 370079
0 147931 147933
1 742761 742772
0 294078 294080
1 898693 904220
1 312695 964249
1 908839 908840
0 377243 377244
1 135268 135269
0 577371 577478
1 1017777 1017922
1 464366 464367
0 628641 628643
1 504442 504464
1 215834 215835
1 559449 559867
0 971113 971399
0 971882 972137
1 401418 401422
1 902426 902437
1 599105 599289
1 324939 344118
1 388145 389338
1 669705 669712
1 1054736 1054744
0 864403 865372
1 552299 552307
0 934451 936486
0 459183 459184
1 382 802
1 1033030 1033032
1 355959 356570
1 982014 982019
0 269717 271466
1 751220 751221
1 601839 601861
0 33729 33731
1 751833 751860
1 613833 614107
1 13672 13673
1 361250 361260
1 462824 478719
1 789977 789978
0 43768 43865
1 820693 820694
0 322876 322878
0 448186 448187
0 769179 769205
0 835343 835344
1 54922 54923
0 639348 639426
1 958344 959286
1 368093 368536
1 304750 304751
1 49449 49462
0 599105 599289
1 1073225 1073226
0 350527 350536
0 399414 399425
1 367994 368165
1 165391 165402
1 360734 360736
1 659700 659701
1 648936 648979
0 680541 680543
1 638995 639075
0 734767 734768
1 252120 252849
1 25157 25159
1 537732 538231
1 499114 499579
1 777704 777779
1 752344 752345
1 224206 224864
1 874299 874300
1 252314 252321
1 632414 632459
0 733075 733089
1 366472 381969
1 1027888 1027889
1 715160 715161
0 399944 399945
0 942311 942313
1 117625 117874
1 449682 449689
0 602089 602090
1 438022 438024
1 785576 785764
1 581304 581313
1 338234 338235
1 212619 212620
1 401272 401297
1 32890 32987
0 312695 964249
1 79259 79524
1 924889 924903
1 246677 246856
1 759944 759957
1 934608 934610
1 473219 473220
1 668822 668825
1 614047 614509
1 596327 596332
1 641901 641902
1 569538 569539
0 644966 644967
1 906264 906266
1 619002 619845
0 953142 953401
0 766153 766155
1 601684 605944
0 895490 895493
0 8234 8244
1 125797 125803
1 495168 495169
1 653742 655234
0 502070 502262
1 387367 395565
1 73202 73203
1 508213 508214
1 269736 269745
1 840832 840833
1 444184 444185
1 923440 925226
1 404305 404326
1 79786 80336
1 615070 615374
0 467421 467422
1 5697 6081
1 766994 766998
1 811005 811018
1 785384 785385
1 63331 75142
1 928991 929133
1 711836 711837
0 330915 335258
0 405895 405899
0 401272 401297
1 1070478 1078754
1 716950 716951
0 295258 295260
1 342635 344764
1 679778 679780
1 345074 345077
1 126246 126247
1 302459 302461
1 411877 412818
1 477214 477220
1 42921 42922
0 853440 853466
1 229720 230163
1 563896 563947
1 874224 874225
1 551117 555816
1 324550 325189
1 266334 266400
1 328384 344646
1 437100 437111
0 576474 576475
1 33283 33321
0 398115 398123
1 715989 716301
0 468269 468440
0 79663 80161
1 776706 776708
1 463148 463149
0 491676 491679
1 226783 226785
1 985885 986129
1 836573 837578
1 784561 784562
1 914374 914412
0 722916 722918
1 106034 106036
1 699598 699601
0 953082 953083
1 96736 96756
0 260678 265702
1 981426 981427
1 717390 717391
0 521273 521280
1 572209 572211
1 526221 526223
0 1072195 1072196
1 472712 479088
1 933279 933280
0 568980 571050
1 429899 429900
0 220108 231049
0 500069 500072
1 567722 567744
0 989139 989166
0 451499 451929
1 151220 151221
1 86003 86035
1 349543 349577
1 865451 865468
1 1062473 1090015
1 910006 910305
1 103076 103089
1 510261 510263
0 680280 680377
1 765171 765172
1 454412 454517
1 715226 715227
1 386090 386092
0 127544 127545
0 821164 821165
0 199847 199848
1 685716 693925
1 96218 108317
1 181953 181961
1 943787 944133
1 732823 732824
0 144449 144451
1 142566 142567
1 927652 927792
1 924331 924434
1 636520 636523
1 734359 734360
0 757141 757145
1 639321 639353
0 12997 13036
0 637678 637679
1 901328 901758
0 782041 782044
1 1073498 1073505
1 774897 774898
0 101565 101566
1 231144 231233
0 77531 77533
1 391392 395630
0 335430 335955
1 758815 758816
1 460528 460547
1 723336 723338
1 407047 407101
1 796235 796237
1 992471 992472
1 422586 422588
1 209348 209355
0 461920 461931
1 567477 567478
1 121891 122266
1 476945 476946
1 1029894 1029895
1 968799 975743
1 642424 642427
1 72006 72007
1 879874 881548
1 763178 777934
1 760458 777860
1 114997 115048
1 100616 100622
0 761327 768731
0 358164 358165
1 988219 988220
0 125474 125702
1 643828 643829
1 628626 630128
1 41005 41006
1 219899 232819
1 725958 725959
0 14271 14548
1 239735 239737
0 846231 846234
0 563368 1058994
0 1017473 1017474
1 489106 489299
1 901712 902044
0 461471 461497
1 734443 735814
1 239989 239998
0 1087182 1087183
1 919588 919888
0 946692 946736
1 621089 621091
1 669284 669285
0 28648 28786
1 858758 858759
1 654385 654386
0 526112 526117
1 841998 842001
1 502026 503964
0 1060427 1090897
1 1080480 1088202
0 891038 891059
0 128961 129499
0 863677 867857
1 443676 443677
1 73611 73612
1 515254 515255
1 638817 638818
1 822700 823045
1 856355 867155
1 112291 112529
0 939906 940189
1 763644 763648
1 374960 374961
0 321247 321819
1 837832 838257
1 570775 570776
0 402351 402352
1 6060 6063
1 38836 38842
1 122907 122910
1 476715 476725
1 987853 987854
0 504376 506962
1 1017970 1028625
1 830439 830441
1 761788 761791
1 669768 669769
1 654867 654868
1 823290 823632
1 534038 534054
1 216978 216982
0 412164 412174
1 405073 405074
1 319571 319575
1 229542 229543
1 596236 596237
1 781393 783308
0 131070 131074
0 878717 878718
0 919520 920257
1 358584 358585
1 402240 413857
1 418110 432867
1 236645 238807
0 1063452 1075249
1 276456 276457
0 623994 624052
0 418349 419227
1 592837 592839
0 1066672 1066673
1 587821 587822
0 1006487 1006488
1 709439 709440
1 1069824 1069825
1 139693 139700
1 313832 314025
1 686382 686383
1 916352 916353
1 907701 919799
0 751690 751708
1 341458 341460
0 567030 567052
1 449692 458210
1 713971 713973
0 54041 54042
1 291947 309899
1 135062 135228
1 127964 128594
1 645943 645944
1 249120 249265
0 1084106 1086207
1 636584 636587
1 766965 766967
0 642355 642356
0 12473 12548
0 130493 130525
0 820747 820749
1 923974 925961
0 30722 30724
1 710774 710775
1 633754 634316
1 67334 67342
1 1074676 1074679
1 279754 279756
1 268402 268667
0 20947 34754
1 259383 263289
1 992671 992716
1 675083 678479
0 176229 176644
1 1062589 1062593
1 167555 167695
1 60752 60753
0 973858 973865
0 629421 630886
0 926792 926794
1 527134 527135
1 94104 94892
0 883708 884294
0 383318 384080
1 871486 871487
1 139687 139689
0 1022888 1022889
1 740835 741374
1 495089 495606
1 66674 66681
0 613385 613401
1 819937 819940
1 508349 508374
0 194453 215975
1 602215 602216
0 435685 435686
1 1080644 1080645
1 439827 439828
1 849272 849274
1 449068 449619
1 249537 249716
1 739784 740886
1 788729 789117
1 591112 591130
1 100063 100091
1 985191 985199
0 752309 752661
1 415124 415157
1 603339 603340
1 622829 622933
1 976194 976195
1 1009544 1009545
1 1055001 1055002
0 236886 236887
0 334842 334859
1 691316 691656
0 500164 500165
1 945587 945598
1 26783 26784
1 341616 341804
1 734210 749046
1 130950 132971
1 665030 665064
0 659828 659829
1 42438 42488
1 829889 829918
1 507632 507634
1 665322 665476
1 837002 837015
1 166649 166650
0 106583 106586
0 827777 827780
1 986234 986245
0 588743 588785
1 289170 289179
1 507520 507521
0 719375 719388
0 899529 899530
1 454011 454012
1 941574 941576
1 761401 761402
1 31972 31973
1 387341 387343
1 929467 929474
1 565374 565448
0 899632 899633
0 17118 17124
1 852533 852535
1 260172 260187
0 907701 919799
0 501156 501180
0 346568 346760
0 720309 720310
1 403013 403014
1 139836 139837
1 983195 983196
1 1069885 1069886
1 574788 574792
1 415470 415535
0 699871 700374
0 248602 248986
1 545883 551163
0 190442 190445
1 91007 91008
1 588884 601937
1 219944 219945
0 826282 826285
1 819636 819638
1 279339 279459
1 984007 984008
1 355039 355040
1 759980 779393
0 984576 986991
0 515993 515994
1 974481 977599
1 276797 276801
0 1035894 1035895
1 1028440 1028441
1 934433 934547
1 914799 914937
0 702595 702596
1 979506 979508
1 1030274 1030275
1 781218 781226
0 648383 648386
1 391620 391621
1 447307 447550
1 289470 300895
1 1081321 1081322
1 1017932 1017933
1 803662 803663
1 228516 228568
1 824866 824867
1 473447 474047
1 348565 353429
1 1082633 1082635
1 451000 451002
1 1018449 1018543
1 808113 815943
0 215708 215709
1 845623 845707
1 550584 550729
1 501052 501058
1 540284 540797
1 830507 830508
0 664170 664457
1 19723 19793
1 886484 886512
0 688927 688929
1 585018 585020
1 726781 726782
1 593315 593316
0 775145 775235
1 132171 132173
1 614906 614908
1 557185 561977
1 350792 351960
1 25028 25035
0 266334 266400
0 463620 463633
1 743055 743056
1 799758 799760
1 860743 860744
1 641353 641356
0 131823 131825
1 1020361 1021182
0 772774 772775
1 132471 132492
1 201453 210866
0 593417 593428
1 918275 918276
0 274870 274872
1 326282 326283
1 833612 833614
1 237218 237221
0 1072157 1072160
1 776491 776492
0 883763 883781
1 133501 133746
1 144492 144493
1 120468 120469
1 785342 785345
1 70845 74630
0 399959 399960
1 723200 723201
1 568951 568953
1 386599 386648
1 110622 110796
1 689962 689968
0 436569 436570
1 393341 393342
1 1051363 1051364
1 843695 843698
1 136846 136847
1 979552 979553
0 748628 748629
0 298804 302568
0 436341 436387
0 494755 495357
1 625164 625165
0 599946 599947
1 803675 804771
1 689833 689834
1 697796 697805
1 305258 305262
1 1022809 1022810
1 92237 92239
1 701326 701454
0 521138 521163
0 845967 845970
1 167769 171947
0 573777 573778
1 467063 467064
1 302046 302047
1 411352 411355
0 794915 794917
0 432785 432786
1 281210 281212
1 409345 409521
0 632978 632979
1 25638 25664
0 655997 656006
0 664166 664168
1 360632 360890
1 176928 176929
0 403442 403444
1 447016 458411
1 907881 907882
0 586447 592619
0 996390 996394
1 776351 776358
1 599526 599530
1 655432 655442
1 537311 537315
1 812827 812829
1 622181 622182
0 258116 258117
0 1015440 1015441
1 995180 995181
1 915210 915716
1 82116 82218
1 288462 288467
1 403083 403085
1 179743 179744
0 687594 687596
0 209923 209991
1 865031 865042
1 58595 76384
0 691503 691504
1 906840 910632
1 1083854 1083856
1 422896 432589
1 763102 763103
1 641368 641432
1 99002 99062
0 922161 922165
0 632839 634841
0 99423 99424
1 909761 909794
0 532772 537096
1 941629 950416
1 880387 888661
1 164350 164353
1 241194 241419
1 501815 502118
1 453869 453870
0 941081 941143
1 979882 979883
0 838814 838825
1 116971 116972
1 995032 995043
1 572526 572546
1 838892 838896
1 348824 348825
1 728655 728666
0 210523 210526
1 323510 329022
1 240840 240841
0 221411 221457
1 841287 841288
1 970470 970481
1 345827 354489
0 961015 961218
1 93692 103164
1 244058 244059
1 712877 712884
0 222406 222408
1 47174 47689
1 706305 706471
1 97312 97412
0 647608 647619
1 1040825 1040826
0 474396 474397
1 981659 981707
0 689833 689834
1 179177 179494
1 1056126 1056127
1 394510 395321
1 52331 52382
1 659521 659524
1 693945 693947
1 1038061 1038068
1 253187 253592
0 312450 312464
1 890894 890897
1 793807 793808
0 405741 405759
1 1070837 1070843
1 862065 862066
0 213914 213940
1 326718 327425
0 238027 238030
1 241706 254281
1 879648 879653
1 260228 261932
1 443972 443981
1 300799 300800
1 1072136 1084698
1 410782 410812
1 752433 752480
1 968863 969143
1 438992 439034
1 99540 99544
1 63930 63931
1 821537 824637
1 362716 363235
1 649499 649500
0 736870 736871
1 1015275 1016208
1 906591 906592
0 987716 988528
0 1081599 1081600
0 679598 679599
0 126643 126653
1 947185 947187
1 238035 238080
1 1017793 1018131
1 1071366 1075964
0 447307 447550
1 13858 992884
1 385380 386517
1 882640 882862
1 300204 300205
1 278635 279761
1 29253 29254
0 290218 290221
1 221717 223730
1 958645 959370
1 413986 413988
1 941748 941763
1 947130 947163
1 906639 906640
1 508471 508479
1 106705 106706
1 1018501 1018502
0 741403 741476
1 610685 611143
1 1039706 1039707
1 633492 633553
0 961925 962098
0 208005 208026
1 662488 662490
1 19671 19672
0 129515 129517
1 1039814 1039821
1 757898 759655
0 880376 886611
1 255868 256071
1 368412 368413
1 550011 555291
1 1058834 1058835
1 841706 841718
0 243199 243200
0 870860 870861
1 640722 640723
1 60631 64987
1 625117 625217
1 591856 591859
0 447518 452581
1 807987 807989
0 1040905 1040906
1 769500 769705
1 12933 12934
1 875917 876086
1 560122 560326
1 625488 625489
1 993679 993708
0 369809 369810
1 264484 264488
0 101300 101309
0 1042171 1042193
1 1032344 1032345
0 787531 787532
1 117810 118142
1 242438 242442
1 946840 946925
1 222752 223694
1 952007 952008
1 673549 673571
0 463148 463149
1 233533 233537
1 342202 342209
0 903230 903720
1 229931 230678
0 442645 442646
0 79693 91041
1 500980 500982
0 507333 507334
1 300182 415083
1 855054 855057
1 26444 26445
1 1036548 1036621
1 567378 567422
1 407031 407032
0 217829 217830
1 508738 508754
1 64183 64186
1 69203 69204
1 874591 874634
1 1029080 1035325
0 721922 721924
0 366895 366907
0 739015 749235
0 141400 141419
1 439654 440089
1 662736 662737
1 952094 952095
1 193710 198334
1 946981 949687
1 312707 312713
1 441548 441579
1 203769 203793
1 289597 311169
1 375189 375214
1 114480 114524
1 880895 880898
1 705435 706054
1 702438 708203
1 622657 622668
1 72370 72371
1 1050525 1052082
0 406832 406834
1 618323 619589
1 117426 117962
1 464317 464335
1 206396 206398
1 228676 228677
0 377495 378748
1 94765 94766
1 640833 640834
1 824041 824201
1 211498 211500
1 742685 750451
1 979053 979055
1 766777 766788
1 475651 475653
0 403407 403414
1 785223 790077
1 523138 523139
0 818112 818113
1 976689 976697
1 64219 74818
1 721347 721350
1 1033576 1033578
0 61636 61637
1 547489 556750
0 284926 285349
1 571396 571522
1 136335 136336
0 327937 328407
1 862180 862181
1 1074506 1074507
1 216128 216130
0 565310 565330
1 1018881 1018888
1 974506 974529
1 31961 32054
1 655231 655246
1 142066 142079
1 97059 97120
1 849508 849509
1 728015 728016
1 501287 501289
0 1035529 1035531
1 508258 508259
0 1001817 1001823
0 702238 707784
1 1081606 1081607
0 565374 565448
1 727079 727210
1 253258 253259
1 73547 73548
1 955369 955374
0 1026338 1026348
1 81363 81367
1 795355 795356
1 885756 885784
1 819376 819377
0 525239 525240
0 932281 938155
1 927159 927160
1 927163 927164
1 40345 40356
1 241011 243757
0 550706 550739
1 29130 29132
1 800444 800445
1 285487 285488
0 82854 82862
1 610982 611036
1 621953 629662
1 335645 336077
0 1076186 1076402
0 606532 607118
0 378466 378469
1 236968 236973
1 622113 622116
0 325995 325996
1 296148 297913
0 253179 253583
1 14107 14108
1 927917 937224
1 935217 935226
1 882384 882763
0 561360 561394
0 158515 158516
0 715707 721724
1 12151 12152
0 474097 476868
0 541481 541485
0 589457 589458
1 285410 285411
1 655722 655723
0 91007 91008
0 690398 690399
0 676067 676069
1 769778 769779
1 1023036 1028502
1 384146 384150
1 955236 955237
1 268624 268627
1 589211 589212
1 412063 412064
1 733175 733677
1 540476 540477
1 919342 919344
1 147559 750712
0 345812 345889
1 657947 657948
0 113099 113101
1 914839 914840
1 700593 701047
1 448131 448136
0 120778 120896
1 766495 766504
0 1081321 1081322
1 806803 807011
1 317871 317873
1 66946 66955
1 663265 663306
0 839198 839213
0 222032 222033
0 940428 941094
1 840513 840514
1 945201 945352
1 428789 428790
1 959033 967399
1 229000 229001
0 465033 465683
1 555235 555270
1 340176 343569
1 827352 838114
0 649504 649506
1 835807 835819
1 786361 786365
1 189364 189375
1 178009 178046
1 871902 872071
1 201423 213447
1 1080289 1080302
1 889405 889406
1 361521 361666
0 917488 921110
0 669810 669812
1 812638 812650
0 61736 61853
1 234297 234301
0 210150 210152
0 948333 948335
1 353082 954209
0 902836 903143
0 366191 366193
1 569663 569664
0 778704 778705
1 871999 872039
1 82670 82752
0 441384 441434
0 821267 821271
0 478036 478037
1 1033331 1033417
0 483331 483339
0 766994 766998
1 496297 496307
0 1080152 1080167
1 656039 656161
1 760713 760726
1 980892 980893
0 722114 722378
0 101695 101699
1 113197 113302
0 19735 19792
1 247715 247716
0 1045467 1045468
1 657341 657342
0 59650 59898
1 292377 292378
1 762273 762277
1 1066807 1080386
1 335020 335069
1 654417 654418
1 605443 605730
1 952259 952444
0 482482 482484
1 909809 910085
0 751371 751374
1 448466 448490
0 719382 719430
1 520636 520638
1 460059 480161
1 741760 747517
1 799813 799996
1 354147 354148
1 963901 963902
1 977104 977105
1 24259 24337
0 800415 800433
0 933009 933010
1 884545 885370
1 691037 694304
1 994152 994153
1 46716 46724
1 94510 108198
1 67807 67827
1 902971 902972
1 622162 622184
1 136588 136589
1 681704 681706
0 393076 393097
1 968754 968755
1 143623 143631
0 160034 160413
1 482465 967154
0 166780 166938
1 679194 696697
1 845944 845946
1 101411 101412
0 948745 950245
1 468212 468213
0 769237 769238
1 634425 634426
1 114907 114908
1 839056 839059
1 275732 275734
1 99758 99760
1 12165 12265
0 855869 855870
1 774631 774641
1 132543 132555
1 901918 904739
1 228224 228259
1 134383 134384
1 1032461 1032462
1 741026 741027
0 1032691 1032762
1 464802 470562
0 42561 42562
1 37150 37637
0 813849 813850
0 135268 135269
1 520893 520894
1 327635 327636
1 802715 802718
1 292764 292783
1 509158 509588
0 901649 901868
1 487132 487139
1 1056551 1056552
1 971478 971760
1 1036037 1050659
1 1067095 1067104
0 786756 786782
0 745715 745730
1 784391 784392
1 513800 527303
0 209499 209526
1 410014 410021
1 822460 825847
0 764031 764452
1 285263 285264
0 263581 263587
1 832701 832771
1 725476 725479
0 1069807 1069822
1 188522 188528
1 444839 445144
1 97283 97290
1 856354 856355
1 994896 994897
1 809245 810093
0 1083196 1083833
1 323351 323352
1 104427 107755
1 1081581 1081635
1 760167 777900
0 970325 970326
0 901023 901031
1 687413 687421
0 586544 586545
1 237541 238584
1 654709 654949
1 491753 492422
1 761329 761330
1 569109 569145
1 28617 28618
1 409626 409631
1 706663 706664
1 885963 886049
0 883757 883758
1 21765 21766
1 924694 924695
1 925927 925929
0 428268 428269
1 544593 545058
1 48922 48944
0 608280 608281
1 973200 974087
1 111449 111450
0 301288 301306
0 532876 533799
1 399187 399467
0 768021 768080
1 495837 496703
0 549464 556035
0 432387 432388
1 590856 604373
0 758307 758308
1 530894 534884
1 158849 170798
0 482494 482951
0 831379 831380
1 998810 998831
1 428248 428262
1 580649 580650
0 778301 778302
1 747232 747970
1 764736 764740
1 364995 366001
1 948236 948343
1 969080 969088
1 71513 71514
1 712000 713093
1 481408 481409
0 477235 479518
1 933574 933663
1 228355 228543
1 943030 943252
0 369430 369431
1 839016 839031
1 861871 861872
1 990354 991095
0 1074195 1074200
0 479482 479483
1 926278 926280
1 240072 240074
1 63317 63318
1 305386 305387
1 722687 722709
0 947274 947277
1 622543 622555
1 792743 792765
1 74332 74333
1 265174 265228
1 640040 640041
1 31074 34694
1 798046 798048
0 909641 909642
1 199611 199613
0 422863 422874
1 942841 942842
1 1031024 1031064
0 618323 619589
1 805908 805929
1 432262 433185
0 915184 915185
1 732100 732555
1 832049 832050
0 1003951 1004245
1 913834 913835
1 788836 788837
0 417541 417638
0 1068869 1087552
1 691077 691078
1 46378 46410
1 173342 174083
1 428874 428875
0 814402 814403
1 379643 379647
0 57353 57354
0 408842 408843
1 199726 199729
1 323940 325375
1 996474 996523
1 179019 179021
0 69048 69054
1 298959 298960
0 228224 228259
0 448466 448490
1 769830 769831
1 766000 766018
0 1048043 1048051
1 82350 91374
0 641215 646138
1 683547 683604
0 995337 997617
0 116667 116668
0 49918 49934
1 77589 77995
1 587373 602045
1 324230 344078
0 750976 750977
1 1036035 1036036
1 193637 215125
1 467365 467366
1 615636 615638
1 6931 6932
1 598979 599051
1 958714 958721
1 53129 53208
1 127317 127330
1 811148 811150
1 918054 918055
1 1064333 1064334
1 577023 579332
1 665899 665928
1 435578 439352
1 420581 420600
1 810161 811864
0 737339 737340
0 939848 939850
1 1046457 1047193
1 510165 510206
1 545286 545287
0 406091 406113
0 898898 899127
1 927280 930100
0 79669 91425
1 1083318 1086904
0 222550 222600
1 625913 625943
1 775963 775964
1 1078458 1078460
1 163239 163280
1 589068 589069
1 335164 337978
1 803365 803390
0 272479 281718
1 35563 35567
1 591353 597560
1 565282 565283
1 1051673 1051674
0 197721 197723
1 962906 963172
1 1062497 1062498
1 680566 680567
0 497336 497349
0 756185 757069
1 160620 160621
1 747125 747126
1 226219 227863
1 913384 913396
1 750802 767872
1 226257 226268
1 624880 626789
1 368811 369361
1 540259 543836
0 268398 268399
1 665694 665696
0 67334 67342
0 624637 624639
1 800802 800806
0 1027703 1027747
1 1005507 1005686
1 1064638 1090145
1 138921 138958
1 773369 773375
1 386610 386780
1 579137 579138
0 940427 941181
0 529416 529417
1 41090 41091
0 52653 52688
1 660151 660180
1 1071062 1071064
0 464327 464550
0 289365 289383
0 209767 209775
1 422412 422413
1 95843 95844
0 402511 402512
1 52230 52244
1 715286 715287
0 1028549 1037139
1 560203 560361
1 972484 972651
0 343077 343083
1 442704 442705
0 727228 727322
0 71148 71150
1 451954 452076
1 939117 941728
0 81317 81454
1 306219 307079
0 1005938 1009557
0 65424 65436
1 649699 649700
1 524160 524209
1 86324 86357
1 788909 788919
0 71989 76182
0 817079 817384
1 776759 776773
0 938683 938685
1 66923 66924
1 912342 912517
1 464986 465698
0 699294 699297
0 324110 324229
0 1070316 1070320
1 741305 741642
0 871280 871320
1 558547 558548
1 181061 181073
1 862144 862152
0 193928 198565
1 40416 55576
1 336870 336872
1 985084 986111
0 784728 784826
1 734732 735562
1 758845 758849
0 450927 450953
1 793716 793717
1 462400 462411
0 540320 540321
1 688427 688429
1 145501 145502
1 785329 785345
0 901747 901748
1 196827 196831
1 1055712 1055713
0 886 944
1 641590 641595
1 405623 405632
1 356574 363965
1 189301 189302
1 1039511 1039552
1 245385 245422
1 984225 984257
0 1077543 1077806
1 253213 253214
1 49137 49285
1 338057 338669
1 1080304 1080305
1 622313 622319
1 789948 789949
1 326781 326790
1 144389 144971
0 125056 150837
0 37135 37149
1 289970 289978
1 448643 448895
0 1049914 1049915
0 303817 303818
1 268157 268172
1 41406 41408
1 461749 461750
0 536003 536401
0 162207 162209
1 514579 514581
0 18432 18448
1 2047 2049
1 17879 17880
1 591378 591408
1 307573 307575
0 488703 488704
1 199070 199071
0 375189 375214
1 125645 125646
1 24854 24974
1 64938 65594
1 1007321 1007324
1 316371 316558
1 487171 487525
0 302778 302779
1 740551 749444
1 958978 959597
1 668541 678697
1 337449 337450
1 932336 937673
1 175928 176071
1 1071679 1071680
1 955894 956047
1 1077590 1077592
0 489068 489409
0 145387 145393
1 284403 288860
0 316415 317016
1 672853 672854
1 97618 97625
0 378641 378661
1 63172 75763
0 928232 937287
1 302097 302098
1 553324 553348
0 94024 94632
0 497492 497630
1 916845 916847
0 622597 622610
0 987394 987395
0 995134 995143
1 321130 322202
1 897805 905225
1 61307 61322
1 700474 700815
1 223866 223867
1 884744 884758
0 558338 558344
0 832131 832135
0 212619 212620
1 811280 811281
1 893135 893136
1 166030 170536
1 341101 344814
0 404542 404553
0 140085 140895
1 213963 213964
1 158522 158658
1 615205 615222
1 860700 861280
1 1081963 1081965
1 143908 143916
0 884398 884435
0 338653 338655
0 905491 905773
0 722687 722709
1 178965 179266
1 1004495 1011522
0 653632 657932
1 1055913 1055914
1 657564 657639
1 1040249 1040250
1 543100 543233
1 41921 41922
1 59684 59739
1 897790 897792
1 334880 334980
1 365673 366019
0 94104 94892
1 1008682 1008683
1 208732 208736
1 689425 695036
1 1088944 1088945
0 220240 220394
0 755979 755982
1 259438 259446
1 1024952 1024955
1 269677 269688
1 892151 894652
1 84079 84749
1 821788 825614
1 388965 389355
1 499854 500021
1 313173 313175
0 1004886 1005133
1 271299 271302
1 654614 654615
1 657908 657909
0 1066708 1066709
1 802518 802524
0 393341 393342
1 112184 124606
1 113549 113551
0 444880 445095
0 2699 2704
0 809245 810093
0 295716 298868
1 430246 430247
0 372074 372535
0 692036 692037
1 915527 915778
1 731805 731806
0 950821 950823
1 466615 467428
1 829717 829718
0 834157 834168
1 927672 927673
1 221690 221692
1 773356 773425
0 118607 118609
1 580926 580958
1 367835 367859
0 477230 477263
1 544268 544270
1 243673 243676
0 416125 416606
0 692038 692040
1 61873 61880
1 881164 881165
0 538036 538309
1 90529 90535
1 8168 9006
1 349016 349026
1 149924 157271
1 67095 67096
0 190029 190039
0 521995 521996
1 713448 717298
1 429216 429292
1 855219 855220
1 770047 771783
1 873066 873086
1 814222 814223
0 19755 19785
0 550111 550112
0 580649 580650
1 551986 551987
1 9428 9446
1 865310 865311
1 673386 673487
0 404616 410238
1 685297 685342
1 629955 629956
1 532273 532323
1 904179 904181
0 285410 285411
0 323351 323352
0 468212 468213
1 635232 635239
1 1090351 1090352
1 726014 726015
1 900069 900179
1 335140 335149
0 1033030 1033032
1 1034306 1034307
1 458790 477264
1 274032 274035
1 430313 430316
0 245426 245439
1 887812 888660
0 1066574 1066576
1 438839 438960
0 117728 117925
1 260992 261773
1 345790 345799
1 375391 375413
1 1041037 1041048
0 723143 723559
1 84097 84098
1 735105 735106
0 901183 904026
0 97976 97995
0 181315 181316
0 126717 127397
0 29124 29125
1 31159 31160
1 100210 100221
1 774281 775033
0 682361 682407
1 905928 905940
1 848165 848181
1 856828 856842
1 302503 304496
1 985133 985154
0 1009308 1012515
0 166237 166239
1 243441 243449
1 978698 987296
1 700572 700578
1 196080 196081
1 847573 849643
1 823460 823463
1 149936 149939
1 966020 966066
1 298416 298417
0 576837 576875
1 104743 105652
1 683583 683595
1 689496 689497
0 272508 272681
1 454913 454915
1 797425 797429
0 466018 466019
0 153893 153894
1 842125 842126
1 903457 903458
1 9773 9784
1 795700 795705
0 54830 54831
1 829124 830355
1 402890 402891
0 793807 793808
1 650092 652024
0 743841 743846
1 771622 771646
1 138124 138129
1 473942 473945
1 62292 62293
1 927259 927260
1 360486 360850
1 667727 667728
1 787737 787738
1 984447 984448
1 297861 297862
1 105016 105019
1 467517 467522
1 285055 285062
1 898555 898576
1 846275 846398
1 194985 194994
0 886935 896448
1 738098 738099
1 727534 727535
1 665823 665827
0 679254 679378
1 768022 768023
1 167469 167477
0 456637 456691
1 387802 387803
1 960746 961388
1 230144 230285
0 311032 311034
1 495621 495622
1 429356 854484
1 673892 673925
0 569231 569232
0 1044251 1044252
1 337595 337875
1 776139 776140
1 888020 888040
1 736171 746981
1 117481 117788
0 862196 862219
1 652789 652790
1 591598 591798
1 391541 391542
1 149525 150623
1 428655 428658
1 791079 791102
1 981258 986836
0 884054 884055
1 114591 114592
1 935304 935314
1 40052 40053
1 903474 903657
1 802884 802885
1 472425 472426
1 305717 305719
0 453185 453190
1 447085 447086
0 524160 524209
1 788902 788903
1 439545 439546
0 504884 505190
1 727399 727401
1 478041 479169
1 387994 387995
0 529151 529592
0 79011 79013
1 624781 624783
1 142133 142231
0 506822 506823
1 255521 255522
1 975807 978186
1 1003236 1003594
0 671038 671039
1 285163 285753
0 21114 21136
1 849659 849662
1 534352 536643
1 429702 429703
1 325360 334272
1 799914 799915
1 657938 657939
0 325773 325778
0 295182 295183
0 183147 183297
1 119805 119817
1 270016 282042
0 340301 340754
0 389218 389311
1 1027106 1027107
0 137481 137482
1 784095 784137
1 1055533 1056598
0 86003 86035
0 934900 934904
1 915683 915760
1 557924 557930
1 185292 185769
1 671903 671905
0 81516 81556
1 352724 352725
1 128479 128486
1 967050 967227
1 86803 86807
0 763304 778037
1 107674 110034
1 881852 881854
1 782111 783360
0 448042 448488
1 348431 348432
1 649768 649769
1 771468 771475
1 326552 343389
1 835620 835622
0 424279 424281
1 949103 949104
1 336273 336275
1 933831 933870
0 534060 534065
0 649768 649769
1 178721 181917
1 24227 24240
0 114065 114067
1 627734 627735
1 383731 383862
1 396621 397314
1 480954 480956
1 415162 415942
0 357177 365312
1 83196 83205
1 1040179 1040181
1 697604 702425
1 459470 473872
1 550279 550280
1 896928 896929
0 314933 315118
1 837734 837735
0 190101 190122
1 5005 5063
0 706129 706654
1 736534 736535
1 538264 538353
1 714464 714957
1 774232 774233
1 781855 781857
0 244899 244907
1 206931 208123
1 525468 525477
0 7440 7527
1 574278 574279
1 871415 871416
1 487232 489460
1 1006111 1006138
0 709040 709051
0 291486 291492
0 927163 927164
0 350059 353418
1 126842 126899
1 593231 593232
1 802420 802421
0 909482 910171
1 187294 213993
1 886688 886689
0 621590 621616
0 179723 179725
1 754354 754355
1 118721 118722
0 758743 758744
0 302097 302098
1 760531 778275
1 161839 161868
1 709357 709419
1 612336 617848
1 714930 717861
1 1066514 1066515
1 563376 563377
1 167445 167450
1 75452 75454
0 878547 878548
1 784984 784985
1 533190 533191
1 880795 881198
1 935056 935058
0 252080 252082
0 935240 935255
1 743496 744579
1 732511 732512
1 722679 722680
1 607191 616239
1 628879 628880
1 487187 487220
1 421774 421776
1 273239 282232
1 1004155 1004156
0 202751 202803
0 202157 202159
1 536907 543580
0 4033 4034
1 100107 100125
1 811642 811643
1 708642 708643
1 356900 365422
1 569454 569455
1 873850 874006
1 489836 489837
1 152877 152880
1 867868 867869
1 176699 177255
0 77675 77685
1 681997 683268
0 518023 518156
1 798735 798739
0 259321 259322
0 659521 659524
1 174335 184665
1 510150 510254
0 870554 870555
1 638397 638398
0 802479 802482
1 346744 346750
0 948036 950331
0 285601 285602
1 658003 658004
0 856079 856264
1 161361 161367
1 778070 778071
1 78840 90799
1 975422 975424
1 880160 880162
0 934395 934397
1 831309 831312
0 671648 677916
1 886104 887896
0 397515 397521
1 997048 997049
1 988115 991390
1 616960 616962
1 59571 76442
1 972039 972094
1 754043 754044
1 955187 955194
1 683408 683409
1 829454 829456
1 401045 401051
1 804831 805303
1 11606 11659
1 339209 339214
0 356896 356902
1 1047891 1047892
1 797008 797009
1 332850 332852
1 462494 465916
1 335741 336064
1 723210 723690
1 770890 770893
0 426102 426104
1 377785 378031
1 25185 25202
1 1035962 1042244
0 764116 764117
1 1051886 1051887
1 172051 172133
1 163525 171230
0 763005 763013
1 230232 230234
1 1047904 1047916
1 871568 871594
0 915302 917399
0 877662 877681
0 852408 852772
1 27310 28207
1 314823 314824
0 174506 174527
1 480863 480867
1 576350 576351
1 393835 393836
1 232208 232550
1 969967 970127
1 1057242 1057243
1 52139 52141
0 141406 141410
0 960746 961388
1 703916 704100
0 489836 489837
0 1002666 1002841
1 719620 719676
1 339918 339919
1 687263 687375
1 734854 735773
1 710944 711201
1 1084688 1084763
1 85151 85590
1 824057 824060
1 973570 974044
1 1059030 1059031
1 1077773 1078391
1 183352 183396
1 1081866 1081877
1 359015 359016
1 168734 168736
1 401888 401901
1 133772 151267
1 82524 82526
1 936118 936122
1 570966 570967
1 606905 608910
1 57180 57190
1 724918 725300
0 302097 302099
0 965872 965917
1 447909 447928
1 998905 999432
1 276453 276454
1 373934 374416
0 939792 939807
1 818099 825553
1 402281 408027
1 881073 881074
1 664314 664315
1 665911 665913
1 495295 495296
1 937401 937402
1 854499 854921
1 532995 533017
0 80923 80936
0 803429 804870
1 804376 804390
1 583325 599285
1 666445 666446
0 470873 470906
0 681928 681929
1 486412 486413
1 518062 518064
1 1030523 1030524
0 6860 7510
0 194285 194288
1 338126 338683
1 1015936 1015938
1 542342 542344
1 287353 287354
1 521501 521951
1 655000 677771
1 804456 804460
1 875109 875111
1 397760 413502
0 784323 784412
1 642002 642023
1 633462 633854
1 727790 727792
1 843106 843263
1 642259 642261
1 689011 696780
1 652645 652920
0 686577 686706
1 218733 229482
1 16212 17765
1 545759 545760
1 274675 274756
1 999141 999789
1 564627 575789
1 912483 912485
1 593360 593361
1 996575 996576
1 537468 537471
1 581687 588434
1 704416 704423
1 180035 180180
1 374812 374813
1 714166 714168
0 69329 69335
0 583674 583676
0 25897 27978
0 974506 974529
1 407887 407889
1 84235 84832
1 934430 934691
1 78311 78312
1 600438 600440
1 328767 328768
0 125109 125301
1 418554 418562
0 383337 383449
1 689101 689102
1 1025945 1026159
1 407752 411841
0 65211 65214
1 989537 989670
1 958763 958768
0 685124 685527
1 635513 635515
1 871662 871663
1 159969 159983
0 909573 910342
0 658914 658933
0 332748 333423
0 917288 917292
1 1001846 1004003
0 639707 639714
1 536211 536212
0 172637 172655
1 611821 611822
1 828351 828419
0 781393 783308
1 811418 811779
1 1043255 1043256
0 402240 413857
1 713593 713601
1 620925 621284
0 910356 910360
1 765409 765422
1 309855 309856
1 723289 723299
1 141579 141584
1 483434 483438
1 741365 749350
1 700601 700909
1 660061 666133
1 726334 728617
1 65046 65047
1 1037025 1037050
1 422225 422259
0 217389 217392
1 196587 196624
1 809613 810096
0 53381 53382
1 243291 243292
1 226522 226523
1 830724 830725
1 760595 760631
0 811057 811059
1 99370 99391
1 1083194 1085430
1 275528 275529
0 452213 452215
1 1041860 1041884
1 207796 210802
1 239282 254764
1 1068132 1068746
1 965161 965164
0 477214 477220
0 732155 732156
1 1493 1624
1 981397 981399
1 59938 59939
0 140348 140350
1 662266 662267
1 1019782 1019784
1 1073985 1090428
1 484001 484002
1 743355 743789
1 338118 338129
1 409771 409799
1 49934 49939
0 927510 927512
0 360588 361945
1 20528 20627
0 535561 535562
1 222478 223091
1 112874 113353
0 939914 940098
0 422789 422795
1 58484 58941
0 916880 916881
1 265076 265079
1 848362 848365
1 301856 302016
1 452203 452204
1 938933 939054
0 567723 578828
0 514281 514282
1 692265 692267
1 797902 797903
1 675523 675525
0 711512 711513
1 1009879 1009888
0 647970 647971
1 207557 207566
1 396860 396869
0 375677 375679
1 787719 787722
1 327683 328251
1 481092 481093
1 545198 545448
0 375174 375191
1 722186 722187
1 660601 660602
0 638706 638707
0 870698 870923
1 1073122 1073639
1 627873 627892
1 731614 731723
0 805537 805547
0 885771 888004
1 697278 697286
1 119753 119756
1 132855 132856
0 560173 560334
0 893161 893251
1 132201 132202
1 245434 245468
1 429257 429276
1 481498 481612
0 68103 68123
1 482541 482547
1 275132 275134
1 536979 536980
1 152269 152270
1 495371 495383
1 389720 389722
1 96627 96631
1 870631 870756
1 842292 842342
0 448343 449413
1 920384 920577
0 935415 935416
1 204399 204400
1 367221 446336
1 1028856 1028857
0 465082 465976
0 303956 304164
1 667754 667757
1 570390 570392
1 118864 118887
0 591353 597560
1 504889 505394
1 795691 795694
1 611574 611575
1 916162 916530
1 241133 241146
1 793894 802489
1 718648 718834
1 900397 900602
1 700936 700956
1 641026 641027
0 566193 566194
0 523142 523143
1 970378 970826
1 1009308 1012516
0 114788 122755
1 808695 808898
1 93351 102898
1 41573 41574
1 299058 299090
0 165218 165232
1 377684 377689
1 417787 433703
1 382896 382929
1 146566 146581
0 699902 699920
0 358993 358995
1 74596 74597
1 806070 806073
0 856082 856084
1 135571 135684
1 332699 332701
0 411174 411175
1 202121 202130
1 577620 577621
1 167881 167889
0 892890 896147
0 46315 52946
0 416707 416708
0 473663 473665
1 628781 628835
1 995457 995459
1 225282 225303
1 491825 492454
1 693173 693174
1 919410 919420
0 1053360 1053363
0 9773 9784
1 338174 339046
1 699894 699922
0 602950 602951
0 565652 565653
0 349220 349264
0 843269 843279
0 1031552 1031553
0 808175 808669
1 706261 706262
0 546395 546396
1 369433 370384
0 794317 794324
1 356444 356445
1 898495 898501
1 709737 711038
1 146969 146971
0 121051 121052
0 331048 331807
1 751887 751904
0 979882 979883
1 754504 779520
0 517738 517739
1 26396 26397
1 359395 365171
1 889473 889474
1 997339 997341
1 731393 748616
1 960873 960879
1 355510 355511
0 775522 775525
0 907428 907440
1 1014623 1014624
1 209854 209856
1 519380 519579
0 785329 785345
0 307815 307865
0 356900 365422
1 238624 238625
0 258999 259003
1 707697 707698
0 969080 969088
1 923863 924142
1 753655 753664
1 638735 638751
1 946533 946535
1 26090 26115
1 83060 83061
1 760046 760050
1 717978 717979
1 444431 455859
1 87422 87423
1 64309 64310
1 353025 353075
1 26313 26314
1 541223 541247
1 501676 503903
1 383948 384185
0 918560 918871
1 177217 177218
1 302766 302786
1 201305 201317
0 724302 729511
1 396662 398735
1 1008616 1008617
1 41851 41852
1 312511 964162
0 495837 496703
1 854125 854132
0 63388 76127
1 972372 972373
1 318809 321399
0 133979 134040
1 75153 75154
0 630045 630046
1 473817 473818
0 688537 688539
1 82060 82061
1 394968 395350
1 111906 111909
0 165799 165800
1 721938 721943
1 767379 767891
1 28995 28999
1 506092 506115
0 928991 929133
1 196630 196637
1 625886 625894
1 846666 846684
1 355609 355610
1 473827 474580
0 306092 306102
1 13766 13804
1 169947 169948
1 104386 104389
0 843505 843507
1 51237 51238
1 1067193 1087626
1 952415 953380
1 889613 889614
1 811201 811202
0 941173 941673
1 801270 801271
1 413129 413130
1 72192 72341
0 568287 572599
1 708736 708737
1 1038291 1038299
1 870997 941750
1 1045295 1045296
1 48412 48427
0 451456 451460
1 129 137
1 231221 231668
1 522611 522613
1 251364 251365
1 236646 236651
1 129092 136822
1 444514 445780
1 377726 377727
1 195107 195114
1 369023 369049
1 766611 766647
1 814178 814323
0 712772 713386
1 371799 371929
1 849024 852899
0 1023498 1023499
1 991263 991264
1 75161 75691
1 314955 315872
1 62898 62899
1 406896 406947
0 1016108 1027959
1 62329 62330
0 930570 931013
1 44630 44740
1 208444 208466
1 960688 960691
1 925253 925259
1 536952 536955
1 481330 484536
1 630313 630691
1 1024921 1024922
1 931384 933827
1 912798 912963
1 632164 632278
1 240165 240169
1 2081 3138
0 62240 62241
1 1005300 1005301
1 710760 711055
0 908459 908460
1 461261 463103
1 141589 141590
1 125694 125819
1 19960 19961
1 890338 890582
1 377610 377838
1 37719 37721
0 148303 150815
1 528618 528658
1 125548 125549
1 780784 805304
1 491974 492654
1 890855 890857
1 296091 296115
1 467863 467867
1 650286 650292
1 732992 732995
1 126564 126566
0 929604 929616
1 509316 509497
1 537183 537316
1 935553 935554
0 603945 603947
1 232945 232955
1 889174 889175
1 520255 520256
1 122269 122270
1 78987 78999
0 281172 525380
0 355799 355813
1 203547 203548
0 1075255 1075262
0 681589 696752
1 836134 836137
1 483341 484432
0 619269 619285
1 236370 236469
1 419536 419540
0 464819 464865
0 508642 508649
1 228716 228889
1 510668 510676
1 533141 533142
1 1044409 1044412
0 282096 282103
0 553712 554709
1 1009082 1012648
1 728762 728763
1 258467 258478
1 968971 968972
1 113486 113494
1 398290 398461
1 367351 446329
0 935217 935226
0 566364 566365
1 739835 739836
1 157754 157759
1 996212 996213
0 876913 876914
0 935468 935475
0 663129 663130
1 8149 8155
1 121976 121977
1 40915 40922
1 932357 937672
0 776785 776788
1 125617 125870
1 665889 665947
1 429565 429571
0 426983 426994
0 604599 604601
1 1071363 1071488
1 689411 689423
0 898486 898487
1 197609 197613
1 15921 15928
1 618954 619778
0 661945 661946
1 252267 252306
0 427190 427196
1 631428 633557
0 150821 152464
1 98245 98291
1 398325 411171
1 613065 613066
1 129131 129135
1 872436 875101
0 689101 689102
0 1027709 1027710
1 532897 533575
1 168077 168078
1 96314 96315
0 631037 631038
1 177699 183941
0 745280 745282
1 558999 559001
1 326630 326634
1 251300 254031
1 619930 619935
0 824041 824201
1 52944 53034
0 946058 946059
0 187009 187825
0 700969 700972
1 248754 248756
0 681125 681126
1 339358 339359
1 172913 173067
1 181947 927684
1 575034 575035
1 672512 672637
0 929933 930040
0 839056 839059
1 1034134 1034187
0 404604 404606
0 241194 241419
1 239993 249014
0 19546 19899
1 113874 114222
1 55328 55331
0 490089 491518
1 1033761 1033763
0 233320 235124
1 643465 643467
1 169871 169873
1 413755 413756
0 981538 986700
1 931208 931387
0 1019800 1021378
1 740135 740154
1 736556 737262
1 446538 446541
0 646205 646206
1 509313 509314
1 277433 277437
1 587244 587281
0 474823 475091
0 980378 980405
1 432394 432453
1 498139 498140
1 46536 46538
0 37719 37721
0 243560 244024
1 67160 67162
1 922981 923215
1 670690 670693
1 830657 830705
1 40076 40079
1 1045235 1045241
0 53129 53208
1 574855 579262
1 743412 743413
0 775660 775684
1 325342 325354
1 417899 417930
0 405215 405216
0 715160 715161
0 204241 204246
1 339617 344237
1 141590 141591
1 371659 371842
1 974634 974656
0 810222 812363
1 385356 389513
1 561645 561646
0 473827 474580
0 548809 548811
1 237297 254471
1 524306 524771
0 463146 463779
1 170 171
1 163986 163990
0 496085 496086
1 44341 44468
1 576465 1010023
1 955197 956948
1 731924 731925
1 188775 189980
0 687673 687674
1 315564 315565
1 405801 405802
1 821235 826680
0 197609 197613
0 81244 81431
0 480922 481294
1 686641 686642
0 248077 248079
1 846363 846366
0 1073225 1073226
0 757103 776977
1 179179 179491
1 43442 43443
0 436835 436846
1 711519 711521
1 117643 117877
0 443815 444298
1 852322 852323
1 707517 707520
1 84287 84973
0 663972 664002
1 241172 254294
0 715487 716703
1 586738 586739
0 11334 11335
1 906093 906094
1 1066795 1066796
1 907911 907919
1 174886 174890
0 141910 141911
0 540071 540152
1 30905 31276
1 542857 543071
1 871434 871437
1 16399 16400
1 249002 249003
1 224791 224792
1 174109 174112
1 285068 285069
1 472094 472097
1 103160 103162
0 200275 200280
1 303397 308234
0 418376 418381
1 524316 524317
1 554262 554279
0 476122 476143
1 329906 329910
1 268382 268837
0 727399 727401
1 253215 253217
1 217677 217678
1 287789 292901
0 327891 327892
1 312376 312380
1 682130 682301
0 515229 515230
1 137532 137535
1 172453 172588
0 398325 411171
1 166869 169769
1 290115 290116
1 724019 724020
0 418302 418304
1 552712 553191
1 175052 175054
0 756680 756684
1 9528 10104
1 935957 935978
1 426678 426690
1 105048 105049
0 305034 415915
1 1019110 1019930
0 534708 535360
0 821537 824637
1 882086 882087
0 455005 455012
1 605320 605321
0 274519 274520
0 793770 793772
1 919154 919155
1 342849 342851
1 554044 554046
0 438338 439003
1 1038254 1038256
1 766995 767034
0 122908 124550
0 946139 946142
0 387367 387473
1 200135 200990
0 400527 401563
1 623919 626707
1 547154 547162
0 870808 870903
1 666333 666334
1 272415 272416
1 46740 46741
1 763468 763481
0 759838 759849
1 628270 628278
1 997314 997342
1 499698 499701
0 880489 880741
1 1043800 1043802
1 552151 552152
0 699685 700048
1 311628 311782
1 1056566 1056586
1 1026295 1026297
1 367591 367732
1 586448 586628
1 17998 17999
0 338102 338103
1 665438 676928
1 508124 508355
1 347032 347243
1 886112 886145
0 775345 775347
1 133995 133996
1 922291 922362
0 119805 119817
1 541905 541906
0 247698 247822
1 1069008 1069020
0 564370 564371
1 536270 536271
1 357805 361895
1 332670 332697
1 447166 447167
1 808997 809589
1 762882 762883
0 214442 214445
1 157865 169402
1 891736 891747
1 63977 63981
1 18957 19019
0 541205 541208
0 1076389 1076390
0 618954 619778
1 258653 259906
1 742480 742504
1 294287 307068
1 578241 578242
1 199302 212042
1 946870 946876
1 567583 567584
1 925418 925645
1 299218 299219
1 992193 1000361
1 521588 521601
1 421414 421416
1 984512 984513
1 286285 286312
1 774106 774107
1 601266 601267
1 928549 928555
1 786713 786881
0 702105 702139
1 761775 762707
1 95820 108340
1 857461 857462
1 444045 444236
1 603183 603194
1 1054465 1056209
0 49449 49462
1 237837 237838
1 672259 672261
1 257297 257304
1 913603 913604
1 650748 800220
1 300555 300600
1 560940 561292
1 1079842 1089629
1 218063 218780
1 796918 796919
1 378139 378140
1 397076 397077
0 332505 332513
1 862631 862678
0 579060 579575
1 718765 718768
1 1033776 1033777
1 200912 200914
1 409154 409157
1 157638 157639
1 156002 156003
0 179295 179297
1 369802 381643
1 364308 364508
1 1002832 1003342
0 922249 922346
1 561700 561701
1 1054799 1054803
0 272366 280583
1 216979 216980
1 30877 30881
1 90349 91733
0 111869 111939
1 189273 189274
1 1021698 1021710
1 1031881 1031882
1 774307 774308
1 877654 877667
1 1008136 1012239
0 335164 337978
1 422320 422355
0 704416 704423
0 473263 473265
0 889613 889614
1 1041372 1041376
1 255541 258056
1 644888 644889
1 900500 903483
1 739556 739557
1 740450 740451
1 906525 906526
1 765953 765956
0 928753 929349
0 928181 928646
0 745702 745704
0 13873 13876
1 753526 753531
1 167416 167417
0 830071 830074
0 602710 602715
1 984160 984197
1 608169 608170
1 955266 955499
1 496989 496994
1 883184 883185
1 268879 282785
1 152658 152659
1 1055070 1055071
1 477904 477962
0 928738 928739
1 101490 101491
1 365311 365900
1 390401 390402
1 813961 814226
1 563680 563681
1 347307 353460
1 785087 785088
1 45626 45627
1 370402 381433
1 818910 819206
1 1083263 1083264
1 704978 874360
0 261284 261285
1 822946 823074
1 382755 382924
0 790798 790802
0 687606 687614
1 836653 836656
1 732269 733188
1 466905 466907
1 341385 341387
1 727526 727540
1 952204 952213
1 968583 968585
0 735359 736042
1 469439 469874
1 760797 760802
1 20626 20627
1 860316 860318
0 245957 253997
1 795898 795899
1 408415 408416
0 116647 116942
1 460223 460230
1 773042 773072
0 347431 347433
1 844417 844419
1 317917 318136
1 817697 817698
1 646103 646111
1 200488 200667
1 853765 853769
0 415167 415170
1 427473 427477
0 96314 96315
0 683408 683409
0 615717 615795
1 939411 939543
1 439882 440395
1 834192 834195
1 376473 376475
1 573995 574019
1 740622 741084
0 935670 935793
0 262207 262216
1 716226 716227
0 741305 741642
1 536343 543200
0 522445 523261
1 1058373 1058375
1 1017924 1017926
1 105984 106115
1 246517 247013
0 590954 590966
1 629139 629185
1 1073995 1077113
1 472312 472314
1 654705 654737
1 249641 249928
1 898913 903936
0 725814 725816
0 146908 146910
1 568132 568146
0 700324 700325
0 567716 567807
0 568654 568658
0 705115 705129
1 565636 565637
1 713767 713979
0 789977 789978
1 765398 765416
0 138696 151940
1 425157 425160
1 984498 986967
1 928815 928821
1 670503 670598
1 509925 509926
1 99493 99501
1 897579 897650
1 273217 273333
0 844201 844207
0 348852 351203
0 1066807 1080386
1 481116 484336
0 159736 159789
1 271789 272155
1 507598 507612
0 1055932 1055962
1 990911 995550
0 244097 244298
1 932190 932191
0 177151 178166
1 448472 448961
1 941948 941955
0 49719 49720
1 860373 860402
1 87412 87611
1 982246 982247
1 658304 658305
1 700242 700243
1 319652 320089
1 536213 543654
0 702350 702354
1 743623 748180
1 258898 259203
1 1026766 1026769
0 805766 806529
1 610605 611127
0 502319 502321
1 102602 102603
1 824344 824345
1 503209 503211
1 557795 557812
1 713995 714298
0 570585 570594
1 585824 585848
0 569454 569455
1 59640 59796
1 1023609 1023610
1 474312 474573
1 460118 460305
1 927948 927950
1 246558 246559
1 960046 960062
0 383950 383961
0 561807 561818
0 479778 479779
0 557069 557070
1 163429 163451
1 647478 647480
1 235593 235594
1 441720 441723
1 159821 159823
1 101907 101908
1 70180 70181
1 1024616 1030366
0 660959 677588
1 101964 101967
0 1067065 1067074
1 924010 924031
0 838892 838896
1 1030295 1030297
1 645338 645348
0 197806 215604
1 500859 500860
1 547119 547480
1 226503 226544
1 667754 667771
1 865424 865429
1 890623 890624
1 941030 947657
0 391362 391364
1 269156 269342
1 964947 965146
0 351388 352017
1 812345 812348
1 306339 306865
1 910990 910991
1 162486 162643
1 513982 513984
0 750894 779744
0 812712 813383
1 934912 934915
0 404845 404853
0 745014 745015
0 737026 737028
1 445171 445172
1 425950 425955
1 306603 307779
1 440400 440401
1 939100 939101
1 606520 606521
1 701875 705000
0 220589 226819
0 68330 68673
1 834261 834267
0 27230 27231
1 648380 648384
1 754689 754755
0 299430 301844
1 236543 249293
1 462312 462763
1 161640 169639
0 833945 834321
0 350038 350086
0 433722 433786
1 175340 175345
0 1037396 1037400
1 972012 972013
1 685221 685226
1 625685 626599
1 477567 477568
1 886533 886551
1 591234 591257
1 298271 303301
0 519342 519399
1 805421 805529
1 17786 17788
1 577277 577278
0 452267 452271
1 126515 126516
0 531485 531497
1 787650 787651
0 888239 888646
0 183608 184775
1 757077 757127
1 46342 56227
1 203379 203381
1 1053963 1053965
1 663321 663329
1 336905 343859
0 922242 922243
1 119963 119984
0 109833 109834
1 981331 981422
0 1050555 1050556
0 767389 779373
0 872898 872899
1 845686 845687
0 44191 44192
1 615757 615758
1 390071 394945
0 447909 447928
0 768838 768877
1 1035021 1035025
1 601444 601446
1 882170 882686
0 841160 841247
1 356123 356133
0 453869 453870
1 1029552 1029613
1 200832 212005
0 648380 648384
1 993789 993885
1 324014 324515
1 978375 986957
1 886344 887978
1 17759 18569
1 301383 301384
1 173705 173706
1 887624 896322
1 483521 483522
1 530013 535902
1 788596 788597
1 492149 492150
0 935061 935062
1 980278 980279
1 600062 600063
0 167589 167603
1 470361 470364
1 791794 791795
0 297008 297064
0 733175 733677
1 1070049 1089967
0 654892 658316
1 917565 917566
1 972460 972884
1 446612 446614
1 33163 33164
1 898665 899536
1 534130 534181
1 163121 163124
1 701620 701656
1 793853 793857
1 58921 58922
0 885921 885922
1 11387 18734
0 487232 489460
1 391569 392200
1 175959 175960
1 252182 252184
1 630845 630846
1 683834 683848
1 261494 261502
1 350248 350251
1 113942 114226
0 655292 655293
1 33820 33821
0 182719 184069
1 319820 319821
0 37453 37454
1 504401 504416
1 98412 98442
1 435160 440088
1 581119 581359
1 1055059 1055060
0 701136 701137
1 843895 843896
0 353082 954209
1 799639 799640
1 1025354 1025355
1 501803 501834
0 357368 357373
1 650417 650419
1 428776 433929
1 879848 881369
1 547564 547571
1 597651 597652
1 73615 73642
1 88221 88224
1 48567 48582
1 889303 889323
1 1038868 1038869
1 1073779 1075813
1 791701 791703
1 1059525 1059529
1 928465 928466
1 792801 792802
1 1074691 1074693
0 273467 273630
1 724831 729049
1 198599 198602
1 416010 416011
1 792508 792522
1 31492 31540
1 93840 615716
1 465539 466158
0 378622 378624
1 326792 326906
1 120146 120147
1 942660 942886
0 1066514 1066515
0 950182 950185
1 23009 23010
1 208058 208067
1 557109 557141
1 689042 689043
1 944445 950284
1 689378 689379
1 530449 531096
0 580250 580252
1 37457 37464
1 497111 497112
1 583547 583556
1 763515 763518
1 196866 196885
1 220117 220118
1 379234 379743
0 672333 672335
1 887415 887490
1 659540 659541
0 108291 108631
1 983191 986919
1 359283 359573
1 585125 585177
0 60752 60753
1 479646 479650
1 1031017 1031021
1 873488 873489
1 362152 362156
1 653286 653287
1 384967 384991
1 349832 349833
1 443468 443469
1 786268 786269
0 362194 362196
0 485606 485615
1 739639 750660
1 318173 318174
1 97696 97718
0 580469 602588
0 461261 463103
1 218467 218593
1 649442 649454
1 31498 31501
1 134813 134817
0 212547 212550
0 183524 183525
0 700936 700956
1 205707 205723
1 46118 46174
1 221993 222031
0 405801 405802
1 986544 986546
1 614343 614575
0 633477 633481
1 429970 429984
1 137112 137113
0 842623 842642
1 678378 678727
1 297673 303761
1 662967 662968
0 625317 625359
1 270493 270554
1 895675 895678
1 207099 207100
1 543897 543898
1 500212 500213
1 947831 948073
0 180022 180281
1 406558 406559
1 996379 996381
1 424468 424469
1 269831 269832
1 514539 515261
0 943549 943555
0 811715 811756
0 521153 521154
1 242952 254306
1 291336 291340
1 174825 175016
1 841827 841830
0 786740 786741
1 387815 387835
1 1079005 1079032
1 370455 370458
1 1005545 1005709
0 338118 338129
1 415182 417544
1 972310 972918
0 810207 810209
0 929591 929592
0 85436 85739
1 439495 439531
1 179635 184485
1 835870 835879
1 266243 266246
1 406751 406754
0 502661 502716
1 434011 434014
1 812602 812603
1 1072410 1087485
0 907647 907649
1 68691 68709
1 538751 540192
1 584548 584589
1 357877 364839
1 820465 824926
0 173240 183067
1 735251 735407
1 704047 704196
0 175929 179953
1 542028 542029
0 260172 260187
1 416435 416436
0 383024 383249
1 101639 101646
0 589394 589400
1 721348 721349
1 538656 538728
1 536177 536178
0 113942 114226
1 24323 24324
1 915074 915080
1 772268 773624
0 938941 950880
1 581138 581139
1 73150 73153
1 466876 467685
1 787198 787199
1 382685 382686
1 370413 370428
1 61465 61468
1 330024 330628
1 979081 979082
1 99614 99617
1 860623 860643
1 149290 152873
0 846239 846243
1 13376 13377
1 668954 668962
1 44367 44373
1 933009 933245
0 1062473 1090015
0 587530 587555
1 8062 8075
1 214439 214447
1 63606 63621
1 17018 17019
0 428644 428647
1 940902 948975
1 406459 406477
0 825941 825942
0 368398 368584
1 484257 484368
0 28211 28343
0 780798 781521
1 539474 539504
1 419049 419068
1 1083068 1083078
1 255819 257998
1 46876 46878
1 83208 89408
0 64262 64286
1 674689 674691
1 377478 377554
0 476843 476844
1 606623 606625
0 148836 148838
1 100135 100137
1 1021938 1022323
1 429314 429315
1 723085 723086
1 656116 656117
0 693539 693563
1 5629 5631
1 762574 763420
1 64207 64208
1 64072 64082
0 127317 127330
1 738187 738188
1 679039 679226
1 888939 897304
0 423765 423766
1 490146 490154
1 47842 47843
0 675523 675525
1 25328 25335
1 327709 327732
1 760792 760809
1 649393 649394
0 1008845 1008846
1 258374 266747
1 374894 374903
1 102808 102809
0 228606 228609
1 1070617 1070618
1 495688 495689
0 909761 909784
1 1050249 1050284
0 886881 886890
0 403095 403107
1 978832 978841
1 856654 865448
1 16788 16799
1 327671 327672
1 839919 839939
1 825639 825641
1 148404 148406
1 866673 866674
0 137399 137400
0 1080289 1080302
1 315081 315082
0 199297 199298
1 27270 27271
1 473358 473359
1 1083662 1083663
0 767397 767399
1 669550 669553
0 374894 374903
1 1074247 1074251
1 352248 352355
1 608495 608496
0 254857 254859
1 109801 109805
1 289319 311144
1 113250 124558
1 217484 217485
1 639454 639456
0 1057750 1057754
1 518176 522805
1 1063448 1063455
1 719579 719584
0 1061877 1064360
1 136190 136192
1 482684 484859
0 793853 793857
0 773369 773375
0 904164 904166
0 265664 265667
1 635029 635062
1 418888 418890
1 391139 392113
0 22540 22589
1 722017 897604
1 601531 601536
1 655572 655579
1 1075262 1075288
1 770530 770531
1 1070494 1070496
1 430282 430428
0 175644 181658
1 863914 863920
1 50289 51708
1 50287 51687
1 485257 485318
1 286253 309209
0 114997 115048
1 739183 739277
0 835620 835622
0 607191 616239
0 474158 474161
1 550385 550388
1 178319 178320
0 207946 207949
0 59277 75751
1 647761 648008
1 771787 771788
0 82255 82277
1 468753 469038
0 110559 110862
1 172546 172552
1 755782 755791
1 198608 198622
1 293225 295735
1 925155 925156
1 637156 637181
1 104150 104153
1 385391 385392
1 464993 465972
1 720173 720186
1 822822 825036
0 402754 413774
1 435738 435745
1 861340 861342
1 548671 551956
1 699088 699089
1 310543 310545
1 884592 885298
1 658428 658429
1 18242 22155
1 766891 766897
1 830449 830452
1 313787 321995
1 1049570 1049608
0 1029552 1029613
1 82513 84284
1 378117 378119
1 376065 376067
0 577732 577733
1 200771 200775
1 73856 73864
1 434238 435763
1 805075 805272
0 497356 497386
1 313733 313734
1 192913 213747
0 135571 135684
1 993385 993386
1 338322 339024
0 37065 37066
1 67887 68368
1 760729 760733
1 685211 685217
1 508107 508454
0 1056126 1056127
1 815277 815278
0 208709 208727
0 51717 51725
1 426000 426003
1 96670 96735
1 963738 963739
1 859542 859552
1 168363 168366
1 7076 7077
1 461953 461991
1 1076448 1076456
1 443386 443387
1 400723 400730
1 1057844 1057845
1 23920 34559
1 287595 287613
1 842283 842314
0 628626 630128
1 686830 686832
1 427025 427026
1 940684 941147
0 735073 736138
1 488879 488881
0 809699 809740
1 650721 650722
0 1058913 1058914
0 744924 748689
1 262181 262184
0 157754 157759
1 145330 145350
1 496252 496280
0 702850 703022
1 627708 627711
1 746957 746958
1 765936 765944
1 1060943 1060968
0 647169 647186
1 360492 360498
0 647922 652276
1 298006 298020
1 624487 624520
1 385751 385757
1 878638 879025
1 388197 388482
0 567647 567648
0 914374 914412
0 1082962 1082964
1 829356 829357
0 162933 162945
1 572396 572397
1 455219 455231
1 799042 799047
1 958796 958805
0 1024651 1024652
1 609169 609803
1 314472 314528
1 1077321 1077362
0 1089334 1089336
1 69811 69816
1 927627 927744
1 403297 403299
1 232011 232013
1 435606 435610
0 672259 672261
1 439112 441741
1 913099 913116
1 416758 416761
0 587244 587281
1 837783 839324
1 554848 555165
1 645101 645124
1 953828 953830
1 343097 343098
0 820933 821083
1 274326 274340
1 5242 5940
1 924620 924626
1 41910 55656
1 648225 649071
1 523992 523993
1 503413 503414
1 316313 321874
1 390151 390610
1 1019057 1019058
0 428721 428723
1 731153 743765
0 219199 219276
1 1083382 1084246
1 81505 81563
1 735080 742020
1 518337 518356
0 145347 145348
0 741367 742570
1 391713 391714
1 904261 904262
0 622701 622720
1 884722 884729
0 941574 941576
1 997176 1001141
1 221245 223217
0 457504 457505
0 178794 178795
1 980122 980273
1 593564 593565
1 1058428 1058430
1 670998 678158
1 359564 361124
1 352612 352614
1 656919 677488
0 233359 233360
0 815211 815216
1 918004 918009
1 679547 679548
1 820718 825466
1 724934 725244
1 666462 666463
1 494140 494380
1 946913 947154
1 360013 360014
1 710872 711169
0 636016 636017
1 572797 572800
1 78368 78618
1 50737 50747
1 933180 933487
1 725297 725298
0 1083662 1083663
1 690633 690651
1 909408 909425
1 646271 646272
0 879737 879741
1 102375 107399
1 871353 871358
1 159511 159513
1 655051 655052
1 152558 152560
0 1004728 1012437
0 7272 7273
1 1012464 1014712
1 45613 45617
1 309368 309369
1 798471 798472
1 241924 241977
1 614328 614542
0 584713 584717
0 902426 902437
1 259990 260030
0 332850 332852
1 164992 165153
1 366432 366604
0 955298 955299
1 908161 908166
1 416979 416982
0 898913 903936
1 4689 6133
1 32195 32197
1 224493 224494
1 370974 371226
1 135279 135289
1 582452 582510
1 816894 816895
1 195077 195078
1 34956 35950
1 295152 295153
1 472885 473830
1 805067 805263
1 307545 307559
0 162938 163275
0 565382 565383
0 205782 205784
1 963388 963397
1 624399 627095
1 45629 46085
1 487681 487682
1 605164 605167
1 733838 733839
1 754462 754491
0 736841 737150
1 355930 364713
1 1000588 1000589
1 990415 990751
0 1062065 1062068
1 669203 669214
0 369841 369842
1 6653 10788
1 40883 40893
1 861087 861091
1 45134 57087
1 50973 50978
1 931919 931942
1 692176 692177
1 1029553 1029555
1 437917 437922
1 927577 927579
1 846984 847004
1 606161 607313
1 500564 500754
1 121258 121800
1 509600 509601
1 560706 560755
1 693591 695370
0 831309 831312
1 602415 602416
0 95380 95637
1 969840 969859
1 739358 739359
1 1072443 1072444
1 998834 998835
1 238432 238479
1 403078 403079
1 761239 761241
0 536907 543580
1 598386 605083
1 355413 355743
0 195511 212336
1 257176 257177
0 902209 902850
0 1008166 1008167
1 501799 502100
1 709502 709635
0 259790 260359
1 22761 22842
0 955239 956200
1 99067 99071
1 325680 325686
1 579034 579035
0 513118 513119
0 312129 312130
1 401108 411121
1 506659 506661
1 332883 333206
1 1014960 1029082
1 959988 959991
1 646957 646971
0 586072 586088
0 799120 799121
1 78385 78387
1 931587 931650
0 995939 995942
0 640468 640469
1 483225 483228
0 486732 499274
0 848362 848365
1 569833 569836
1 901223 904865
0 985181 985185
0 456446 456878
1 226442 226488
1 858002 858003
0 19960 19961
1 1084584 1084585
1 783635 783636
1 421129 421130
1 584111 584113
1 842519 842522
1 1055092 1055170
1 95200 95201
1 364395 364544
0 509404 509405
1 1036190 1036192
1 585042 585043
0 986161 986162
0 589406 589410
1 54064 54089
1 549244 549245
0 1080528 1085390
0 465204 465206
0 448225 457679
1 368776 368796
0 36980 36983
1 312582 312597
1 853937 853963
1 1030782 1030790
0 761329 761330
1 221506 223313
1 653955 653964
1 831838 831839
1 388515 388627
1 385532 385578
1 828861 828866
1 387908 388059
1 561844 562590
1 332608 333487
0 326552 343389
1 780814 780815
1 777681 777683
0 585125 585177
0 95917 95921
1 576167 576168
0 116587 116591
1 12408 12409
1 352729 352735
1 784129 784131
1 656997 656998
1 1025292 1025295
1 639796 639797
1 58194 58196
1 144862 144864
0 640311 640313
0 548226 548241
1 443914 444164
1 285104 285105
0 427259 427263
1 835469 835503
1 71966 71967
0 1054799 1054803
1 773824 773869
1 106327 106955
0 310445 310448
1 641171 651141
0 163121 163124
1 503307 503410
1 992265 992275
1 204397 204399
0 328696 328697
1 896076 896077
1 788705 789056
1 1003660 1003770
0 573995 574019
1 431253 431254
1 794102 794106
1 610114 610199
1 750155 750157
0 831838 831839
1 193834 193835
0 741685 741686
0 409090 409093
0 105756 105757
1 489751 491275
1 104998 105001
1 597852 597854
0 530180 530181
1 480710 480717
0 377803 377805
1 802419 802444
1 401580 401581
1 1053687 1053766
0 101782 101784
0 26385 34132
1 889136 890034
1 551351 551416
1 94259 94260
1 188451 211650
0 434383 434385
1 1060633 1061968
1 208407 208534
1 528745 528746
1 195433 195434
1 806373 815717
0 652533 924443
1 60936 60938
1 32614 32615
0 17372 17373
0 128231 128524
1 197712 213596
0 327683 328251
0 409575 409582
1 955131 955169
1 1016654 1016655
0 78171 78208
1 593863 605851
1 1024332 1024627
1 744427 747614
1 111150 111151
1 585188 585193
1 1081419 1081434
0 565824 565825
1 984886 985929
0 46088 46105
1 811818 811822
0 559586 559603
0 54922 54923
0 995922 995923
1 797761 797768
1 741879 743033
0 426678 426690
1 436712 436713
0 698147 698781
1 62816 62848
0 238624 238625
0 750155 750157
0 639520 639523
1 807040 807041
1 37132 37207
1 836350 836378
0 62149 62414
0 679593 922328
1 1074582 1074604
0 931154 931159
1 312059 312364
0 299058 299085
1 240072 253946
1 820370 820371
1 629854 629856
1 331164 331791
1 533328 533330
1 46399 46410
1 803968 803969
1 735508 735509
0 520893 520894
0 85306 88747
1 1960 1966
1 1026554 1026555
1 140276 140289
1 603263 603333
1 991346 997486
1 594485 594486
0 1068027 1068114
0 33054 33066
1 346606 346608
1 131276 131277
0 1023771 1023772
1 892448 892464
1 1068042 1068049
1 789531 789736
0 30905 31276
0 506586 506729
1 627562 627563
1 930466 930471
1 365271 365272
1 471392 478625
1 998341 998343
1 801492 801493
1 602764 602806
1 647265 647385
0 914885 914888
1 523432 523433
1 851763 851782
1 480670 961637
1 2338 2731
0 35976 35977
1 143695 153348
0 984512 984513
1 999823 1000042
1 51048 51050
0 701301 701604
1 57778 62387
1 679659 679956
1 15341 15363
1 224960 235101
0 313099 313100
1 930916 936538
1 263594 264323
1 576994 580230
0 468059 468061
0 502704 502740
1 231797 231798
0 305258 305262
1 416530 416535
1 1019303 1019304
0 295545 295612
1 234621 234646
0 818081 818086
0 18969 18970
0 267059 267061
0 813065 813429
1 844768 848238
1 187113 187116
1 765372 765469
1 669638 670128
1 868664 877283
1 916424 916425
0 179019 179021
1 52777 52778
0 907500 907502
1 623325 623386
1 596703 603809
0 923284 923285
1 284738 286465
0 405073 405074
1 469316 469845
0 623755 623789
1 460390 462241
0 137391 137392
1 630022 630656
0 891736 891747
1 13827 13828
1 816980 817274
0 59571 76442
0 530114 530150
0 67526 72590
0 419166 426633
0 420250 433759
1 14801 14802
1 933762 933764
1 338290 338947
1 770675 770682
0 158864 171672
1 733584 733601
1 548731 548732
0 1069428 1069741
1 102626 102629
1 1033257 1033268
0 176699 177255
1 746208 746209
0 37268 37813
1 766063 766064
1 249274 249335
0 923892 923893
1 1054953 1054955
1 14701 14703
1 225952 228045
1 822065 822159
1 1036066 1036116
1 1049320 1049674
1 995222 995224
0 639349 639417
1 827308 827319
1 167361 170974
1 148751 150820
0 577944 577946
1 688964 688965
1 421037 421038
1 724421 724574
1 596110 596153
0 305370 308873
1 945283 945454
1 684379 684381
1 568614 568615
1 764815 764819
1 930962 930963
1 26327 26329
1 785246 785247
1 23574 35130
1 750881 779684
1 14148 14149
1 634565 634566
1 307092 307118
1 703561 703668
1 370469 370470
1 6788 6901
1 614639 614640
1 1047395 1047396
1 543771 543774
0 969967 970127
1 642331 642478
1 31696 31697
1 270746 271029
0 824057 824060
0 907631 920811
0 994976 994977
1 879363 880745
1 736565 736570
0 245700 245701
1 1040656 1047630
1 339860 339888
1 177834 177860
1 59466 59467
1 557540 557542
0 637007 637008
1 398262 398263
1 405937 405948
1 782435 782436
1 674074 674075
1 860427 860777
0 1038061 1038068
0 140906 140926
0 117625 117874
1 919217 920353
1 1073212 1080579
0 9376 9377
0 985208 985214
0 1074296 1074297
1 1023268 1023269
0 211394 211395
1 509923 510239
1 584762 584776
1 976408 976531
1 373825 374142
0 872436 875101
1 12936 12937
1 1058306 1058307
1 339928 341065
1 448700 448712
1 245921 254938
0 963914 963915
0 520035 520036
1 1024323 1024632
1 732816 733491
1 1084056 1084143
1 28801 29504
0 178496 178504
1 733373 733378
0 400131 820829
1 782641 782642
1 71500 71501
1 364206 364363
1 962179 962186
1 635329 635333
1 21792 21821
0 740622 741084
1 1045904 1047490
1 393370 393408
1 659602 659603
1 892798 892800
1 241100 241103
0 515388 515391
0 399897 399898
1 230584 230586
0 894332 894572
0 226257 226268
1 549886 555718
1 1047645 1047659
1 431666 431667
1 900301 900520
1 520915 520916
0 179390 179391
1 148353 154299
1 18887 18903
0 929164 929549
1 86954 86955
1 158374 158375
1 514624 515257
1 748035 748036
1 994137 994138
1 135930 135937
0 409345 409521
1 91504 92105
0 841740 841769
1 869591 869592
1 63867 63869
1 772310 772492
1 958153 958242
1 187332 215543
1 267863 267884
1 740794 740811
1 833561 833569
1 287965 287966
1 559301 559628
1 539877 539966
1 498698 499483
1 220307 235105
1 699891 700135
1 717891 718146
1 57276 57311
1 1079026 1079030
1 563362 563374
0 183332 183334
1 636761 636803
1 596481 596485
1 838312 838336
1 859211 859212
1 741003 741189
0 415807 417467
1 1000754 1000820
0 820465 824926
1 248769 248770
0 172635 172659
1 751146 753487
1 301739 301740
0 702506 702908
0 934858 1009580
1 705734 705914
0 999141 999789
1 139433 139621
0 811353 812065
0 197707 213596
1 67933 67934
0 610386 610387
1 285622 285627
1 911683 911876
0 315447 315448
1 733178 733700
1 1060508 1060509
1 1058949 1059429
1 801513 801514
1 843046 843048
1 854732 854735
1 718058 718307
0 805284 815347
0 983195 983196
1 741069 747524
1 1062177 1080905
1 659068 659069
1 736063 736064
1 688692 688695
1 597606 597629
0 307163 307193
1 739424 739425
1 592289 592292
1 167353 167377
0 642379 642380
0 58921 58922
1 909334 909338
1 317387 317445
1 555579 555581
0 821306 821489
1 640919 640920
1 678049 678050
1 172341 172343
0 199302 212042
1 313981 313984
1 464174 464175
0 617565 617810
1 270884 271099
1 160399 160400
0 406023 406025
1 223175 223177
1 130934 151591
0 140157 140158
0 545380 545383
1 319686 319717
1 643536 643543
1 227273 227490
1 1074898 1085405
0 650691 650692
0 573520 575337
1 116918 124567
1 143905 143906
1 865091 867250
1 584431 584468
0 890894 890897
0 68347 68348
1 110986 111247
1 221775 221803
0 901186 901187
1 63686 63687
1 33328 33329
1 41997 47236
1 831808 831827
1 636547 791157
0 554108 554109
1 715448 715554
1 213736 214434
1 470892 470964
1 278674 278679
0 1029125 1052408
1 612568 612569
1 85901 85903
0 693173 693174
1 14515 14617
1 596081 596195
1 932780 932781
0 191615 193746
1 766219 766236
1 374382 381320
1 285255 298549
1 295847 309399
1 154987 154989
1 923600 923846
0 217748 217749
1 545529 545533
0 842738 842785
1 1018039 1018040
1 705632 705634
1 121559 121565
1 201632 201634
0 882384 882763
0 448873 448879
1 175462 185298
1 766341 766342
0 297446 297452
0 516395 516415
0 373049 373052
1 823018 826158
0 339209 339214
1 73508 73527
1 164497 164628
1 976611 978145
1 82574 83376
0 473942 473945
1 779347 779561
1 732321 732322
1 203834 203835
1 707120 707228
1 476647 476650
1 509349 509543
0 663768 663781
1 275985 277300
0 1005068 1011488
1 609487 609742
1 249217 249220
1 87099 91507
0 775137 775227
1 298031 298035
1 726590 726615
1 535541 535543
1 906555 906887
1 936174 936187
1 280889 280896
0 1000793 1000794
0 785246 785247
1 172210 172211
1 615672 617819
1 714431 714623
0 256645 258291
1 1061761 1062359
0 377478 377554
0 510910 510911
0 113737 113741
1 833760 833761
1 292649 293094
1 369736 369756
1 418142 418275
0 619300 619306
0 287410 287412
1 621938 621941
1 1041372 1041381
1 678897 679092
1 41020 41022
1 716529 716770
1 356694 365964
1 329779 343425
1 551892 556567
1 1017980 1017981
1 834121 834127
1 364647 364648
1 84344 84358
1 291790 294437
1 43257 56083
0 977104 977105
1 267820 268534
1 459290 459302
1 557812 557814
1 86422 87049
1 463320 463321
0 312847 313165
1 186771 189350
1 173639 173640
0 873357 873359
1 330248 330249
1 400577 400857
1 501546 501551
0 315484 315490
1 707075 707180
1 38498 38619
0 434730 434887
1 160999 161260
0 443911 452471
1 134536 134539
1 461906 461928
1 409389 409451
1 173637 173645
0 625175 626817
0 888805 889448
0 177217 177218
1 219771 219868
1 748517 749987
0 138072 138083
0 680727 680728
1 668637 668638
0 689419 696022
1 633825 633836
1 196667 196675
0 922226 922302
1 136970 136971
1 429284 429285
1 643191 643306
0 707801 707806
1 32511 32513
1 225881 225883
1 831332 837311
1 174056 176202
1 63457 71367
0 886781 886782
1 502814 502924
1 897570 897642
0 73611 73612
1 291656 291658
1 172791 172798
0 391570 394631
1 833524 833532
0 714508 714599
0 632083 632090
1 731441 731442
1 476481 476484
1 880785 880786
1 343087 343088
1 101818 101824
0 614486 614790
1 59116 59897
1 27626 27627
0 740835 741374
1 731131 747608
0 272466 272468
1 491221 491258
1 148345 148346
0 445758 445867
1 382624 382627
1 48878 48880
1 48844 48852
1 971302 971304
1 19534 19539
1 700969 700971
1 781701 783498
1 1040216 1040217
1 1030807 1051559
1 690545 691800
0 892977 892979
1 310400 310403
1 217805 217806
1 462160 462161
0 931332 931334
1 627980 628333
1 1054240 1055175
1 698619 698624
1 759968 770373
0 933025 933026
0 1009470 1009471
1 597951 597953
1 468994 468996
1 568088 568097
1 678182 678185
0 629139 629185
0 662852 662853
1 426886 426887
1 19222 19223
1 859168 859177
0 705734 705914
1 444472 445882
1 112615 112616
1 402425 411370
0 827652 827707
1 452997 453007
1 165563 165572
0 78430 78432
1 1083932 1083980
1 620962 623490
1 919740 919851
1 652605 652606
1 308464 308465
1 376554 376827
1 851318 851338
1 1079854 1079858
0 555002 555275
0 104386 104389
1 82592 82595
1 572570 573231
1 936542 936943
1 957324 957327
1 94131 94132
0 201992 207065
1 318772 318811
1 921021 921799
1 719715 719833
0 726439 726440
0 729034 729035
1 943262 948769
1 863379 868451
1 635329 639047
1 885424 885426
1 823711 823712
0 666276 666277
1 913797 913870
1 884905 884985
0 346220 346800
1 832198 837116
0 388310 388327
1 680714 680715
1 824943 826767
0 59938 59939
1 901394 903178
1 812181 812182
1 48492 48536
0 1015454 1015455
1 834845 834846
1 855401 855524
1 856 877
1 242284 242285
1 202607 202608
1 915777 915786
1 314653 315091
1 622672 622684
1 975097 975172
1 497571 499090
1 746972 746982
1 269765 269776
0 650748 800220
1 274011 274014
1 222670 235099
1 49548 56465
1 576777 576778
0 552446 552504
1 174158 185590
1 412445 412453
0 506437 508794
1 833569 833578
1 494779 495435
1 675434 675435
0 625164 625165
1 840479 840484
0 798542 798552
1 394974 394975
1 443418 449957
1 372456 381367
1 813666 813703
1 955500 955595
1 552959 552960
1 323014 323016
1 904264 904265
0 1078903 1078904
0 855492 855624
1 120602 123334
1 77600 77601
1 962467 962469
1 425905 425906
0 954819 955773
1 273665 273690
1 899619 899620
0 88648 88704
1 315035 315036
1 38382 38386
1 623789 623790
1 814298 814376
1 741470 741471
0 56117 56118
1 613207 613210
0 856828 856842
0 922981 923215
0 221717 223730
1 178110 178111
1 63538 63540
1 297531 297591
1 431578 431606
1 966120 966300
1 836068 836073
1 173607 173608
1 799782 799783
1 840992 841496
1 1060968 1061000
0 1009602 1009606
1 633264 633280
0 67317 67319
1 231305 231307
1 554175 554177
1 194664 194667
0 188423 210916
0 111460 111488
1 762360 762367
0 367523 367648
0 641290 641296
1 182400 182501
0 32614 32615
0 761401 761402
0 138987 138989
1 447324 447339
1 176394 176594
1 69887 70034
0 301482 309146
1 182960 925601
1 398511 398512
1 390562 390566
1 579865 579876
1 803874 803926
1 550825 555436
1 867971 867973
1 202132 202359
1 706447 706591
1 569787 569826
1 468882 469177
0 841827 841830
1 704510 704522
0 131910 132941
1 860820 860821
1 709454 711977
1 196094 211035
1 195550 195956
1 1010944 1011028
1 1057562 1057565
1 819908 819909
1 848859 848860
1 629330 630082
1 393197 393200
1 553198 553346
1 210580 210584
1 270305 270317
1 718996 719490
0 193209 193210
0 368611 369939
1 799321 799334
1 972587 972588
0 820998 821000
1 960158 961539
1 1043044 1043076
1 1210 1213
0 943247 943250
1 69006 69007
0 1017860 1017864
1 980996 980997
1 263887 263889
1 698823 698826
1 141408 141416
1 591054 591212
1 504997 505255
1 162704 171966
0 449692 458210
0 326047 344931
1 574391 574516
1 12211 12228
1 1031371 1031374
0 98768 99448
1 33187 33192
0 52487 52488
1 827382 827385
1 42105 42106
1 553064 553077
0 980996 980997
1 987659 987660
1 866870 866871
1 685388 685402
1 736237 741324
1 745924 745928
1 177109 185438
1 660078 660079
0 808268 808850
1 306098 306099
0 312542 312816
1 931825 932255
1 296669 299086
1 900538 900539
1 1067744 1067762
1 38378 38379
0 17675 35527
0 799653 799655
1 606714 606728
0 195107 195114
1 138163 138165
1 488098 497807
1 1009221 1009222
1 729235 729242
1 173161 184329
1 404534 404536
1 770160 777009
0 751146 753487
1 536360 537210
1 595782 595784
1 800419 800420
1 160830 160832
1 772506 772519
1 410101 410102
0 980892 980893
1 765905 765907
0 867038 867039
1 791055 791056
1 132571 132579
1 527922 528767
1 962357 962820
1 131066 131068
0 892791 892857
0 606714 606728
1 75820 75821
0 236042 236108
1 600727 600729
0 668099 668190
0 270746 271029
1 962120 962121
1 745814 745815
0 12933 12934
1 482423 482512
0 897864 898151
1 300814 300823
0 498008 498032
1 251106 251147
0 462917 479253
1 278908 278910
0 737088 737089
1 582424 582445
1 160326 160327
0 984080 985245
1 434162 442143
0 205232 205599
1 461059 461094
0 700572 700578
1 234375 234387
0 65480 67049
1 882660 882661
1 169612 170693
1 130936 130946
0 982427 982428
0 51438 51440
1 911769 911770
0 483307 483498
0 512622 512623
1 801590 801591
1 724975 725110
1 745143 788308
1 893735 894199
1 84274 84829
0 75153 75154
0 974634 974656
1 833616 833626
1 907963 910045
1 162284 162288
1 727711 728342
1 178519 178561
0 650286 650292
1 703115 708197
0 639796 639797
0 1077531 1077639
1 627838 628764
1 625143 625179
1 828132 828147
1 717213 717214
1 530450 530792
1 755301 779798
1 929233 929236
1 978667 981167
1 375155 375156
1 315655 318654
1 236030 236054
1 351741 351768
0 96894 98136
0 378699 378701
0 897790 897792
1 724696 724698
1 134283 134285
1 694893 694895
0 78840 90799
1 26279 26280
1 711910 711914
1 74635 74636
1 701214 701219
1 189127 189129
0 969927 970178
1 702315 702992
1 861631 866662
1 858619 859268
0 845944 845946
1 24424 24425
1 276825 281878
0 742352 742357
1 824524 826824
1 581098 581107
1 614293 615046
1 623057 623071
1 885156 885157
0 936002 936023
0 1054458 1054459
1 628560 628561
1 1017358 1017359
1 828007 828020
1 1038377 1038914
1 1084532 1088503
1 289766 290054
1 14005 20458
1 172055 172062
1 532521 532717
0 913498 913499
1 759909 780025
1 802611 802620
1 174321 174322
1 925066 925130
1 150136 150150
0 1022468 1022482
1 306043 306045
0 721937 721938
0 173570 173588
1 88162 88299
0 742442 742804
0 416414 418341
1 487106 487107
1 399183 399567
1 1004337 1004645
0 69598 69613
1 940968 940981
1 287561 287565
1 884615 884622
1 331468 331469
1 6833 6839
0 399260 399262
0 319499 319531
0 977356 978177
1 358253 359748
1 1074885 1085400
1 850631 850664
0 740551 749444
1 903150 904531
1 453670 453674
1 238973 239080
0 1071562 1088446
1 1028234 1028235
1 1015113 1015407
1 722341 722343
1 737160 737566
1 1021252 1022135
0 646954 646955
0 285255 298549
1 191101 191117
1 456253 456255
1 97584 98044
1 259800 260377
1 233010 233031
0 907659 909896
0 808695 808898
1 717811 718379
1 80104 80113
1 40213 40773
1 188025 188028
1 248469 248470
1 65485 65487
1 408177 414182
1 606549 606581
1 206082 206084
1 571222 571263
1 1035009 1035033
1 1001220 1001222
1 451002 451006
1 745352 745353
0 270088 270094
1 206046 206114
0 454249 455063
1 475014 475016
1 352067 352210
0 358344 359137
1 953256 953635
1 423091 423125
1 314621 314874
0 856355 867155
0 862180 862181
1 780034 780035
1 1053395 1053446
0 1036035 1036036
1 18231 18233
0 805908 805929
1 706757 706758
1 912828 912981
1 306232 307208
0 628850 630125
0 855993 856116
1 792222 792236
0 736237 741324
1 469436 469452
1 183159 183160
1 472347 472877
1 268571 268943
1 863068 863607
0 592837 592839
1 725102 725103
1 952116 952602
1 319294 319513
0 293446 293543
1 706741 706955
0 403500 411209
0 525731 525733
1 468124 468125
0 535022 535023
1 1034345 1034346
1 681578 681579
0 913383 913392
0 1017924 1017926
1 403431 403462
1 663898 663900
0 391018 394615
1 738473 738474
1 847651 847652
1 139714 139726
0 157837 170438
0 925114 925133
1 563292 563293
0 360734 360736
1 724630 724631
1 392814 392815
1 1065227 1088557
1 582847 582861
0 25185 25202
1 201323 201325
1 883701 883707
1 495056 495339
1 1036322 1036324
0 471011 471012
1 920728 920729
0 203065 203068
1 74236 75187
0 41997 47236
1 195952 196020
1 40012 40015
1 838006 838007
1 453611 453644
1 462507 466578
1 1053664 1053665
1 642908 642912
1 1043326 1043436
1 362361 362904
1 1070653 1070664
1 850224 850230
0 959033 967399
0 700517 700822
1 855783 855784
1 271663 271664
1 555598 555600
0 526402 526403
1 466734 466735
0 978698 978699
1 860588 860589
1 508750 508752
1 753720 753721
0 425726 425731
1 297764 298654
0 329210 329212
0 32890 32987
1 140225 140226
1 615702 615708
0 318772 318811
1 613902 613903
1 89908 90029
1 461342 461485
1 683507 683510
1 212249 212250
1 61015 61017
1 501861 502258
1 771872 771873
1 861917 865593
0 46876 46878
0 175959 175960
1 1043895 1043896
1 728642 728643
1 279951 280130
0 628966 628968
0 425129 425131
1 1008612 1008840
1 894737 894743
1 327114 343358
1 69983 69984
1 446252 457009
1 390053 390059
0 244836 245767
0 809187 809648
0 510668 510676
1 73716 73718
1 340560 340566
1 636701 636702
1 723205 723557
0 830451 830490
0 791489 791494
1 638479 638484
1 917544 917545
0 657947 657948
0 110622 110796
1 733372 733946
0 802518 802524
0 346606 346608
1 1063096 1063151
1 110314 110371
1 1029157 1043856
1 111427 111428
1 300341 300725
1 662159 662163
1 931540 931543
1 47979 47982
1 293473 293477
0 959817 959829
0 932497 937420
1 237237 237238
1 1071086 1071088
1 41292 41293
0 329779 343425
1 995027 995033
0 312615 312623
1 49664 49665
1 844862 844864
1 259631 266667
0 261025 261027
1 197934 197937
0 542829 543193
1 481575 481848
0 576465 1010023
1 989342 989353
1 733719 733804
1 561665 561759
1 903419 903670
0 268905 268907
1 202563 207275
1 560164 560343
1 219492 219942
0 820850 820851
0 73159 73160
0 453611 453644
0 791538 791539
0 514663 515272
0 404731 404766
0 541474 541487
1 817799 817840
0 401219 401220
1 1021341 1021344
0 518011 518019
1 903419 903628
0 26396 26397
0 1036190 1036192
1 60230 60231
0 307454 307481
0 848635 848637
0 581114 597666
1 528953 529128
1 684185 684198
1 54672 54674
0 251803 251806
1 15721 15722
1 1076904 1076913
0 1017101 1017102
1 626486 626751
1 689785 689794
0 613044 614799
1 300117 300118
1 954642 954643
1 998421 998422
1 41155 41235
1 46874 46875
1 128840 129978
1 713074 713092
0 50650 50662
1 246631 246639
0 102918 102919
1 1080797 1080798
0 768056 768059
1 1075393 1075396
1 516027 516904
1 934154 934155
1 295870 308619
1 216584 216706
1 368379 368671
1 165731 166228
1 113776 113778
1 18403 18404
1 857043 857179
1 168118 168125
0 42921 42922
1 91281 92315
1 143308 143334
1 1008715 1008829
0 972690 972693
0 164497 164628
1 315556 321333
0 147494 147496
1 1076310 1076566
1 111690 111956
1 35627 35634
0 205215 205219
0 655335 655337
1 558061 558062
0 60843 60844
1 909713 909719
1 584367 584370
1 96166 96169
1 547678 547679
1 609638 609714
0 439882 440395
0 147942 147944
1 450838 450839
1 583846 583847
0 846102 852673
0 518238 518240
1 112809 113409
0 806236 806238
1 1066994 1066995
1 966352 968201
1 1056394 1056427
0 581214 588096
0 24764 24765
1 1066179 1066475
0 357400 357798
0 726334 728617
0 1032439 1032440
1 992680 1000482
1 190328 190333
1 55124 55138
1 732289 732291
1 379387 379415
0 536254 543651
1 89314 89315
1 617165 617167
1 357327 357633
1 227211 227213
0 232347 232386
1 212098 212099
1 780886 781338
1 989022 989023
1 859248 859249
1 411281 411284
1 653929 653934
1 847357 847358
0 214128 214129
1 277171 277184
1 460711 462831
1 196097 211034
0 1061857 1062458
1 664891 664956
0 69411 69415
0 57917 58588
0 301750 301754
0 291656 291658
1 1056633 1057507
1 882083 882482
1 332057 332059
1 383917 383918
1 960445 960453
1 935671 935795
1 726636 726671
1 1083878 1085101
0 869591 869592
1 952102 952103
1 1020996 1021280
1 166304 169995
1 661337 661340
1 810262 810265
0 500007 503685
0 235661 235662
1 543417 543786
1 276031 282942
1 427091 427096
1 1039299 1039300
1 355643 357202
0 1006865 1007118
0 647605 647606
1 106735 109851
1 754135 754349
0 734582 746485
0 959281 959282
1 217993 217995
1 400346 400740
0 215834 215835
1 1023404 1023596
0 181598 181617
0 1041372 1041376
1 625779 625788
1 964603 964611
1 265083 265084
0 1073280 1073281
1 318500 318502
1 149015 149022
1 875722 875723
0 399870 400055
0 409859 409862
1 313662 313934
1 526452 526454
1 500343 500348
0 162098 162100
0 67887 68368
1 490398 490402
1 27327 27329
1 347548 347551
0 805075 805272
1 309004 310375
0 626925 626934
1 21189 21190
0 99837 99839
1 480336 480339
1 500966 501292
1 1005214 1005537
1 547550 550145
0 806958 807338
0 722679 722680
1 566090 566091
1 387561 387575
1 721973 721974
1 504673 504677
0 224206 224864
1 509746 509747
1 585492 585495
1 922034 922036
1 760364 760409
0 402533 402666
0 125423 125441
0 713595 713598
0 172802 172820
1 372833 381586
0 492997 492998
1 545471 545560
1 822688 822927
1 437191 437192
1 48167 48180
0 7151 7152
0 492367 492368
1 1079531 1079532
1 121179 121180
1 1031440 1031441
1 392534 392536
0 19640 19655
1 242740 242741
1 57437 57440
1 97972 108392
0 1044606 1044611
0 822460 825847
0 265109 265110
1 420261 420280
1 775368 775371
1 376249 376516
0 352404 352406
1 280598 280791
0 501090 501094
0 195018 195019
1 995664 995681
1 611801 613262
1 1068503 1068505
0 64789 64813
1 481074 484751
1 447507 449268
1 813339 813515
1 701987 704234
0 95168 109412
0 614086 614087
1 46461 46494
1 936123 936124
0 1044389 1044390
1 839004 839008
1 707489 707552
1 205516 205522
1 98520 98522
1 846724 846732
1 86209 86210
0 349640 349656
1 473506 473764
0 84719 84721
1 726376 727327
1 824771 824772
1 36600 36603
1 965912 965913
0 496252 496280
0 848948 848990
1 132401 132404
1 317845 318112
1 272435 272665
1 648949 648950
1 1073991 1082149
1 963630 963826
0 133246 151061
0 121559 121565
0 195652 195653
0 500456 500458
0 631273 785416
1 135411 135427
1 37159 37160
1 1060164 1086528
1 157936 157937
0 863697 863699
1 125686 125805
1 420635 420724
1 120404 120424
1 236410 236416
1 948141 948369
1 277329 277331
1 76615 76621
1 632295 632308
1 719866 719868
1 27239 27240
1 238388 238441
0 400622 400629
0 372833 381586
0 576847 576848
0 228827 228828
0 68730 68731
0 265714 265716
1 987625 987626
1 420238 420243
0 374179 374181
1 229702 230491
1 571422 571434
0 29098 29099
1 394880 395589
1 665118 665119
0 273665 273690
1 226266 226285
1 558136 563033
1 69921 69999
0 191711 191794
1 889329 889563
1 847018 847020
0 197765 197777
1 913470 913532
0 616352 616357
1 624802 624813
1 551551 551552
1 741085 748838
0 228716 228889
1 796774 796827
1 364128 364132
0 861340 861342
1 1043649 1043651
1 422716 422717
0 356444 356445
1 1026147 1026149
1 253172 253194
0 367780 367781
0 553707 553709
1 132186 156237
1 911414 911430
0 3891 3913
1 293905 293906
0 462160 462161
0 295281 295288
0 1039433 1039990
1 317329 318008
1 11652 11681
0 678049 678050
0 338572 338588
1 766161 766333
0 1043240 1043241
1 955200 955702
1 636003 651073
1 838711 838714
1 492107 492108
1 901017 904779
1 564148 564149
1 874337 874464
1 384476 384482
1 117794 118115
1 594876 594882
1 587366 587367
1 764985 764998
1 313339 313589
0 342268 342269
1 970235 970236
1 1043459 1052590
1 903305 903306
1 688067 688068
1 649472 649473
1 761311 761810
0 675698 675699
1 43036 43038
1 26713 26714
1 6971 6990
1 745165 745166
1 538545 538556
1 960415 960416
1 424798 424805
1 528673 528674
0 944408 950271
1 1006108 1008217
1 237856 237857
0 443145 443146
1 488905 489190
1 354587 354588
1 813459 815466
1 830311 830314
1 425704 425706
1 117037 117038
1 1030019 1030355
0 200650 200653
1 248419 248429
0 579365 579597
0 918942 919561
1 590256 590271
1 634812 634813
1 719930 719933
1 886524 888382
0 229826 229830
0 653286 653287
1 180900 180901
1 760924 760926
1 464824 464863
1 141052 141170
1 641697 641698
0 538780 539085
0 353798 354660
1 326161 344870
0 47722 47723
1 418519 418881
0 462368 462372
1 410820 410823
1 273263 273530
1 29136 29137
0 976308 976461
1 67610 67781
1 436230 436231
1 499712 499713
0 460223 460230
1 496672 498301
1 163442 163443
1 879798 881427
0 270586 270587
1 661774 661775
0 643490 643491
1 928237 928620
1 198716 198726
1 406169 406173
1 680284 681586
1 52331 52332
0 572797 572800
0 313645 313922
0 978767 978786
1 390192 390193
1 139808 139811
1 426426 426439
1 729066 729067
0 244058 244059
1 489493 489504
1 26010 26090
1 964208 964210
1 1070646 1070655
0 974796 978238
1 1035780 1035781
1 415952 415953
1 318580 318581
1 126477 126486
0 232011 232013
0 1078401 1078407
1 668137 668138
1 870435 876840
0 683583 683595
0 421801 421875
1 73643 74759
0 496672 498301
1 751487 778112
1 853840 854004
0 636761 636803
0 60812 60823
1 374480 381585
1 878300 878310
1 601485 601486
1 818665 818674
1 959483 967754
1 666557 666558
1 943271 949934
1 39792 39805
0 860427 860777
1 634515 634525
1 906636 906637
1 1075210 1075228
1 974366 974368
1 607293 607302
1 102369 102370
1 535349 535589
0 1019004 1019006
1 227060 234261
0 836555 836556
1 452781 453182
1 641667 641670
0 168118 168125
0 15921 15928
1 567355 567436
0 745952 745956
1 973597 973756
1 465532 465542
1 820080 820081
0 143517 143518
1 763453 763454
0 940526 940753
1 702589 702593
1 429597 429740
1 643457 643477
1 19020 19023
0 648515 648517
1 1066595 1066604
0 585200 585201
1 821198 821410
1 219027 219028
0 508213 508214
1 98776 98781
1 557735 557904
1 356706 357135
1 143282 143291
0 798934 798996
1 44242 44243
0 928815 928821
1 41555 41556
1 32359 32368
1 355398 365795
1 248285 248286
1 857961 857963
1 655843 655844
0 100135 100137
0 771720 771721
0 569179 579993
1 1021619 1021678
1 63864 63865
0 17786 17788
1 640233 640248
1 122364 122414
0 533682 533684
0 789717 801223
1 800125 800132
1 873656 873660
1 946671 946672
1 516544 516545
1 656652 656653
0 231065 231531
1 990693 990694
1 259827 259849
1 576262 576388
0 982963 983077
1 47074 47250
1 802458 802459
1 232618 232630
1 891353 891403
0 860471 860472
1 112902 112912
0 13482 13910
0 304247 304248
1 304539 304540
1 142483 142512
1 264787 264841
0 168705 168882
1 306029 306032
1 944148 944150
1 233265 233271
1 1012034 1012050
0 87396 87973
0 551351 551416
1 81995 83870
1 805337 805340
0 144499 151110
1 511502 511503
1 488471 494729
1 303126 303127
1 319963 319964
0 561585 561586
1 969188 969572
1 1058503 1058504
0 99463 99478
1 93164 93328
0 306822 306829
1 106647 106653
0 966271 966274
1 180833 181054
1 940186 940187
0 248586 248587
1 218951 219620
1 1061469 1061470
1 827502 827504
0 290726 290728
1 729636 730532
1 715627 721097
1 194929 194932
1 657101 678784
1 533428 536851
1 581073 581094
1 58936 77103
1 600861 600862
1 556479 556481
1 625326 625397
0 345584 345736
0 863185 865701
1 689192 689193
0 330508 330509
0 364308 364508
0 426928 426931
1 406768 414612
1 831362 831365
1 59934 59935
1 139850 139860
1 475850 1050084
1 244656 244675
1 743922 743924
1 640654 640655
0 663265 663306
1 190116 190255
1 706450 706451
1 857903 866943
1 879955 879959
1 725525 725526
1 131948 131950
1 419581 419592
1 828562 828567
0 246691 246693
1 449960 450011
0 431666 431667
1 486812 486828
1 134479 134480
1 252849 253053
0 602662 602664
1 932848 932943
1 58152 58316
0 840479 840484
1 536377 536638
1 73180 73938
1 309123 309124
1 403395 403396
1 253027 253028
1 379642 379732
1 751325 751331
1 265508 265509
1 1069227 1073528
1 208121 208122
1 640787 640788
1 235864 235866
0 1063294 1087928
1 501764 503981
1 652089 652092
1 637338 637356
0 458934 458936
1 786730 786737
1 672233 672235
1 314919 314920
1 806606 816411
1 773535 773579
1 302201 302203
1 824747 824748
1 715989 715990
1 311783 317213
1 111543 111550
0 18843 30618
1 1066469 1084031
0 768426 769377
0 897562 904352
1 163365 163367
1 162541 162542
0 240395 240398
1 884054 884056
1 738118 738119
1 958057 958318
1 464216 464222
1 1030460 1030462
1 79965 92723
1 26286 26318
1 339365 339367
0 143282 143291
1 93571 93573
1 850126 850131
1 476735 476737
1 637672 637674
1 590563 604909
1 736065 749297
0 983826 983827
1 115170 115279
1 852118 852119
1 1016158 1016159
0 375391 375413
0 509316 509497
1 577693 577694
1 1008414 1008421
0 120404 120424
1 728636 728638
1 856961 857193
1 238023 238024
1 1086684 1089969
1 986671 986672
1 953234 953235
1 197269 197275
1 501963 501981
1 830696 831102
0 122907 122910
1 445313 445321
0 30716 30719
1 140399 140405
1 905880 905897
1 160320 160331
1 97577 107672
1 881171 881172
0 1053357 1053358
0 485231 485233
1 681967 681974
1 110989 124872
0 473628 473630
1 1076948 1076952
1 697930 698049
1 759015 759016
0 972310 972918
1 770689 770704
1 752874 752907
1 735472 736214
1 360528 360919
1 306118 306119
1 952305 952445
1 854380 854382
1 710847 710991
1 354170 354172
1 255373 255375
0 688747 693568
1 475727 475776
0 906350 906352
0 442492 442515
1 71676 71696
1 799259 799378
0 198602 198623
1 289996 299603
0 984342 987010
1 202882 202887
1 617500 617516
1 561640 818551
1 1036681 1036682
1 1002886 1003048
1 43762 43765
1 246866 247159
0 96146 107952
1 752240 752969
1 821199 821209
1 289102 289104
0 387512 387828
1 24933 24938
0 105109 105110
0 672058 672059
1 375207 375209
1 545526 545528
0 270726 270728
0 167416 167417
1 246024 246025
0 932580 932776
1 516725 516726
0 258820 258821
0 148861 148862
0 226522 226523
0 874336 874337
0 881135 881190
1 31748 31749
0 379643 379647
1 550718 550744
1 408029 408032
0 943787 944133
0 641789 648469
1 613802 613803
1 985286 985287
1 361094 365341
1 526437 526438
1 59159 75554
0 327349 327519
0 90529 90535
1 383749 383750
1 788019 788285
1 863104 863620
1 987580 988435
0 684459 684466
0 541804 541806
1 171510 171511
1 437951 438733
0 140228 140230
1 851438 851443
1 431045 433000
0 287776 287781
0 74463 74465
1 582709 582852
0 948141 948369
1 552542 552598
0 884768 884770
1 26110 26136
1 59723 75438
0 970852 970943
1 278445 278448
0 37132 37207
1 972165 972166
1 574340 574341
1 659696 659698
1 792417 792418
0 73179 73933
1 50004 50019
1 1073379 1073390
1 965374 965600
0 105660 105661
1 2514 2516
1 592472 592476
0 596844 596846
0 427907 427908
1 229668 230176
0 488471 494729
1 834637 834639
0 330251 330253
1 498062 498068
1 139880 139883
1 797898 801470
1 1010303 1010304
0 73615 73642
1 294758 294760
1 871670 872247
1 209147 209152
1 860797 860894
1 280310 280311
1 783792 783794
1 822707 822907
1 193016 194976
0 610745 610746
1 494159 494377
1 769788 769789
0 376571 376572
1 404770 404805
1 485574 485581
0 187009 215082
1 676716 676717
0 493502 493505
1 412908 412927
1 351131 351132
1 1086792 1086793
1 273853 283500
1 726004 726302
0 694953 694954
1 511218 511220
1 220207 220208
1 456562 456564
1 1046991 1052873
1 426481 426482
0 137475 137481
0 714083 714187
1 59456 76252
1 416111 416600
1 965547 965549
0 318500 318502
1 769129 777571
1 84539 84576
1 43111 43112
0 871568 871594
1 339819 339835
1 485521 485522
1 528256 528558
1 794454 794480
1 304484 304569
0 134519 134534
1 318825 318826
0 939438 939440
1 542144 542146
1 959377 960584
0 437243 437244
1 753060 753061
0 177496 180763
0 667548 667549
1 66148 66149
1 874775 874922
1 1042228 1042229
0 233533 233537
1 618803 618832
1 767561 767591
1 391478 394619
1 1084232 1084244
1 1001353 1001756
1 29693 29694
1 800150 800154
1 933722 933723
0 63874 63875
1 952141 952143
1 654072 656081
1 514291 514292
0 635785 641918
0 93757 93758
0 1045070 1045701
1 276834 281851
1 572093 573056
0 879579 879584
1 837331 837332
1 717970 718328
1 400905 401072
1 922961 923214
1 259066 259068
1 26818 26819
1 981428 981429
0 188451 211650
1 411471 411474
1 31917 32001
0 325798 325801
1 665424 665426
1 270387 270484
1 458620 458623
0 619002 619845
1 899567 900779
1 1084210 1089347
1 272555 272744
1 92696 92697
1 14404 14421
0 216362 216441
0 322682 322683
0 438337 438966
1 27454 27455
1 1065577 1065579
1 241064 241065
0 582573 602693
1 746267 746269
0 631428 633557
1 280687 282704
0 1064807 1064809
1 163235 163279
0 473666 474519
1 990555 990556
0 910224 912102
0 437917 437922
1 589102 589104
1 936793 936800
1 129838 129840
0 243306 243308
1 535851 535860
0 560285 560287
1 132875 132880
1 946028 946029
1 78861 78869
1 187756 187757
1 572619 576917
0 939732 939734
0 635329 639047
0 13766 13804
1 206967 207058
1 96309 96310
0 264150 264344
0 221245 223217
1 17850 18107
1 624542 626524
1 433173 433857
1 522374 522375
1 178017 178021
1 911092 911103
0 473211 473611
1 10618 10620
1 839859 839916
0 110314 110371
0 94817 94818
1 913722 913723
0 1055913 1055914
0 587052 587053
0 797008 797009
0 355510 355511
0 352448 353624
0 787287 787299
0 938563 938564
1 303982 303984
1 990237 990238
0 927192 927193
0 714930 717861
1 730441 730443
0 913399 913431
1 796880 796881
1 315162 315163
0 892449 892456
1 684249 684253
0 977640 977645
1 188019 188102
1 52659 52733
0 302049 303300
1 834488 834492
1 358535 358536
1 307404 307405
1 10220 10221
0 52777 52778
0 217749 218389
1 839375 839385
1 648292 648335
1 770307 770322
1 476113 476114
0 782034 782041
1 928340 928341
0 21700 21701
1 231388 231390
1 466367 466368
0 1040124 1040125
1 224915 224989
1 348289 348290
1 226763 227001
0 142133 142231
0 58288 58289
1 884028 884164
1 78740 80153
0 1041495 1041496
0 99675 99686
1 709423 709432
1 887667 894974
1 709351 709369
1 235413 235414
0 667811 667828
1 361754 361758
1 567443 567445
1 743544 744505
1 324370 324598
1 73182 73955
0 887942 887964
0 554844 555169
1 824023 824024
1 72874 74876
1 941699 947526
1 160085 160105
0 21538 34107
1 348816 348826
1 42846 42847
0 591719 591721
1 643927 643932
1 389087 389104
1 494215 494217
1 901715 901966
1 1075171 1075172
1 700159 707844
1 357507 357518
1 1044657 1044658
1 976476 976477
1 716446 716534
1 844968 844972
1 19833 19963
1 588236 588238
1 1002084 1003913
1 216980 216983
1 910253 910254
1 338439 338458
1 535005 535366
1 63850 63851
1 4679 4680
1 756847 756850
1 140896 140897
1 451140 451563
1 68457 68458
0 368436 368458
1 43893 44235
1 45174 45179
1 8363 8609
1 266413 266414
1 142772 155342
1 645188 645191
0 807987 807989
1 358826 358828
1 1037806 1037808
1 517617 517621
0 168279 168598
1 947833 948097
1 1044866 1044894
1 419673 419674
0 1059219 1059220
1 881461 881464
0 285022 285025
1 50848 50849
1 811048 811094
0 480336 480339
0 1004860 1005008
1 300491 300495
1 356043 356044
0 499687 499695
1 936076 936078
1 191827 191829
1 134016 152197
0 67140 67141
0 489565 489576
1 508234 508239
1 752614 752616
1 239527 239528
1 916804 916805
0 812610 812617
1 591085 591493
0 681704 681706
1 137346 137348
1 239700 254133
1 903403 903757
1 505858 506620
1 754162 754175
1 194052 195940
1 756397 756426
0 207741 207743
1 1069916 1074322
1 374992 375007
0 111597 111820
1 474454 475186
0 151465 151740
1 985996 986007
0 299282 299379
0 1073838 1087452
1 262170 262173
1 805545 805546
1 789695 796586
1 948296 948297
1 468975 469285
1 1019300 1019302
1 722888 722895
1 665398 665432
1 600995 601000
0 118983 119226
1 652612 653716
1 179398 179399
1 673888 673893
1 723572 723747
0 156040 156041
1 991295 991296
1 358423 359121
0 820897 821343
1 523641 523642
1 298722 298723
0 1026822 1026825
1 1059656 1087332
0 41851 41852
1 999021 999024
0 1330 5698
1 257681 257817
0 436821 436858
1 524523 524524
0 615188 615192
0 311628 311782
1 475677 475832
0 608055 608056
1 714377 715033
1 674377 674389
1 192500 192506
0 372247 372729
1 641363 641364
1 349101 353847
0 278909 279032
1 537256 537477
1 49845 50014
1 882095 882467
1 617853 617854
0 961362 961364
1 74665 74666
1 220868 223534
1 19320 19345
1 147858 147859
1 219557 219852
1 489368 498533
0 997330 997337
1 47856 47857
1 1061831 1075431
1 626388 627215
1 207025 207030
1 1069688 1086683
0 648801 648841
1 454341 454343
1 445355 445357
0 13376 13377
0 192753 192756
1 518310 518311
0 490711 490721
0 960461 960463
1 157571 169431
1 1071083 1071084
0 157558 157563
1 251939 251940
0 495056 495339
1 913284 913574
1 826917 826918
1 587630 587632
1 332733 333442
1 993303 993304
1 824226 824227
0 931208 931387
0 356694 365964
0 861452 861458
1 535956 536519
0 165731 166228
1 98421 98424
1 1046994 1046995
1 1067882 1084845
0 243032 243036
1 319584 319590
1 431758 432056
1 313957 313982
1 825719 825720
1 426885 426898
0 324498 324499
0 688767 688768
1 597127 597129
1 462790 462791
0 943958 943959
1 942246 950577
1 596032 596038
1 50691 50701
1 275778 275796
1 247807 254793
1 2739 3207
1 625026 625027
0 546780 546781
1 552122 552491
0 500579 500580
1 634274 634276
1 240899 248430
0 338322 339024
1 139725 139728
1 472275 472909
1 822182 822183
1 87167 87168
1 478334 478336
1 828791 828792
1 262563 262584
0 15367 15384
1 1068056 1068061
0 989001 989002
1 262888 262899
1 1080249 1086565
1 77654 77667
1 443180 443181
0 82687 82688
1 303224 303225
0 66203 66204
0 132621 132625
1 942582 942600
0 532897 533575
1 726893 726894
0 791697 791701
1 457581 457582
0 885575 897367
0 1007321 1007324
1 799588 799590
1 796782 803009
1 493619 493754
1 674769 674786
1 1005662 1007116
0 65872 65876
1 1016147 1016152
1 81159 81160
1 708405 709461
1 164910 164918
1 506531 506857
1 157570 157576
1 637394 637450
1 304061 304063
0 387740 387755
1 614304 614828
1 29471 30343
1 772469 772470
1 631435 631895
1 739995 741063
0 292349 292375
0 367522 367523
0 330364 330849
0 635189 635201
1 686266 692518
1 1046009 1046068
1 1057456 1057466
1 234863 234865
0 822182 822183
1 536674 536679
1 193225 193487
0 684714 684729
1 878952 878953
0 955197 956948
1 933472 1055352
0 991263 991264
0 1010884 1010886
1 510773 510775
1 636797 636855
1 999813 999814
1 951286 957056
0 229702 230491
1 253436 253437
1 938926 946079
1 847336 847339
0 439112 441741
1 345252 345253
0 640233 640248
0 683624 689476
0 364995 366001
0 578211 578212
1 394798 395433
0 908809 911271
1 512661 512663
1 820742 820743
1 70106 70145
1 283344 283348
1 440957 441123
0 293342 293343
0 366498 376774
0 450838 450839
1 675735 675738
1 784315 784316
1 227383 227536
1 593482 593485
0 714166 714168
1 169731 171277
0 744877 744934
0 730181 731250
0 1069227 1073528
0 554085 554466
1 756678 779948
0 44684 44686
0 493263 493286
1 1026648 1026649
0 374079 375855
1 292353 292354
1 445 10263
1 84370 84854
0 429997 433966
1 225243 225455
0 199726 199729
1 427598 427600
0 503353 503355
1 661648 661658
1 407820 407860
1 473454 474184
1 86157 86158
1 212075 212215
1 580495 580496
0 90314 90351
1 903259 903567
1 229345 234983
0 678119 678120
1 410310 410312
1 347982 353432
1 370233 370244
1 18463 18513
1 929135 929276
1 485888 485901
1 1031482 1031483
1 52700 52701
1 742241 742910
1 638288 638289
1 1083784 1083788
1 823217 823218
1 316819 316820
1 152296 152297
1 524632 524633
1 859054 859056
1 621235 627900
0 528961 528972
1 493991 493992
0 250840 250841
0 188238 216545
1 68445 75032
1 313071 313267
0 674689 674691
0 205707 205723
1 530798 531267
0 673892 673925
1 335745 335755
1 1089935 1089938
0 773729 773730
1 387568 387570
1 282490 282491
0 781550 781920
1 30106 30487
1 166809 166810
1 745978 745979
1 764075 770765
1 930957 930958
1 940881 940883
1 435771 435790
1 537052 537163
0 84079 84749
0 974011 974256
0 263189 263193
1 655249 655250
1 443764 444275
1 445406 445629
1 933153 933180
1 269539 269687
1 278490 278491
0 355974 356503
1 30279 30281
1 426009 426014
1 446671 446700
1 853653 853654
1 357045 360728
0 40969 41032
0 798046 798048
1 824950 826862
1 121133 121134
1 553467 556044
0 313848 318305
1 820625 820626
0 48844 48852
0 1007287 1007989
0 422201 422202
1 51040 51060
1 994637 994645
1 587325 587328
0 646321 646441
1 28178 34235
1 194221 194222
1 464055 464057
0 1072666 1072669
1 1009909 1009942
1 110691 110692
0 978698 987296
1 78765 78793
0 723455 723496
0 984715 984717
1 840575 840581
1 594971 603659
1 104003 104004
1 961979 961980
0 898495 898501
0 389317 389319
1 1035550 1035551
1 898482 899305
1 614342 614505
0 470892 470964
0 132909 133150
1 201141 201145
1 684944 684979
1 199543 199547
1 599585 599593
1 373836 373837
1 402104 402106
0 1011209 1011210
1 809162 809173
1 476139 476140
1 1019443 1019448
1 390366 390369
1 593766 593944
0 1023813 1023930
1 486840 486841
1 424037 424051
1 906484 906498
1 551208 551210
0 489022 490807
0 747125 747126
0 726376 727327
1 938814 938816
0 790615 790646
1 134500 134512
0 12165 12265
1 876068 876070
0 640040 640041
1 573958 578899
1 612856 612989
1 453202 453216
1 197682 197866
0 1024513 1024514
1 404032 404033
1 556715 556716
0 342903 343814
0 593688 593717
0 411892 411899
1 711225 711227
0 813666 813703
0 344942 344943
1 818492 818652
1 796996 796997
0 205782 205786
1 850062 850068
0 261118 262044
1 245387 245390
0 251603 251762
1 790635 790636
1 67487 67489
0 327811 327814
0 788686 789481
0 1026175 1026177
1 767165 767219
1 1026510 1026511
1 528202 538739
1 53797 53798
1 793056 793060
0 740207 740209
0 481575 481848
1 547914 547936
1 809827 815990
0 540284 540797
1 913229 913230
0 898236 903727
1 358071 358086
1 377383 377384
1 299559 302967
0 641952 641953
1 739397 747999
1 1009185 1009240
0 436213 436324
0 796918 796919
1 565647 565650
1 661087 661088
1 422923 422925
1 960907 960910
1 706288 706303
0 676716 676717
1 383963 384104
0 634515 634525
0 293473 293477
1 192540 192626
0 676066 676107
1 255624 256133
0 833276 833277
1 598257 598258
1 701229 701230
1 736768 738319
1 851721 851724
1 1073886 1073887
1 1081272 1081273
1 546728 551547
1 669263 669275
1 841058 841082
0 1042655 1042664
1 791122 801369
0 537476 537562
1 942478 950560
1 138613 138615
1 104637 104645
0 505837 511387
1 466336 467238
0 904261 904262
1 893683 894675
1 382755 382923
1 456188 456195
0 985915 985935
0 947831 948073
1 8453 8467
1 345062 345070
1 1035045 1035595
1 122870 122875
1 162822 162838
0 154755 154756
0 363164 363165
1 122721 122723
1 817009 817123
0 589018 589019
0 715286 715287
1 554991 554997
1 947042 947043
1 358747 358777
1 1049773 1049774
1 448019 448045
1 726646 726678
0 268571 268943
1 976860 976862
1 1054136 1054137
1 147080 152105
1 883930 884232
1 963626 963646
1 356762 356983
1 624122 624163
1 218247 223443
0 340588 340589
1 522643 522950
1 430917 431184
1 440196 440512
1 832227 832836
1 506798 506799
1 531103 531105
0 594485 594486
1 272900 281675
1 122364 123114
1 883176 883185
0 646057 646081
0 972012 972013
0 303982 303984
1 691536 691538
1 925014 926270
1 320317 320910
1 720747 720749
0 118814 118815
1 467864 467865
1 99272 99274
1 591533 591534
0 31498 31501
0 939898 939899
1 933859 933862
1 681619 681721
1 730787 730826
1 405732 405741
1 933769 936587
1 496319 496336
0 547353 547355
0 847336 847339
0 929135 929276
0 792743 792765
1 733114 733121
1 947712 947723
0 565576 565577
1 4617 4946
1 81057 81058
0 872930 872933
1 113073 113074
0 298720 298724
0 795789 795790
0 812638 812650
1 99111 99113
0 742320 742790
0 664974 665140
0 436629 436630
1 979141 979282
1 181035 181037
0 477904 477962
0 735472 736214
1 316799 316802
1 955329 955850
1 364260 364505
0 374296 374498
1 1039797 1039798
1 952035 952076
1 127708 152159
1 47985 47992
1 262606 262609
1 474729 474731
0 573802 573803
0 919740 919851
1 580562 580570
1 644967 644971
1 629909 629910
1 250425 250469
1 812194 812203
1 703349 703511
1 761557 762607
1 714053 714055
1 383101 383122
1 723915 723916
1 300794 300813
0 569318 569319
1 329580 329582
1 483028 483041
0 437778 437779
1 767031 767493
0 739957 739962
1 263895 265865
1 1016003 1016432
1 1038534 1038535
1 430312 430313
0 730347 731091
1 578031 578032
1 38531 38532
1 163486 163489
1 314774 314776
1 794387 794546
1 1026400 1026417
1 923137 923151
1 861914 861915
0 645131 648091
1 720773 720776
1 3294 3567
0 1009879 1009888
0 501764 503981
1 133838 133839
1 279795 279796
1 804337 804338
1 32467 32480
0 160399 160400
0 939399 939546
1 1012363 1012366
1 206334 206335
0 907093 907094
0 347210 347557
1 939256 939596
1 23867 23960
0 166628 166629
1 427207 427213
1 728217 728460
1 23767 23773
1 39018 39019
1 685926 695997
1 472726 472727
1 131323 131345
1 28368 28369
1 164460 164607
0 405380 411727
1 273759 273761
0 1078509 1078512
1 711578 711717
0 893356 893360
1 541376 541377
0 64894 64895
1 788855 788882
1 1057763 1057804
0 23784 23811
1 592077 592079
0 41090 41091
1 396422 396429
1 105156 105160
1 26499 26710
1 827429 827545
0 818944 818953
1 813975 813976
1 144146 149112
1 153018 153019
1 260244 260251
0 998834 998835
0 1066460 1066486
0 610114 610199
1 426492 426494
1 729960 729980
1 699819 699826
1 709107 709120
1 181629 181770
0 356699 356713
0 121703 121705
0 101512 101559
0 769464 769576
1 871519 871520
1 977001 977036
0 967050 967227
1 759277 759278
1 16028 16029
0 1081505 1081507
1 999586 1000082
1 924560 924564
1 769187 769273
0 804831 805303
0 1065577 1065579
1 134449 134463
1 87360 87373
0 47213 47214
1 245303 245304
1 150535 150537
1 585324 585325
1 929522 929544
0 521033 521034
1 284496 284663
0 141590 141591
1 858375 861992
1 357765 357788
1 371538 380070
0 206147 215620
1 960620 960621
1 291078 291080
1 595155 595487
1 324406 324689
1 207965 207980
1 893478 894238
0 224926 224927
1 401486 401700
0 582418 598674
0 147559 750712
1 54779 55147
1 706243 706249
0 173766 173787
1 866564 866565
0 477990 477992
1 537121 538090
1 659183 659184
1 275424 275432
1 313337 313587
1 430543 430546
1 523952 523953
1 85941 85942
1 181218 181221
1 526405 526406
1 477297 477700
1 257237 257260
1 859920 859921
1 375538 375735
1 634269 634488
1 620835 620837
1 540907 540909
1 709924 709925
1 669616 669617
1 1075652 1075660
1 257611 258136
0 990039 990040
1 286892 286910
0 387788 394882
1 428546 428560
1 964619 964703
0 809311 810135
1 560121 560123
0 942652 942654
1 446610 446865
1 809049 809587
1 149455 149465
1 495297 497923
1 292816 308978
1 902750 903130
1 580649 598425
0 613381 613396
1 988725 988726
1 849583 849584
0 660575 661336
1 415621 415622
1 831231 831233
1 487125 487152
1 809072 809899
0 505853 506465
1 394094 394095
0 720495 720499
1 546484 547885
1 1035068 1035170
1 981329 981429
1 489050 499402
1 202758 202760
0 848165 848181
1 908231 908233
1 126094 130229
0 168362 168493
0 251106 251147
0 753116 753130
1 940435 940448
0 46874 46875
1 1042068 1042070
0 984169 984245
1 2174 2177
0 629121 629874
1 632497 632498
0 1067853 1068052
1 325890 325892
1 840156 840157
1 357297 357615
1 192110 192119
1 57248 61360
1 536595 536598
1 1068568 1068594
1 554690 554780
0 699819 699826
1 108407 110126
0 1076948 1076952
0 606481 606486
1 179587 179760
1 882451 882835
1 770619 770729
1 16522 16523
0 823217 823218
1 241275 241277
1 290065 290067
1 28977 35293
1 836500 836502
0 1043346 1043347
0 228313 228314
1 121520 121521
1 641463 641470
1 879528 880929
0 723725 723849
1 954552 954573
1 634674 634675
1 176395 176408
0 915956 915960
1 497712 497783
0 258653 259906
1 375363 375364
1 704806 704931
1 493122 493648
1 460443 460452
1 741837 743169
1 191695 191705
1 105842 105843
1 734708 735535
1 608667 608668
0 912664 912824
0 65798 65799
1 772521 772540
1 1049791 1049792
1 710526 710714
1 435264 435446
0 8149 8155
1 530784 541829
1 599761 599763
0 259990 260030
0 879874 881548
0 274254 274671
1 998213 1000284
1 63162 63200
0 480863 480867
0 342974 342979
0 346640 346805
1 846907 846908
0 776451 776464
1 1057950 1057952
0 877425 877427
1 799904 799905
1 940145 940352
1 50769 50779
1 663973 663974
1 819735 819736
0 329517 329632
0 945201 945352
0 726747 726854
1 29183 29729
1 549415 549416
0 213736 214434
1 204075 204076
0 382557 382563
0 770047 771783
1 618953 619777
1 400455 414053
1 757099 757101
1 142729 142794
1 239003 239006
0 902964 904911
1 114320 114321
0 941258 941259
0 100867 100868
1 1042530 1042549
0 47887 47888
0 638369 638374
1 921421 921424
1 11642 11643
1 942463 942469
1 189769 189771
1 908583 920429
1 606734 606740
1 161609 161627
0 271299 271302
1 317164 317165
0 570390 570392
0 700242 700243
0 833904 834940
1 34228 34229
1 411571 411584
0 85884 85886
0 588622 588672
1 940775 940777
0 654263 654264
1 2645 2665
1 675224 675225
1 432388 432390
1 118268 118276
1 971615 971616
1 828814 828838
1 526099 526292
0 905785 905786
0 48132 48133
1 939355 939356
0 392308 392311
1 562498 562500
1 1079727 1086436
0 452524 458346
1 582175 604758
1 234890 234891
0 361363 361374
0 31762 31793
1 755482 755484
0 90851 90852
1 625295 625341
0 551792 556566
1 511944 511947
1 845433 845436
0 945590 946089
1 1020443 1021261
1 102159 102161
1 890341 890343
0 444218 444260
1 165719 170535
1 102662 102664
1 424660 424668
1 871290 871318
1 20094 20095
1 330716 330718
1 262322 262323
1 140969 141031
1 287748 287787
0 591469 591604
1 812968 813229
1 534961 535015
1 686417 687080
1 939382 939524
1 304929 304930
1 802254 802764
1 885616 888699
0 575456 578969
0 282373 282374
1 245195 245196
1 667493 667494
1 805774 806409
1 507427 509736
1 1046393 1046406
1 950050 950999
1 550294 550682
1 1022253 1022255
0 1040656 1047630
1 1055232 1055284
0 686266 692518
0 527134 527135
1 529887 529889
1 964854 964855
1 1065317 1088028
1 930798 938076
0 87468 87469
1 415259 433317
1 590733 590734
1 462152 479265
0 347032 347243
0 32989 32995
1 98857 98858
1 230180 230181
1 786228 786641
1 101423 101426
0 362062 362703
1 856755 856768
1 19566 20264
1 269785 269786
1 841175 841258
1 496902 496904
1 788544 788558
1 37703 42100
1 569275 569276
0 548671 551956
1 970195 970280
1 28537 34809
1 7734 7735
1 209979 210005
1 295009 295011
1 824765 825293
1 158834 158835
1 98566 98567
0 822707 822907
0 875917 876086
0 784212 784213
0 1024332 1024627
1 1034495 1034496
0 680566 680567
1 256024 256124
1 95573 98358
0 552946 552947
0 387052 387053
1 735519 735527
1 86201 86795
1 659533 659534
0 489493 489504
1 406444 406485
1 996254 996661
1 391849 391853
1 887017 888504
1 981545 981766
1 11564 11565
1 458244 458245
1 316123 316124
1 366473 366487
1 283602 283603
1 800467 800658
1 19094 19100
1 415767 415772
1 798846 798847
1 895725 895729
1 1043273 1051408
1 338499 338501
1 1076193 1076195
0 551117 555816
1 97060 97061
1 721603 721604
1 159323 168623
1 66696 66697
0 477567 477568
0 1033660 1033661
0 428266 428563
0 720747 720749
1 470917 470932
1 691410 691414
1 760066 760067
1 307360 307361
0 337355 337379
0 498155 498156
0 27310 28207
1 204088 204089
0 880795 881198
1 253193 253459
1 706311 706619
1 1074954 1074961
1 576044 576126
1 1008273 1012982
0 665445 665447
0 738118 738119
1 845849 845864
1 531605 532155
1 465844 478769
0 753934 753937
0 162841 162850
0 76078 76081
1 975024 977168
1 579957 580023
1 407970 407983
1 894897 895171
1 14841 14842
1 667271 667422
1 545681 546239
1 552745 553431
1 392575 396181
1 262461 263199
1 384454 384744
0 1047395 1047396
0 853915 853928
1 643688 643689
0 674626 674982
0 323275 323276
1 66607 66615
0 358051 358052
1 305695 305696
0 507184 507277
1 1001639 1001651
1 1021241 1022142
0 1031482 1031483
1 475929 475930
1 89060 549020
1 792430 800371
1 745063 750472
1 385704 395459
1 327067 327068
1 808076 809070
1 219782 219783
1 30624 30626
1 583126 588864
0 601351 601449
1 193150 200845
1 965445 965627
1 561013 561162
1 861472 861486
1 506740 506993
1 240161 240181
0 271663 271664
1 74622 74627
1 446560 446850
1 998319 999984
1 420142 420146
1 316996 316997
1 914586 914587
1 296349 296357
1 924267 924316
0 1064416 1064417
1 746468 746469
0 1033249 1050867
1 159098 159099
0 149426 152098
1 1018226 1018227
1 618529 618530
0 569349 569350
1 679487 682813
1 90562 91759
1 248537 248538
1 270040 282389
1 812983 813245
1 189723 189739
1 893108 893109
0 526405 526406
0 331198 331631
1 107030 107031
1 396356 400743
1 488698 488699
0 46859 46939
1 114624 114651
1 115130 123798
1 727035 727330
0 611574 611575
1 505972 506910
1 840029 840037
1 678960 678961
0 664891 664956
1 290293 290316
1 21842 21872
1 1066205 1066225
0 326653 326873
0 780259 780261
1 725262 725295
0 640258 640270
0 93429 108328
0 659136 664857
1 347056 347336
1 445083 445131
1 537987 538315
1 143242 143317
1 496782 496978
0 803799 803801
0 846284 846300
1 740450 740683
1 150420 150548
1 533247 533523
1 370120 377737
0 726014 726015
1 484197 484198
1 16574 17145
1 507358 507918
1 846508 846519
1 924882 925039
1 284526 284677
1 581467 591294
1 886608 886622
1 925268 925290
1 4205 4506
0 111449 111450
0 367351 446329
0 803968 803969
1 246424 246425
1 619165 630183
1 727754 727758
0 233010 233031
0 754462 754491
1 991301 999334
1 893660 893661
0 537377 537736
1 383974 383985
1 990778 990779
1 439043 439044
1 812951 813096
1 197381 197382
0 236235 236237
0 268509 284169
1 382555 382557
1 63944 76728
1 572084 572119
1 817825 817828
1 21631 21637
1 992209 992210
1 1000898 1000904
0 483239 483291
0 743399 743828
1 104295 107604
1 327997 327998
0 1054009 1054020
1 147802 147803
0 17193 17306
1 618992 618993
1 461631 462432
0 762666 762670
1 1056154 1058731
1 810943 811733
1 113129 113278
1 318206 318211
1 666406 666407
1 800623 800717
0 766531 766538
1 17690 17691
1 191678 191682
1 323312 323315
0 911769 911770
0 995498 995526
1 1044647 1044709
0 106927 109852
1 463708 463763
0 633754 634316
1 322261 322264
1 286485 288774
0 410782 410812
0 44180 44181
1 586220 586976
1 719840 719852
1 548376 548378
1 514615 525835
0 594136 594137
1 590183 590184
0 509240 509482
1 629688 629689
0 510773 510775
0 669075 669076
0 322578 322606
0 715989 716301
1 713961 713970
0 49275 49276
1 214875 215588
1 288551 288598
0 180101 180106
1 823813 823917
0 756808 756809
0 805545 805546
0 61307 61322
1 851534 851535
1 880516 880517
1 351891 354413
1 374835 374837
1 507723 507724
1 990862 997438
0 864591 868318
1 367468 367612
1 341551 341566
1 5532 5570
0 596147 596150
1 756346 771918
1 750854 750867
0 482639 482640
0 377615 378300
1 164175 164176
1 554004 554029
1 838778 838781
1 1085884 1085885
1 86347 87606
1 181199 181469
1 714168 714316
1 281468 283492
1 1067777 1068128
1 1083333 1083334
1 465502 465504
0 414065 414066
1 952290 956146
1 341244 341247
1 976283 976284
1 206902 206903
1 751728 751747
0 1084277 1084281
1 615078 615131
1 765312 765313
0 328136 343414
1 838696 838807
0 104743 105652
0 251300 254031
1 156911 156914
1 355798 356032
1 943694 943900
1 325537 325545
1 1067031 1074187
1 609139 617741
0 477421 477422
1 847438 847442
1 220083 220085
0 231084 231085
1 1078822 1078824
0 27626 27627
1 961004 961005
1 531725 532186
1 1053697 1053807
0 802458 802459
1 468613 468622
1 688120 688131
1 673677 673678
1 375546 375696
1 353249 353261
1 237531 254576
0 665398 665432
1 721999 723039
0 945623 946199
1 859324 859325
1 149574 152668
1 476039 476515
1 510428 510491
1 788483 788484
1 337378 337382
1 121507 121680
0 1078568 1078569
1 72500 72501
1 174079 174085
1 958757 958758
1 113838 114201
1 987804 987932
0 150420 150548
1 548757 548761
1 172951 172963
1 848220 848221
1 121066 121657
1 504754 507082
1 719161 719162
1 789841 789842
1 1058079 1058132
1 129246 129261
0 567800 567871
1 528337 528351
1 446720 446722
0 201084 201092
1 436011 436062
1 852304 852305
1 30471 30477
1 754688 754690
1 760637 760638
1 997116 997117
1 863592 863624
0 584367 584370
1 491793 491800
1 994298 994299
1 172741 185580
0 40535 40968
1 434362 442034
1 389796 395204
0 315035 315036
1 517960 517972
1 613710 613715
1 491694 491695
0 349016 349026
0 358008 358009
1 325895 326017
1 133169 133170
1 784804 784806
1 889403 890230
1 117597 117602
0 451906 451907
0 923137 923151
1 929226 929227
1 506274 506343
1 887179 887203
1 236354 236355
0 689011 696780
1 732419 732420
1 660813 660838
1 526193 526214
1 373899 373903
1 316686 316689
0 891942 891945
0 26651 26652
1 735230 735231
1 224181 226651
1 258213 258215
1 806031 806407
0 698880 698887
0 532258 532260
0 731805 731806
1 366328 366330
1 332404 332405
1 1041612 1051186
1 898506 899183
1 875786 875797
1 131338 155150
1 854155 854159
1 705670 705676
0 257283 257433
0 499712 499713
0 276259 277250
0 615545 617061
1 538191 538554
1 320348 320365
1 585903 586936
1 1049038 1049044
0 755782 755791
0 581482 582168
1 178341 178587
0 1006280 1012852
0 728015 728016
1 635395 635427
1 201913 201938
1 1010805 1010808
0 202132 202359
1 507631 507710
1 847717 847718
1 960470 961445
1 592019 604093
1 176692 177265
1 40573 55555
0 1060943 1060968
0 675735 675738
0 575692 575713
0 986168 986199
1 362631 362645
1 53140 53141
1 110507 110833
1 262874 262894
1 502380 502527
1 1046138 1046139
0 133414 133416
1 656211 656360
0 698085 698755
1 346204 346328
0 380569 381666
1 499811 499812
0 339901 339902
1 135565 135567
1 473560 473561
1 432000 432003
1 809279 809314
1 693812 693816
0 1036322 1036324
1 846623 846625
0 843390 843400
0 905584 921900
0 15341 15363
1 772041 772108
1 736474 736475
1 551085 555418
1 778738 779017
1 97415 97418
1 25487 25508
1 465161 465162
0 706305 706471
1 64939 64940
1 832795 832800
1 342971 343127
0 136163 137103
1 229648 229649
1 814412 815479
1 194650 194654
1 227750 228058
1 383366 383367
1 919109 920573
1 301814 309860
0 890623 890624
0 81363 81367
1 467390 467391
1 205672 205674
0 958685 958697
1 900264 901010
1 883134 883443
1 339996 341000
1 57627 57628
0 21230 21236
1 342583 342885
0 430246 430247
0 106705 106706
1 574958 579270
1 861867 861889
1 268555 268852
1 66482 66483
0 1047306 1047353
1 726111 726112
1 8654 8657
1 116892 117335
1 1041806 1041807
1 179622 184454
0 280687 282704
0 998980 999487
0 971294 971386
1 4596 4601
1 811269 811288
1 164047 164143
1 758523 761781
0 971615 971616
1 821657 826667
1 573902 573903
1 487979 488145
0 794403 801258
0 914799 914937
1 686229 686230
0 99833 99835
1 695127 695128
1 189463 189464
1 638601 638602
1 422077 422079
1 618761 618762
1 745673 745688
1 818160 823420
1 393246 393247
1 725852 726291
0 880989 880990
1 986965 988586
1 852422 852423
1 428205 428236
0 777093 779891
1 91731 91732
0 248769 248770
1 591149 591156
1 1044903 1044930
1 697962 699007
1 739000 749223
1 429357 429358
0 919065 919066
1 60375 60379
1 497161 497259
0 132186 156237
0 812602 812603
1 1001751 1001752
0 924273 924274
0 780886 781338
0 46740 46741
1 4729 4730
1 323792 324500
1 455665 455672
0 1068504 1068551
1 496211 496224
1 871893 871896
1 698032 699032
0 114640 114644
0 424027 424394
1 105610 105611
1 840161 840163
1 528020 528021
1 54160 54161
0 827331 827336
1 211922 214789
1 444221 444222
1 255629 255876
1 39666 39700
1 199655 199658
1 508564 508565
1 815544 815548
0 164559 164849
0 8363 8609
1 291697 291698
1 437874 438652
1 450362 452598
0 790254 790263
1 1007027 1007029
0 32359 32368
0 659533 659534
1 240786 240790
1 1081726 1081742
0 507598 507612
1 438214 438841
1 521509 521893
0 745814 745815
1 125844 125845
1 1055575 1059506
0 101499 101522
0 763644 763648
1 846658 846660
1 907509 907688
1 531007 531085
0 568951 568953
1 188288 216194
1 22690 22691
1 30907 30909
0 110986 111247
1 146010 146011
0 813159 813390
1 108665 108685
1 264821 264825
0 270751 270752
0 776207 776210
0 687152 687155
1 22291 22293
1 542047 542156
0 993789 993885
0 291697 291698
1 90809 90825
1 557811 557970
1 47681 48087
0 978989 979102
0 680137 923859
0 695127 695128
1 1016558 1016919
1 857899 857901
1 532133 532139
1 530424 530425
0 187765 187780
1 723629 723631
0 992060 992077
1 361388 361396
1 217589 220267
1 1067755 1067791
0 329053 344162
1 112487 124260
1 201466 201475
1 913780 913781
0 276205 276208
1 901515 904468
0 143578 143580
1 189700 191922
1 650458 651592
1 952030 952031
1 994309 995614
1 370999 371614
1 268262 268287
1 414547 414548
1 804703 804704
1 775559 840570
0 445313 445321
1 54578 54586
1 220110 220373
1 623201 629787
1 1072868 1072876
0 614639 614640
1 860621 860628
1 430413 430427
0 531682 531684
0 449561 449620
1 691450 691451
1 586431 598245
0 924147 924149
1 720337 720338
1 1031913 1031914
0 753869 753870
1 68998 70610
1 7822 7830
1 132112 132115
1 558556 562845
1 767535 767547
1 66410 66419
1 267978 268000
0 926104 926108
1 152453 152454
0 98857 98858
1 429114 429118
1 648 2621
1 512243 512296
1 906140 906185
1 255858 255859
0 39423 39424
0 572209 572211
1 817271 823861
1 644377 644378
1 515939 515940
0 775093 775122
1 931803 937691
1 17281 17288
0 673850 674016
0 17850 18107
1 760889 760890
1 298528 298530
1 693962 693963
0 87029 87152
0 256169 256173
1 46387 56359
0 848859 848860
0 58358 74927
0 816012 816013
0 485616 485750
1 363612 364349
1 496868 496885
1 476278 476283
1 290150 294476
1 874887 874890
0 14515 14617
0 1029894 1029895
1 767431 767433
0 720773 720776
1 51885 51886
1 788962 788963
1 712115 721540
1 791968 792026
1 181777 181783
1 7927 7976
1 811806 812400
1 82864 82872
1 647943 651016
0 675224 675225
1 1056690 1058284
0 54731 54732
0 252241 252604
1 818579 818584
1 855708 855807
1 743260 743360
1 741976 741978
1 16966 16968
0 576167 576168
0 635325 635326
0 390375 390379
1 32346 32370
0 324014 324515
0 711910 711914
1 547737 548288
1 160987 160992
0 600402 600403
1 142615 150957
1 461384 461385
1 540093 540126
1 585219 585231
1 807227 807228
1 734474 735056
1 707265 707268
0 763734 763772
1 358204 358205
0 941292 941297
1 1049899 1049917
1 37302 37303
0 373669 373789
0 608282 608576
1 703058 706234
0 370402 381433
1 1018618 1021172
1 483777 483778
0 119687 119701
1 800885 800886
1 149782 149783
0 467044 467249
0 1036946 1036988
0 430440 430543
1 103656 104844
1 514374 514375
1 499974 504098
1 221309 223598
1 820111 820112
1 905773 905775
0 974497 974498
0 557413 557535
1 628141 628146
1 355018 355091
0 374992 375007
1 159765 159767
1 957996 958063
1 1021122 1021124
0 269736 269745
0 560483 560492
1 364715 364716
1 676147 676193
0 205695 205775
1 656761 656795
1 907858 907859
1 6574 7535
0 1006865 1014451
0 809613 810096
1 956093 956145
1 237121 237131
0 77737 77739
0 423842 423844
0 559587 559967
1 417641 433362
1 406356 406360
1 293703 293708
0 670494 670495
1 130669 131177
0 457851 457852
1 362989 362990
1 631925 631927
1 49971 50103
0 550114 550140
1 634640 634644
0 161237 161241
0 315556 321333
1 506182 507060
1 397792 398351
1 397511 401501
1 116155 116157
1 318218 318337
1 830295 830298
1 210751 211960
1 676349 676355
1 263906 263921
1 812266 812267
1 36554 36555
1 712761 712780
1 247618 247619
1 14307 14326
0 412821 412828
1 110796 110798
0 38118 38681
1 583264 594521
1 650744 650748
0 33187 33192
1 489905 489915
0 350443 350851
0 177779 178022
1 935214 935239
1 648435 648436
1 410928 410933
0 560378 560609
1 332529 332951
1 523058 523059
1 976839 978250
1 791803 791816
1 417291 417294
0 421037 421038
1 880852 880853
1 661964 661965
1 1084416 1089433
1 886178 886179
1 993408 993418
1 789848 789849
1 684814 684997
0 630630 630635
1 290226 290231
1 713430 714259
1 301695 301705
1 818116 818202
1 846506 846512
1 728346 728348
1 782470 782471
1 57250 61390
1 909967 912198
1 795683 795696
1 299154 299163
1 845147 845148
1 350435 354022
1 1052690 1052692
0 878952 878953
0 362633 362843
1 842755 842854
1 1044621 1051103
0 240138 240139
1 187408 187428
1 488287 488288
1 813998 814041
1 535153 536348
0 341616 341804
0 82524 82526
0 201423 213447
1 798946 798949
1 787001 802981
0 1038292 1052823
0 931919 931942
0 175340 175345
0 559000 559002
1 591708 591715
1 356484 362594
1 763718 763720
1 327861 328176
1 566442 579275
0 533816 533893
0 16028 16029
0 176928 176929
1 940857 940860
1 1067121 1067330
1 638413 638440
1 1034823 1034828
1 1027933 1027934
0 32260 32261
1 332490 333319
1 32839 32840
1 930821 930823
1 506063 506065
0 1004502 1004582
1 492060 492083
1 943051 943251
1 773258 773259
1 996739 996747
1 306767 308731
0 603334 603413
0 723343 723486
1 895128 895228
1 898034 898035
1 699609 699615
1 291894 291895
1 369115 369116
0 797517 797546
1 534628 534630
1 1050322 1050324
1 692013 692015
1 780877 781445
1 590092 590093
1 987854 987855
1 461724 461726
0 751325 751331
1 629077 629078
1 1036438 1037046
1 697895 697896
1 750802 750811
1 46552 46732
1 909022 909826
0 587673 587675
1 461365 461366
0 290370 290374
0 496989 496994
0 801513 801514
0 889329 889563
1 1010198 1012217
0 659553 659554
0 1089127 1089131
1 201634 201635
1 1065963 1066534
0 842125 842126
1 904331 904333
1 293327 293334
0 431347 431352
1 859899 859915
0 533247 533523
1 880607 880727
0 606520 606521
1 93659 103082
1 869286 869532
1 748806 749809
0 618250 618251
1 195560 212612
0 472398 472399
0 916646 916806
1 199728 199730
1 851606 851607
1 387332 387335
1 712747 712855
1 831032 831033
1 1058997 1059006
1 147530 147532
1 1069886 1080596
1 911940 921544
0 163429 163451
1 974846 975107
0 58152 58316
1 941594 948977
0 1500 1673
1 751167 751173
1 296030 296031
0 119886 119887
0 991661 992995
0 383749 383750
1 994207 994208
1 817655 817777
0 204397 204399
0 104003 104004
1 637386 637387
1 465234 466070
0 312652 312871
0 483434 483438
1 21845 21867
1 69671 69680
1 943652 943988
1 939822 940039
0 216386 216387
1 693343 697086
0 403214 403215
0 313957 313982
1 930793 930794
1 954879 954908
1 335756 335768
1 945177 945188
1 757029 757032
1 1024328 1024330
1 525507 525518
1 623665 623822
1 284425 284426
1 643267 643292
1 315485 315836
1 396565 398920
0 462602 462604
1 643563 643628
0 540476 540477
1 22975 22990
1 131748 131752
1 267374 267479
1 19507 19523
0 174056 176202
1 284838 284842
1 108388 108519
1 532528 532529
0 481330 484536
1 620570 620573
1 560987 561310
1 555031 555234
1 689918 689919
0 639232 639234
1 800732 800749
1 242421 242422
1 67504 75053
1 737311 749726
0 632497 632498
1 306112 306135
1 1003974 1011404
0 200912 200914
1 239445 239520
0 149924 157271
1 399819 399821
1 589645 589647
1 309812 309813
0 995457 995459
1 382669 382672
1 119093 119096
0 225243 225455
0 1036702 1036739
1 307806 307807
1 545555 545558
1 894298 894393
1 690706 690707
1 570504 570505
0 875109 875111
1 542690 542730
1 916096 916097
0 1084416 1089433
0 263344 264325
1 515679 515799
0 734854 735773
1 767779 767823
1 340225 340226
1 903753 903915
0 62175 62176
0 841049 841053
1 267948 267976
1 620290 621213
1 625038 625068
1 156031 156033
1 490294 491337
1 358656 358668
1 973160 973167
0 746468 746469
1 945679 945805
0 449305 449306
1 141977 141981
1 306018 309200
1 188458 188460
1 557337 557338
0 1053682 1053723
1 372609 372636
1 945661 945788
1 865064 865067
1 805490 815703
1 161256 161257
1 100966 100967
1 1042838 1051653
1 72940 72942
1 974290 974328
1 892554 892836
0 290349 290525
0 856354 856355
1 801999 802000
1 869893 869894
0 477870 477872
0 916929 916931
1 365144 365163
0 925253 925259
1 480668 962095
0 667386 667396
1 348073 348087
1 717826 718242
1 811536 811539
1 69546 69548
0 1015256 1017348
1 400132 400138
1 1055872 1055958
1 318980 319477
1 810648 810649
1 90058 90068
1 806341 816442
1 18424 34498
0 405119 405121
1 547808 547809
1 33223 35125
1 504275 511070
1 1079304 1079305
1 325749 326262
1 356826 356827
1 1003892 1003893
0 579865 579876
1 157676 157677
0 174158 185590
1 790729 790754
1 883217 883277
1 205723 205725
1 528877 529320
0 294758 294760
0 831077 831082
0 206428 206429
1 393941 393943
0 791803 791816
0 126195 126205
1 928740 928741
1 104312 104379
1 1006774 1008936
0 194122 208781
1 985 1043
1 792400 792402
1 842587 842589
1 48230 48236
1 87874 92851
1 971216 977486
1 74519 74557
0 718637 718638
0 576652 576653
1 61849 61921
0 597814 597820
1 823964 823966
1 327778 327780
1 25767 25769
0 1076254 1076256
1 633439 633441
1 457302 457505
1 18193 18194
1 106055 106057
0 496868 496885
1 661280 661281
1 643616 644952
1 5182 10421
1 674758 674759
1 449176 449216
0 938814 938816
0 839787 839789
1 864493 864518
1 217760 225518
1 988932 997642
1 984424 984428
1 360932 361545
1 737277 744603
1 103478 104803
1 209525 209528
1 131131 131147
0 545619 553425
1 305494 305509
1 327646 327648
1 671636 671651
1 604007 604009
0 1003798 1003800
1 547466 547467
1 372513 372816
1 387605 387623
1 325345 325346
1 351773 352050
1 918218 918612
1 463741 464076
1 149483 149486
0 1001899 1012176
1 954526 954534
0 361250 361260
1 888631 888632
0 643309 643312
1 323592 323594
1 934123 934124
1 236386 236485
1 680446 680447
1 345647 348094
1 285817 286120
1 357509 357694
1 608131 608140
1 864881 864894
1 203262 203269
0 479646 479650
1 659401 659402
1 6744 7623
1 391875 391901
1 793642 793902
0 627838 628764
1 1058624 1058626
1 486591 486605
1 423500 424099
0 206082 206084
1 528230 528651
1 802145 802149
1 348092 348208
0 313518 313519
1 174188 174194
1 772004 772007
0 172055 172062
1 141282 141283
1 73569 73650
1 874718 874731
1 21096 21097
1 218362 218478
1 763464 763471
0 456928 457193
1 1067568 1068103
1 271805 282025
1 220938 220939
1 1020332 1020333
1 450476 457783
1 331474 331748
1 651274 651275
1 488671 492849
1 676134 676135
0 479606 479614
1 742550 743035
0 1031798 1032209
1 517531 517532
1 62448 62449
1 783858 783859
1 62556 62561
1 638559 638580
1 1084739 1084740
1 26846 26847
1 982084 982085
1 103567 103568
0 349832 349833
0 929528 932242
1 715392 715394
0 748568 748569
1 588248 588254
1 880052 880782
1 452852 452868
1 330097 330099
0 619930 619935
1 179386 179389
1 468696 469006
1 977056 977193
1 851299 851305
1 611986 612396
1 23256 23257
0 976979 977186
1 244005 253845
0 518740 518755
1 786335 786340
1 883647 883648
1 80633 80699
1 391408 391409
1 831320 831321
1 118353 524017
1 98825 98826
0 979479 983354
1 791508 791509
1 31706 32147
1 559700 559997
1 733326 733331
1 8389 8390
1 688896 688901
1 46690 46691
0 157936 157937
1 485743 485783
1 396817 397692
1 103766 103767
0 409411 409412
1 39351 39352
0 460390 462241
1 253565 253566
1 81188 81190
0 217677 217678
1 340092 343558
1 350305 350324
1 270353 270425
0 371695 371696
1 360440 360501
0 860820 860821
0 987854 987855
1 640755 640756
1 388046 389628
1 213168 213173
1 989446 989447
1 1077908 1077997
1 492654 492659
1 935447 935459
1 591535 604700
1 973258 973284
0 394027 394029
1 845132 845168
1 787602 787609
1 193595 193716
0 436011 436062
0 762216 762218
1 810569 810611
1 68817 74779
1 656027 656058
1 42699 42700
1 1034431 1034437
1 413025 413026
1 525733 525734
1 871902 872031
0 17102 17110
1 420677 420678
1 49630 49764
0 770689 770704
1 103798 103802
1 176580 179588
1 927643 927645
0 386610 386780
0 879474 879511
0 933215 933217
1 129501 129503
0 598962 598970
1 821043 821044
1 673063 673064
1 378202 378203
1 499836 499856
1 258625 258642
0 943270 943271
1 397031 397474
0 206115 206116
1 391117 391118
0 594975 594977
0 645340 645341
1 755165 755179
1 155932 155933
0 668542 668543
0 269039 283440
1 627534 627535
0 900090 900091
1 1049535 1049600
1 474857 475165
1 145707 145708
1 439805 439806
0 50848 50849
1 571078 571079
1 327018 327305
1 1007696 1007697
1 228151 228152
0 760179 767409
1 807643 807651
1 672078 672080
0 806346 806347
1 392637 392642
0 129000 129002
1 1075982 1075991
0 770434 770608
0 509313 509314
0 546738 546961
0 780739 780769
1 6559 7317
1 1011139 1011141
1 341561 341777
1 959875 959882
1 1027480 1027482
1 652454 652455
1 1061586 1085700
0 291756 291936
0 54064 54089
0 102808 102809
1 354458 354474
0 431121 431139
1 586141 586142
0 1077740 1077744
0 585754 586913
0 721347 721350
1 1041874 1041875
1 734416 735237
0 724918 725300
1 716865 716944
1 601555 601908
0 189173 189175
0 648949 648950
1 993088 995524
1 383648 384472
1 332373 332383
1 738395 738396
0 83196 83205
1 843521 843539
0 951191 951201
1 606702 606704
1 711998 712079
1 242003 242005
1 514513 514514
0 78987 78999
1 412742 412744
0 85901 85903
1 99283 99284
0 886566 886589
1 934515 937187
1 1034534 1034854
1 566102 566104
0 767667 767671
1 570537 570639
1 380575 380577
1 195154 195158
1 1002378 1002380
1 1054999 1055000
1 577761 577825
1 387564 387596
0 497905 497906
1 1015408 1015409
1 439358 439391
1 135271 135283
0 75820 75821
1 316178 316182
1 182462 182463
1 374035 374037
1 202098 202099
1 732629 732630
1 610858 617277
1 438576 438577
1 535966 535983
1 831747 831756
1 437447 437448
1 42261 42265
1 526307 526308
1 1077855 1077895
1 473652 473653
1 225584 225745
1 108127 109057
0 1060562 1060563
0 290233 290240
0 641463 641470
1 11838 11861
0 855708 855807
0 974090 974108
1 592919 605285
0 572606 572607
0 85945 85947
1 813120 813121
1 822980 822985
1 907604 907605
1 742306 742964
1 412617 412618
1 804484 815371
0 347449 347456
0 655572 655579
0 984082 984083
1 286912 286935
1 346209 346328
0 799259 799378
0 559385 559745
1 312748 312875
0 814452 816865
1 953660 956868
1 583876 583992
1 452436 452443
1 881926 881929
1 689385 696034
1 436377 436417
1 341415 341433
1 540403 540685
1 688013 688059
0 733216 734075
0 81933 91393
0 1058949 1059429
1 267529 267639
0 232808 232814
0 797001 797006
0 959377 960584
1 939172 943370
1 885079 885083
1 41982 41995
1 538390 538563
0 996080 996081
1 463420 479642
1 581812 581831
1 141863 141864
1 508081 508252
1 894022 894023
0 915074 915080
1 1025146 1025887
1 884989 885010
0 746972 746982
1 164013 164014
1 239184 239185
0 859324 859325
1 165224 166072
1 650698 650705
1 705162 705166
1 313160 313351
1 331360 331378
1 665725 665726
1 370300 370343
0 706288 706303
1 301679 301838
1 206927 206986
1 118582 118584
0 253187 253592
1 561137 561212
0 178351 178352
0 894737 894743
0 638479 638484
1 376757 376760
1 45806 55688
0 103656 104844
1 1053503 1053564
1 379395 379397
1 74260 74409
1 12723 12724
1 872709 872710
1 896564 897472
1 98124 98125
1 425632 425635
1 243023 243031
1 869656 869749
1 13984 14031
1 1008149 1011434
1 929818 929819
0 1057562 1057565
1 1030944 1030945
0 1017793 1018131
1 491154 491155
1 109512 109513
1 36315 36499
1 637018 637037
0 705293 705329
0 509925 509926
1 1007865 1011430
1 811339 811374
1 786925 786926
1 199755 199761
0 364395 364544
1 316292 316972
0 48922 48944
1 1009121 1009286
0 371659 371842
0 400132 400138
1 126586 126588
1 970394 977399
1 442930 442952
0 41757 41765
1 878973 878975
1 805880 805881
1 902457 902484
1 607389 607390
1 770914 770915
1 106909 106910
0 406626 406628
1 955244 955467
1 372012 381277
1 893641 893643
0 877800 881429
1 462002 479300
1 339284 339285
1 709275 709277
1 648021 648032
0 31917 32001
0 898554 898555
0 143987 143989
1 308662 308664
1 613399 614859
0 774106 774107
1 77851 77852
1 736141 736143
1 47739 47740
1 271865 280957
0 775368 775371
1 442906 442907
0 799904 799905
1 769143 769145
1 382840 382841
0 448036 448500
1 581109 581145
1 736531 736532
1 38310 38312
1 628098 628269
1 66370 66374
1 122275 122279
1 1069651 1069653
1 534129 534131
1 740146 740154
1 827144 827145
0 698988 705675
1 671348 676745
1 545679 545694
0 1039530 1039547
0 408973 408980
1 1032782 1032870
0 672892 672955
1 645289 645290
1 743407 743451
0 876068 876070
0 138287 138451
1 376808 376844
1 723991 724077
1 298371 298375
0 688013 688059
1 18483 18532
0 86923 86939
0 118582 118584
1 927313 927335
0 330261 330760
1 776096 776130
1 660229 676918
1 1056889 1057081
0 1084232 1084244
1 239615 239616
0 534394 534396
0 146320 146321
1 433288 433290
1 80132 80133
1 883320 883326
1 988278 988279
1 841576 841577
1 1020735 1020737
1 844178 844179
1 576711 576712
0 886608 886622
1 205646 205670
1 596227 596279
1 742615 743117
0 628416 628765
1 571781 571809
0 838857 838859
1 143364 143365
1 641244 641246
1 252726 253390
1 724530 724532
1 992132 992133
1 690459 690473
1 193751 193754
1 73654 73941
1 683037 683058
1 912093 912094
0 206046 206114
1 1061922 1061924
0 557185 561977
1 926897 926899
1 623622 626658
1 158072 169259
0 929761 929814
1 755410 755436
1 438095 438113
1 1070289 1084820
1 836737 836751
1 333500 333512
1 945075 945094
1 132777 132778
1 811134 812383
1 136664 136667
1 764429 764438
1 126699 127224
1 55240 55241
1 20924 20925
1 473046 473048
1 443702 443703
1 841086 841088
1 863203 863209
1 482135 482137
0 827429 827545
1 715242 715644
1 94395 94910
0 1016051 1016052
0 209835 209838
1 538147 538161
1 1010859 1010860
1 385636 385638
0 1083607 1083609
1 581170 592252
1 982733 982734
1 892103 896653
1 339791 339799
1 720330 720331
0 362372 363149
1 415555 415556
1 709346 710489
1 23067 23090
0 96627 96631
0 966507 966672
1 795222 795224
0 586239 586249
1 399325 399719
1 387359 395549
1 1081153 1081159
0 861917 865593
0 117623 117971
0 227211 227213
0 126515 126516
1 198323 198325
1 317965 318089
1 57661 57810
1 850272 854421
1 305280 305312
1 427886 427894
0 763038 763039
1 386672 392563
1 396838 396839
1 82789 82800
1 456822 456830
0 551699 551700
0 503209 503211
1 385485 385486
0 291059 291060
1 619425 619865
0 713933 714054
1 685282 685283
1 551975 551976
1 611071 611072
0 556882 556932
1 938283 938595
0 696428 696433
0 1078285 1078293
0 894297 894298
1 403949 403950
0 666406 666407
1 464735 472089
1 626538 627340
1 302211 302212
1 565985 565986
0 981545 981766
1 889299 890131
0 784095 784137
1 816026 816028
0 1061586 1085700
0 483777 483778
1 331947 331948
1 74424 74430
1 182530 182649
1 236423 236425
1 1004715 1004716
1 1054235 1054236
1 174321 184983
1 1037700 1037701
0 642127 651526
1 287008 287009
1 350666 350667
1 223898 224998
1 79432 79434
0 669550 669553
0 274099 274100
0 708621 709626
1 763893 763894
0 1019766 1019767
1 1033521 1033528
1 297334 297337
1 613457 613467
1 982048 982049
1 663301 663302
1 662177 662178
1 870022 870191
1 305835 308879
0 547564 547571
0 106177 106179
1 996586 997941
0 252331 252332
0 1039706 1039707
0 319773 319790
1 675477 675478
1 319055 319058
1 905670 905671
0 611199 615840
1 248090 916869
1 495463 495670
1 896572 896574
0 731131 747603
0 658566 658637
1 392093 394888
0 725387 729321
0 218 224
0 800521 800550
0 203834 203835
1 546014 546015
1 192232 213635
1 566347 567175
0 989111 989583
1 80546 80669
1 184044 184045
0 287290 287292
1 332973 332977
1 31840 31896
1 519960 519962
1 93891 107669
1 16200 16227
0 944445 950284
0 903305 903306
1 346618 346619
1 472803 472805
1 729989 749606
1 988696 988697
1 765680 765686
0 326838 327309
0 336905 343859
1 14201 14209
0 331204 331845
1 509355 509357
1 23651 23652
1 161763 161765
0 261004 265856
1 515810 515812
1 648000 648001
1 348049 348057
0 953234 953235
1 569415 569419
1 99978 100133
1 11328 11329
1 985465 987197
1 587602 592094
1 174031 174189
1 466965 479581
1 485225 494514
0 1073146 1073150
1 261804 261805
0 78861 78869
1 347642 348762
1 928257 928393
1 717672 718017
1 889879 889945
0 992671 992716
1 578331 729837
1 153571 156650
0 606894 607501
0 734343 735627
1 144467 145064
0 799265 799266
0 253436 253437
1 298115 298118
1 278298 278304
1 861832 861833
1 205768 205930
1 626024 626025
1 546413 546417
1 664561 664562
1 483382 484431
0 364043 364044
1 742628 743156
0 522126 522127
1 774157 774158
0 99648 99649
0 690459 690473
0 206304 206333
1 908280 908283
1 766691 766692
0 178050 178053
1 397609 397740
0 551249 551368
1 410099 410108
1 530288 530289
1 885327 885359
0 708495 708496
0 121711 121714
1 227160 227576
1 145636 146081
1 731713 731958
0 5824 5827
0 439563 439848
0 708736 708737
0 529887 529889
1 430917 431177
1 174305 174420
1 546335 546530
1 363815 363816
1 858791 858798
1 4756 10379
1 5373 5376
0 934912 934915
1 584877 584893
0 763342 763344
1 63711 63712
0 410363 410380
0 323549 323555
1 602101 602107
1 551075 551078
0 1062502 1088529
1 140188 140242
0 26090 26115
1 571782 572011
1 1065813 1065814
0 806070 806073
1 660104 660108
1 780976 780977
1 396513 396554
1 909389 910116
1 831726 831727
1 431433 431434
1 459434 459438
1 301891 301904
0 830653 830794
1 526911 527132
0 217805 217806
1 33592 33593
1 1042503 1042578
1 1031135 1050236
0 872271 872272
1 81628 83267
1 709712 709847
1 742442 742454
1 143037 143038
1 82239 82255
0 871394 871395
1 617590 617591
0 728138 728324
1 852147 852178
1 915135 915824
1 767536 767585
1 271662 272060
1 177882 177888
1 101981 101985
0 1005507 1005686
1 730782 739405
1 734379 734392
1 41892 55663
1 320852 320890
1 190255 213307
1 409007 409008
1 1030908 1031310
1 750846 753635
1 974731 974733
1 856211 856216
1 820055 820056
0 1046393 1046406
1 303337 303350
1 79592 79602
1 664417 664437
1 846981 846983
1 61709 61710
0 861923 861948
1 187404 214817
1 753714 753715
0 658216 658271
1 647863 647874
1 768987 768989
1 240982 241012
1 1034705 1034936
1 46995 46996
0 573902 573903
0 118355 524107
1 571305 571311
1 379378 379379
0 350902 350904
1 639124 639125
0 413770 414317
1 545740 545741
1 128540 138480
1 597728 597731
1 465214 466101
1 842142 842143
1 936070 936191
0 958369 967840
1 37442 37498
1 452056 452062
1 738462 738773
1 62872 62873
0 1001406 1002891
0 225282 225303
0 765398 765416
0 678378 678727
0 516725 516726
1 641677 641678
1 201738 201742
1 721953 721954
1 788495 789761
1 514109 514110
0 292816 308978
1 194110 194118
1 125111 125121
1 536981 536982
1 418306 430660
0 243198 243201
0 376065 376067
1 717360 717361
0 40573 55555
0 340092 343558
1 1026865 1026866
1 827268 827271
1 482087 482088
1 304486 304487
0 711836 711837
1 897679 902093
1 732692 732693
0 671348 676745
1 474838 474839
1 667325 671108
0 180120 182165
1 24764 24774
0 769129 777571
0 943051 943251
1 166505 166982
1 95463 96471
1 821539 821540
1 639055 639061
0 628781 628835
1 118442 118575
1 798639 798641
0 294287 307068
1 844115 844116
0 292148 292153
1 878451 878467
1 366891 377156
1 983113 983114
1 911737 911992
1 724345 724385
0 1021241 1022142
1 889075 889081
1 804386 804400
0 202259 202368
1 165310 165915
1 292520 292524
1 490174 490176
0 604270 604273
1 384263 384270
1 469372 469375
1 401869 411077
1 294293 294294
0 452076 452080
0 952931 952944
1 994259 994550
0 719204 719752
0 902822 903008
0 82060 82061
1 684799 684803
1 509376 509620
0 906096 906099
1 918042 918050
1 273933 273935
1 961586 962020
1 570202 570344
1 143156 143164
0 1050440 1050461
1 803063 803065
1 667664 667666
0 591535 604700
1 292627 292628
0 654460 654538
1 824213 824214
1 165089 165090
0 593564 593565
1 308810 308811
1 323804 344660
1 183190 183192
1 771806 771821
0 819908 819909
0 332277 332308
1 553180 553181
0 369194 369209
0 824950 826862
1 228327 228329
1 408397 408398
1 79279 79473
1 139203 139223
1 1000425 1000426
1 275461 275761
0 656761 656795
1 648584 648595
1 722335 722337
1 546055 546249
1 36950 36951
1 111164 111352
0 924010 924031
1 225109 225110
1 93436 93437
1 534931 534934
1 90794 91465
0 205646 205670
1 31513 31693
1 732942 732983
1 203116 203120
1 861924 861941
1 894139 894165
1 1021415 1021418
0 569415 569419
1 372274 372275
0 176001 179591
1 836435 836508
1 792116 792117
1 1049385 1049386
1 396373 411166
0 810943 811733
1 233722 233723
0 443764 444275
1 843855 843919
1 120562 120563
1 774097 774099
1 537979 538679
0 720811 720812
1 645666 647799
0 165163 165164
1 461234 462560
1 520842 520843
0 766995 767034
1 769658 769661
1 771915 771983
1 100352 100369
0 511365 511369
0 23660 23661
1 8159 8160
1 57764 57765
0 407047 407101
1 533349 533550
1 326490 326497
0 499836 499856
1 1021593 1021594
1 395005 395008
1 262853 263502
0 232595 232602
1 297885 297888
1 811036 811068
1 164127 164182
0 136651 136652
0 209896 209897
0 891404 891418
1 56544 56917
0 192110 192119
1 966638 966646
1 721579 721580
1 671954 671957
1 990498 990501
0 384476 384482
0 134978 134980
0 353133 353134
1 389443 389470
0 508593 508594
1 5266 6117
1 795321 795322
1 632999 633000
1 729035 729065
1 973093 973094
1 470415 470417
1 460279 475380
0 24956 24957
0 623789 623790
0 597770 597785
1 836352 836353
0 765777 765798
0 225555 230919
1 341409 341410
1 456041 456051
1 1019795 1019796
1 379904 379968
1 831884 832249
0 509475 509476
1 286049 286095
1 452878 452912
0 403883 403886
1 1021376 1021377
0 204918 204921
1 679960 680034
1 1039557 1039558
1 47393 47400
1 222123 222124
1 17983 17984
1 845320 845324
1 21028 21036
1 67540 70076
1 924400 924434
1 119459 119460
1 804117 804142
1 64366 64374
1 1088763 1088764
1 887437 888586
0 838778 838781
0 424059 424060
0 231144 231233
0 426981 428916
1 840387 840390
1 591257 591260
1 316639 318928
1 377168 377216
0 679317 679434
1 753135 753445
1 77736 77748
1 229219 234287
0 957996 958063
1 284212 300305
1 951875 951884
0 594714 594718
0 366543 366557
1 660838 678483
1 727827 727828
0 546413 546417
1 299527 310100
0 207557 207566
1 1032890 1032893
1 903697 904299
0 146974 147120
0 545526 545528
1 345106 345107
1 191339 191341
1 396652 396666
0 420256 420260
1 948417 948538
1 662895 678657
0 85944 85946
1 512248 512251
0 382555 382557
0 109512 109513
0 671833 671834
1 399351 401845
1 11336 35328
0 574149 574151
1 389788 389790
1 172457 179782
1 656684 656685
0 411471 411474
1 46171 46172
0 760797 760802
0 464602 464606
1 1019555 1019556
1 369746 369748
1 913602 920387
1 860688 860689
1 528846 530083
1 453267 453289
1 301938 301939
1 44366 48696
1 500110 500111
1 692313 692317
0 295453 295455
0 573375 573401
1 117454 118150
1 613938 613983
1 459287 459496
1 903223 903225
0 51048 51050
1 878962 878963
0 272900 281675
1 259510 259511
1 1056895 1056896
1 1030168 1030170
1 742535 743167
1 147777 154324
1 704124 704127
0 14148 14149
0 447166 447167
1 1060399 1090587
1 728641 728643
1 1075205 1075217
1 795672 795897
1 645814 645949
1 1077666 1077667
1 121956 121984
1 442527 442565
0 216584 216706
1 595680 595683
1 5416 6140
1 1007231 1007234
1 84212 84275
1 620326 630329
0 174221 174406
1 264969 264977
1 341442 341443
1 137102 140083
0 569787 569826
1 415166 416566
1 557734 557735
0 508630 508631
1 426453 426454
1 65874 65882
1 931969 931970
1 801265 801266
1 716033 716682
0 374159 374161
1 415528 415534
1 251765 254996
1 515806 526094
1 900305 900683
1 224715 226550
0 456253 456255
0 772041 772108
0 812962 812967
1 898106 898107
1 112524 112525
0 778751 778758
1 506233 506271
0 614304 614828
1 955007 955008
0 64207 64208
1 927763 937735
1 589163 589166
1 795295 795296
0 40097 40099
0 839375 839385
0 470724 476966
1 49478 49786
1 108732 108733
1 791803 791804
1 52248 52249
1 577764 577821
0 516101 516109
1 834563 835952
1 1063479 1063481
1 593903 593908
1 1040413 1040414
1 55579 55595
1 687305 687409
1 15529 15594
1 272592 272757
1 1012507 1012509
0 319571 319575
1 263242 265822
0 1058808 1058817
1 418152 418153
0 180526 180527
1 412068 412254
1 579986 580049
1 404130 404133
1 148904 148910
0 435217 435512
1 459767 459768
1 248684 248920
1 243087 243088
0 712761 712780
1 610640 611231
1 847633 847638
0 287615 287619
1 614389 614390
0 47318 48694
1 861666 861684
1 28509 28758
0 111419 124581
0 719163 719164
1 843489 843490
1 1031340 1031341
1 500997 500998
1 549109 549110
1 983335 983341
1 740735 741114
1 83230 85369
1 673672 673673
0 886104 887896
1 610620 610621
1 324496 324498
1 148698 154893
1 95016 95098
1 294608 299169
1 488753 489137
1 97376 97377
1 162603 162604
1 237554 254154
1 93328 93329
0 189229 189242
1 793975 794068
1 1052019 1052021
0 81011 81012
1 115507 115510
0 521854 521859
0 990911 995550
1 981330 981333
1 880121 880127
1 258576 258605
0 528230 528651
0 802715 802718
0 489905 489915
1 655667 655668
0 430432 430433
0 72500 72501
0 601440 601441
1 295373 299391
1 196148 196184
1 959461 959464
1 883987 883997
1 300508 300539
1 237009 237013
1 960546 960547
1 760328 760331
1 639101 639104
0 18242 22155
1 444320 444321
1 443900 444148
1 89807 91137
1 1056415 1056889
0 526221 526223
1 932542 932847
0 108127 109057
0 679292 679509
1 667837 667839
1 177751 178046
1 818684 818686
0 616961 616967
1 122392 123614
1 336932 336933
0 533102 533622
1 322300 322540
1 150493 751754
1 962251 962256
1 541574 541649
1 999264 999265
0 846907 846908
0 1087944 1087945
0 571909 572150
1 597260 597262
1 534515 534905
0 945986 946000
1 551705 551706
0 901292 901296
1 377707 377796
1 355608 355735
1 317807 318144
1 351623 351625
1 600322 600323
1 1080706 1080710
0 746000 746001
0 1044621 1051103
1 419425 419426
1 593695 593697
1 598311 598312
0 976476 976477
1 29611 29613
1 857228 1003519
1 1064468 1064851
0 37797 57101
0 637386 637387
0 403800 403801
1 126007 126008
1 743491 744019
1 324891 324892
0 525418 525419
1 1031740 1031741
1 147645 147646
0 323774 327531
1 751867 754153
1 183587 183588
1 222347 222350
1 381182 381185
1 687376 687377
1 165573 165608
1 481604 481605
1 863413 863749
1 935043 935045
1 314298 314301
1 779941 779943
0 544268 544270
0 886692 886698
0 94131 94132
1 993316 993416
0 346618 346619
1 285092 293612
0 286401 286409
1 484735 484737
1 401268 401602
0 830897 830898
0 638185 638187
1 958898 958899
1 30206 30433
1 933258 933261
0 1070049 1089967
1 358786 358787
0 996586 997941
1 935580 936686
1 846343 846344
1 964937 965232
1 1076044 1076053
1 823072 823073
1 256586 256829
1 468197 468360
1 257290 257294
1 842231 842232
1 695064 695066
1 780852 781327
0 988773 988868
1 829698 830768
1 929525 929529
1 420803 422062
0 166505 166982
0 883002 896893
0 350305 350324
0 742076 742091
1 631701 631807
1 741023 741024
1 755779 755781
0 946028 946029
1 334419 334421
1 168303 168304
1 1081933 1081951
0 302503 304496
1 788731 788732
1 229468 229469
1 417434 417439
1 148935 151022
1 523326 523327
1 2153 5922
0 768384 768386
1 840323 854351
0 403981 403982
1 946852 946985
1 664526 664548
1 495506 495738
1 391370 391394
0 580513 580514
1 1078866 1078869
1 782815 782818
1 286071 305672
0 410820 410823
1 189649 213581
1 527135 527137
0 206902 206903
1 732145 733709
1 82907 83850
1 544331 544334
0 270104 270110
1 422936 422937
1 895773 895777
1 38260 38269
1 692300 692302
1 627806 630802
1 822715 825677
0 278674 278679
1 724666 729111
1 712279 712446
0 482206 482305
1 859153 859306
0 70747 70804
0 801999 802000
1 719679 719680
0 40012 40015
0 411100 411105
0 83026 83037
1 169628 169629
0 834192 834195
1 254353 254354
1 801495 801496
0 572396 572397
1 392449 392450
1 705681 705741
0 907881 907882
1 777401 779032
1 513341 513357
1 470587 470591
1 570549 570559
1 82477 82481
1 582035 582043
1 526547 526550
1 690903 690905
0 787602 787609
1 146633 146682
1 923972 923979
1 372282 372284
1 533786 533863
1 545644 552575
1 810412 810414
1 1033068 1052507
1 249445 249446
1 693678 693681
1 553001 553003
1 137152 137191
1 208072 208100
1 383610 383620
1 935181 937549
0 250025 250026
1 41606 41607
1 168273 168275
1 13632 36614
1 363996 363999
0 173161 184329
1 392595 392631
1 352697 352810
1 1076597 1076607
1 1008854 1009105
0 901223 904865
1 483400 483632
0 792159 792160
1 311862 311947
1 914978 914979
1 821236 821376
0 840161 840162
1 976398 977598
1 575248 575255
1 137631 137637
1 807368 816358
1 193570 207103
1 118833 118835
1 524712 524713
0 961586 962020
1 402438 411035
1 782758 782966
0 648435 648436
1 740590 741085
1 880177 880187
0 619269 619270
1 1090012 1090014
0 874718 874731
1 294912 294914
1 300961 300963
0 358071 358086
0 1070751 1070752
0 387568 387570
1 182882 182993
1 994411 994412
1 58891 77136
1 330330 330342
1 103287 103289
1 649278 651577
1 523846 523873
1 864081 864085
0 1046329 1046330
1 691298 691299
1 873834 873835
1 737356 737357
1 691779 693017
1 508577 508588
1 986336 986339
1 361536 361537
1 847612 847618
1 770114 770129
1 336802 336888
1 863063 863071
1 405117 405118
1 421253 421268
1 822167 822247
1 818476 818481
1 824252 824256
0 688057 688060
1 1080310 1080311
1 707146 707152
0 693684 693687
1 700522 700523
1 150175 150177
1 55520 55521
1 894465 896374
0 424461 424465
1 237322 237323
1 796061 796062
1 981997 981999
1 686721 686746
0 850062 850068
1 270711 270712
0 724630 724631
1 724540 727514
1 337001 337002
1 65244 65277
0 377484 378062
1 624933 627149
1 384543 395392
1 1035840 1039112
1 126693 126697
1 228263 228264
0 484735 484737
1 736882 736890
1 843029 843108
1 668393 668412
1 886557 886574
0 501287 501289
1 706990 707104
1 791401 791455
1 375837 375839
1 144807 144817
1 359734 364053
1 382797 390310
1 1022940 1022941
1 786883 788095
0 698032 699032
1 471331 471786
1 1429 1430
0 332527 332547
1 593397 593402
1 538282 538369
0 997837 997838
1 595059 595068
1 857494 857658
0 866870 866871
1 351340 354387
1 814195 814196
1 507190 507191
0 523138 523139
0 764922 764925
1 189828 189831
1 275317 275318
1 954254 954307
1 273896 281775
1 747632 747634
0 528953 529128
0 625038 625068
1 828836 828837
1 270870 270871
1 726365 726366
1 1031220 1031221
0 190142 190143
1 726994 726995
1 789510 789914
1 198777 198779
1 635096 635098
1 917022 917030
0 352729 352735
1 232895 232933
1 723223 723252
0 306118 306119
1 6858 7354
0 652454 652455
0 812827 812829
0 481116 484336
1 42160 42174
0 361388 361396
1 552673 553389
1 937525 937527
1 135659 135660
1 340783 340784
0 833985 833986
0 840213 840214
1 113265 113266
1 457077 457097
1 459440 459441
0 952893 953622
1 317556 317823
1 596368 596372
1 181800 181803
1 392869 392875
1 679703 692306
0 574295 574304
0 269907 283237
1 571023 573280
1 305936 305937
1 904905 904906
1 860305 861010
1 404341 404349
0 478041 479169
1 380269 380270
0 765058 765059
1 210272 210686
1 540539 540872
1 995082 995628
1 967280 967281
1 128118 128119
0 740748 741324
0 504997 505255
1 955856 955857
1 408166 408169
0 99337 99339
1 444859 445027
0 834977 834979
1 391027 391050
1 705077 705079
1 972314 972853
1 913255 913373
1 813640 813641
1 448444 448630
0 5697 6081
1 172291 172714
0 812192 812193
1 382613 382641
0 254353 254354
1 30993 31195
1 674291 674292
1 464190 464194
1 697893 697906
0 221906 235347
1 21414 21415
0 860707 861276
0 217589 220267
0 31912 31913
1 822019 822051
1 1005906 1005915
1 963308 967885
1 603499 603510
1 284904 289563
1 1072911 1072913
0 289970 289978
0 289536 289542
1 60015 60108
0 652645 652920
0 574683 574890
1 1033600 1039825
0 716226 716227
1 201098 211042
1 462674 462675
0 472726 472727
1 575124 575126
0 217484 217485
0 1078510 1078511
0 390011 390016
1 494715 495439
1 1024739 1024741
1 16415 16416
1 650280 650306
1 759959 759974
1 943275 943277
1 570847 570848
1 87962 88338
1 1013664 1013667
1 303688 303689
1 497237 497238
1 38426 38731
0 509261 509267
1 919757 919767
1 371058 371059
1 17551 20965
0 425762 425765
1 267820 269794
0 68513 68514
0 30644 30814
1 702591 702592
0 588599 588603
0 538545 538556
1 754383 754393
0 98960 98969
1 861281 861288
0 42160 42174
1 819944 819945
1 1068628 1068999
1 122663 122668
1 176743 176751
1 471171 471305
1 713479 715301
1 720575 721338
1 833236 833261
1 686340 693340
0 139687 139689
1 133012 139638
1 467248 467257
1 243169 243173
1 119805 119807
1 303549 303588
1 206570 206571
1 600217 600219
0 542144 542146
1 566405 566424
1 905451 913103
1 606332 607455
1 222144 222147
1 580740 580742
1 502101 504191
1 730658 736497
0 571078 571079
1 362360 362373
0 893162 893293
0 991547 995617
1 185081 185519
0 403395 403396
1 699549 699557
1 482477 482478
1 548779 548793
1 342399 342400
0 499974 504098
1 648542 648543
1 508002 508010
1 1018733 1019191
0 983793 983831
1 392339 392340
0 1082146 1085205
0 545655 545669
1 424441 424446
0 1062232 1062309
1 361453 361469
0 360013 360014
1 892683 892684
0 506531 506857
1 1045018 1045022
1 607876 607877
1 2007 2262
1 10034 10036
1 315389 315391
1 177905 177906
1 899793 899816
1 1043843 1043845
1 331519 331521
1 865549 866615
1 991739 991740
0 432262 433185
0 1044543 1044544
0 368088 368089
1 641990 641991
0 705681 705741
0 536213 543654
1 1071212 1081958
0 270884 271099
1 899162 899164
1 912630 912632
0 585342 585345
1 548885 549076
1 133075 133099
1 60257 60572
0 1026810 1026811
1 765352 765353
1 338191 338962
1 725346 727349
1 827905 827911
0 133679 133681
1 564175 564197
1 966035 967857
1 32485 35735
1 607406 611707
1 978410 978411
1 516533 516563
0 447711 447754
0 121969 122462
1 1033476 1033477
1 491778 492847
1 82894 83237
0 819636 819638
1 834347 834354
1 1046740 1051256
0 442770 443389
0 728636 728638
0 569889 575038
0 1044409 1044412
1 928243 928627
1 943826 943829
1 812470 812471
1 1026792 1026814
0 748970 748972
1 464166 471090
1 519707 526057
1 477900 477904
1 245693 246126
0 773308 773309
1 776521 776522
0 503524 503529
1 935901 935902
0 363595 363598
1 24559 24561
1 450783 450784
0 951368 957293
1 1074595 1074615
0 743247 744617
1 178498 178521
1 29144 29151
1 106811 106812
1 128910 129509
1 1089439 1089441
1 637986 638008
0 475664 476349
0 547119 547480
1 743880 743885
1 1083457 1083480
0 340560 340566
1 522338 526293
1 433446 433448
1 168469 168470
1 665750 665751
1 1066802 1069131
1 768870 768871
1 229674 229676
1 770864 770873
0 664768 664769
0 728642 728643
1 837965 837988
1 190440 190451
0 1031371 1031374
1 139206 139207
1 179578 179594
0 195550 195956
1 962863 963350
1 1000860 1000862
0 64938 65594
1 134949 134963
0 843695 843698
0 607341 613564
1 1060501 1087402
0 359868 359876
1 903766 905341
1 1005487 1005611
1 570907 570924
1 60871 60887
1 496282 496284
1 704090 704098
1 351520 351539
1 1071593 1071597
0 549607 549608
1 494899 498942
0 642908 642912
1 708766 708767
1 713546 713547
1 81127 81128
1 771319 771326
0 774886 774911
1 1008809 1008811
1 368350 368549
1 14405 14419
1 821611 821612
0 787236 788773
0 989022 989023
1 376249 376517
1 733008 733009
0 27560 35404
1 452045 452047
0 553946 553947
1 971890 971910
1 488070 488192
1 809118 809592
1 1060664 1060678
0 673677 673678
0 17998 17999
1 824235 824257
1 921476 921482
1 432120 432130
0 917478 917876
1 593559 593560
1 1040423 1040717
0 327778 327780
1 278324 278330
1 267387 267390
0 875857 876005
1 520245 520428
1 355027 365842
1 473413 473533
1 152097 156974
1 94469 610014
1 650148 650326
1 1080122 1080345
1 983996 984097
0 799782 799783
1 37606 37607
1 851459 851729
1 727009 727012
0 121520 121521
1 746574 746578
0 312602 312780
0 797902 797903
0 275855 275862
1 729740 730914
1 1074453 1074454
1 494997 495000
1 958395 958406
0 104286 108516
0 350248 350251
1 949258 949260
1 689079 689081
1 44195 44199
1 65213 65349
1 157443 634443
1 523434 523435
1 17872 17944
1 228719 231680
1 600023 600027
1 768026 768047
0 466452 466463
0 285362 285364
0 399015 399826
0 818097 818098
0 796996 796997
0 904905 904906
1 682318 682323
1 923401 926080
1 710739 721364
1 331994 331995
1 1081293 1081294
1 916776 916864
1 2985 2986
0 1063448 1063455
1 385698 385702
0 316639 318928
0 520091 520092
1 860751 860752
0 77943 77961
1 885704 885711
1 278587 278593
1 190523 190560
1 283325 283984
1 745834 745860
0 944361 944363
0 416195 416305
0 946840 946925
0 745299 746109
1 1036929 1036930
0 614194 614195
1 279485 279486
1 715212 715622
1 493322 493323
0 741831 741839
1 340126 343571
1 312602 312736
1 609237 609402
1 175099 184215
1 784272 785021
0 751728 751747
0 34850 34851
0 67786 67787
1 379178 379892
0 309309 309310
1 786786 787185
1 236953 236957
0 756907 757077
1 803590 804635
0 198415 198417
1 957486 957489
1 247761 253895
1 652765 652785
1 869830 869833
1 839561 839641
1 1035016 1035608
1 143259 143261
1 1074391 1074393
1 452010 452012
0 466344 467896
1 481668 484730
0 618635 618651
1 143726 143727
1 415957 415972
0 265076 265079
1 634673 634678
0 284838 284842
1 554502 554705
1 879218 879226
1 231060 231379
1 405435 405461
0 1055660 1055661
1 217964 217999
1 900817 900818
1 233168 233171
1 237738 237742
1 264859 264862
1 848380 848548
1 375773 375776
1 66579 66641
1 915837 915840
1 874164 874432
1 486644 486645
0 1040362 1040363
0 99614 99617
1 268711 281604
1 792037 792038
0 86347 87606
0 133501 133746
1 263206 263263
1 479795 479799
1 505118 505125
1 687904 687907
1 33282 33283
0 187272 187274
1 325079 325324
1 1053899 1053900
1 465896 466078
1 211038 212024
1 142312 142329
1 909269 909270
0 270870 270871
1 943777 943778
1 142619 142620
1 334182 337949
1 719791 719792
1 390944 390945
1 219047 219656
1 581320 605909
1 653792 653816
1 376884 377078
1 325320 344662
1 899769 899893
1 373054 373498
1 830697 830698
1 441176 441183
1 150634 150638
0 941537 941538
1 370083 370124
1 741682 741683
1 291315 291317
0 303447 303448
1 539001 539002
1 244306 245830
1 547734 547742
0 1077862 1077877
0 424197 424233
1 990029 1000221
1 329803 329808
0 163408 163420
0 934608 934610
1 399865 400066
1 783827 788590
1 946040 946264
0 415124 415157
0 25876 25894
0 557217 559219
1 518734 518736
1 142312 142316
1 475133 475134
0 7271 7441
1 217409 217412
1 704000 704201
0 168215 168235
1 177858 177861
1 632828 632829
0 162284 162288
0 858758 858759
1 455023 455026
0 429420 429421
0 346209 346328
0 996089 996090
0 989655 989656
0 170 171
1 406178 406179
0 474838 474839
0 725102 725103
0 741760 747517
1 459074 459723
1 463468 463469
0 994822 994825
1 980505 980968
0 492352 492360
0 522650 523299
1 837110 837111
1 146953 146962
1 692319 692540
1 1045780 1045781
1 234048 234049
1 399850 399852
0 430862 430876
1 642919 642920
1 831014 831025
1 188928 188929
1 55208 55210
0 418089 418101
1 560498 560673
0 495371 495383
0 637338 637356
1 115784 116162
1 634122 634138
1 421356 429948
0 1084063 1084064
1 658764 658765
0 549886 555718
0 852118 852119
1 815187 815189
1 587805 587809
0 164047 164143
0 634565 634566
0 623622 626658
0 822065 822159
1 178002 178004
0 1028175 1028176
1 799340 799365
1 675899 677388
1 997190 997191
1 482542 483023
0 994668 994719
1 162753 162777
0 46552 46732
0 972460 972884
0 498239 498243
1 485278 485322
1 1038086 1038095
1 1042822 1042891
1 812627 812636
1 50342 50350
1 338453 338456
1 10224 10225
1 561442 561443
0 963678 963680
0 144862 144864
1 419212 419215
1 169543 169544
0 236646 236651
1 964671 964676
1 858837 866155
1 361561 361668
0 428158 428159
0 710542 710549
1 799917 799920
1 683781 683784
1 280047 280048
1 114261 114262
0 1044647 1044709
1 278550 278951
0 607919 607920
0 832049 832050
1 243326 254777
1 635649 637309
1 730302 730308
1 619433 619460
1 335820 335822
1 972919 974428
1 619587 619956
1 642461 642464
1 74124 74220
1 38707 38712
0 645739 645747
1 981522 981527
1 490496 491579
1 149168 153570
0 626505 627136
1 177314 177323
1 156234 156433
1 942157 942158
1 621580 621771
1 730759 730760
1 400289 400290
1 812901 813215
0 907963 910045
0 991921 991931
0 490799 491088
1 647413 647414
1 218208 218209
0 807427 807428
1 1062939 1062940
1 1068697 1074527
1 596587 596599
0 504275 511070
1 837032 837033
0 238683 238749
0 679890 679892
0 324406 324689
1 815070 883066
1 635318 639555
0 427370 427373
1 902078 902609
0 475637 1028476
1 192279 192282
0 49971 50103
1 879102 879103
0 62804 62819
1 192429 192432
1 435447 442307
1 740841 740842
0 389511 391466
1 496769 496770
0 505009 505011
0 306043 306045
0 212075 212215
1 935036 937645
0 241962 254110
1 291919 291921
1 469223 469225
0 80132 80133
1 884180 884181
1 40447 40454
1 774284 774667
1 336748 336753
1 1056291 1056292
1 1015575 1015576
1 200739 200740
1 189748 189756
0 339815 339816
0 936793 936800
1 754629 754665
0 684185 684195
1 1012853 1012854
0 854380 854382
1 796077 796214
1 904687 904688
0 33282 33283
1 512035 512996
1 385123 386493
1 200505 200506
1 288406 288411
1 459833 460243
1 477645 477651
1 236878 236879
0 70220 70399
1 873324 873325
1 509653 509655
1 179279 179422
1 302598 302601
1 203214 203231
0 463644 463646
0 761928 777314
1 982934 982952
0 299612 299613
1 996033 996036
0 998213 1000284
1 197603 213631
1 407108 407128
0 1067193 1087626
1 11000 11001
1 144611 156352
1 14253 14260
1 838812 838824
1 243864 243865
1 199378 199379
1 556603 556607
0 686417 686459
0 911940 921544
1 72487 72570
1 24750 25187
1 88038 88039
1 414224 414636
1 574967 578773
1 337564 337756
1 867282 867283
0 1045018 1045022
1 857564 857959
1 812158 812159
1 44342 44383
0 401108 411121
1 954344 956195
1 1088889 1088891
1 487264 487422
1 176339 176512
0 860305 861010
1 378776 378904
1 781136 781927
0 125797 125803
1 717812 717816
1 610747 610748
0 830734 830737
0 742970 744342
0 439358 439391
1 200414 200415
1 252364 252373
1 657917 657918
0 181777 181783
1 373240 373249
1 615502 617253
0 114624 114651
1 664616 664629
1 15530 15531
1 222487 222488
1 486999 487066
1 601508 601523
0 548172 551702
0 238046 238054
1 588734 592668
1 462267 462269
0 655231 655246
1 589166 589170
1 238162 238166
0 593863 605851
0 230844 230857
1 807805 807849
1 361360 361374
0 846895 846919
1 940404 951011
1 881780 881784
1 6068 6081
0 613065 613066
1 72083 72084
0 1065227 1088557
1 987707 987708
1 913108 913110
1 762435 762436
0 79432 79434
1 399087 399088
1 902576 902577
1 753036 753055
0 352590 352596
1 136388 136389
1 114446 114447
1 901451 901453
0 418996 418998
0 1021341 1021344
1 60830 60832
0 942543 949246
0 1019131 1019132
1 1062865 1062908
1 660070 660071
0 240569 254516
0 686229 686230
0 202188 202190
0 105156 105160
0 940918 942272
1 605151 605153
0 760531 778275
1 326718 331061
0 669616 669617
0 93436 93437
1 335354 335356
1 540598 540773
1 255566 255567
1 192107 192420
1 297740 297770
1 492433 492632
1 703261 703263
1 518883 518945
1 835530 835532
0 1021376 1021377
0 1005300 1005301
1 195584 195589
1 54911 54913
1 914702 914711
0 864081 864085
1 192439 211574
1 663425 663520
1 565369 565373
1 898994 899280
0 285104 285105
0 390703 390717
0 204396 204408
1 840814 840854
1 527816 527865
0 230364 230365
1 348714 354325
1 375295 375297
0 779075 779076
1 221297 223597
0 627873 627892
0 818476 818481
1 2029 2038
0 507632 507634
0 378117 378119
1 143905 143935
1 326607 326685
0 916670 916683
1 417884 417971
0 240786 240790
1 204927 204939
1 86167 86188
1 412237 412243
0 578331 729837
1 142604 142605
1 730358 730373
1 611099 611359
1 1003993 1003994
1 1006071 1006072
1 25174 25189
0 188019 188102
1 223408 233397
0 641341 641366
1 161548 169512
1 749913 749915
1 242355 243935
0 578241 578242
1 608077 608078
1 745721 745722
0 502101 504191
0 86177 86178
1 764736 764741
1 833060 833069
1 121514 121515
1 536297 536305
0 537468 537471
1 55581 71595
1 723635 723636
0 165393 165394
1 757495 757507
1 403197 403198
1 648905 649043
0 910990 910991
1 125128 125129
0 335567 335568
1 312562 312564
1 884829 885425
1 264726 265028
1 794947 796910
1 636107 636109
0 514895 514947
1 951443 951444
1 162055 162057
0 850126 850131
0 742685 750451
1 356141 356189
1 1074193 1074196
0 810906 810907
0 656458 656626
1 221940 229816
1 793225 793227
1 410411 410412
1 772068 772412
1 533303 533316
1 99497 99499
1 4252 4253
1 78291 78292
1 862820 863271
1 461838 461848
1 278002 278050
1 439379 439397
1 991471 991472
1 172758 181704
1 393128 394497
1 659929 659935
0 360632 360890
0 454319 454320
1 891578 891579
1 170174 170176
1 279682 279683
1 334819 335035
1 860411 860420
1 908195 908199
1 127088 127089
1 907141 907145
1 590113 590115
1 548990 548995
0 812800 812810
1 202151 202152
1 135456 135457
0 911414 911430
1 468516 468517
1 758414 758557
0 489368 498533
1 85080 92010
1 848189 848192
0 738462 738773
1 572472 572473
0 546662 546938
0 4968 5371
1 655562 655563
1 1024308 1024315
0 96166 96169
0 803582 805089
1 551192 551204
1 28210 28256
0 506233 506271
1 409295 410636
1 578716 578746
0 776521 776522
1 382503 382504
1 798606 798629
1 1084215 1089201
1 180078 184431
1 478401 478411
1 378239 378241
0 482465 967154
1 418936 418972
1 253209 253213
1 581285 581293
0 675984 675986
1 221429 221439
1 711137 711304
1 1023353 1023544
1 1056965 1056966
1 970568 970570
1 566546 566547
1 34843 34844
1 427335 427380
1 891573 897156
0 248538 248715
1 2536 2538
1 810678 810743
1 887279 887300
1 205752 205753
1 464061 464062
0 640713 640714
1 1780 2572
0 910006 910305
1 1031848 1031858
1 262486 263465
1 647664 647666
1 994154 994155
1 505641 506850
1 745227 745945
1 228293 228440
1 366678 366682
1 999527 999999
0 644846 644906
1 5308 6242
0 313981 313984
0 223175 223177
1 820291 824824
0 754980 755306
1 131741 151633
1 984876 987003
0 122364 123114
1 50486 50487
0 900069 900179
1 320430 320445
0 33011 33021
1 133403 133412
1 425406 425409
0 102647 108430
0 292338 292340
0 306643 306645
1 14120 14121
1 1076305 1076555
1 157835 157839
0 1084056 1084143
1 264116 264208
1 728095 728097
0 487074 487086
1 398100 398104
0 1037670 1037671
1 475895 477634
1 447659 447695
0 493322 493323
1 786658 786660
1 964478 964489
0 285943 285944
1 252532 252533
1 591062 591217
1 486081 486083
0 991863 999007
0 704964 704965
1 513596 513678
0 232539 232542
1 466399 466400
1 101686 101701
1 448977 449124
1 171454 171781
1 476061 478967
1 796484 796486
1 884050 884052
1 837466 837467
1 3498 8483
0 410843 410846
1 353683 354435
0 661774 661775
1 537422 543727
0 619279 619282
1 83374 83403
1 514612 514613
1 142689 142690
0 19763 19764
1 292417 292433
1 940827 943155
1 509142 509412
1 697766 698999
1 1080122 1080671
1 743657 743671
1 204413 215581
1 31334 31337
0 827742 846017
1 608625 608627
0 495621 495622
0 886622 886630
1 1061172 1090278
1 969457 969459
1 530472 530474
0 797332 797333
1 707987 708190
1 586352 586354
1 475833 475834
0 389532 389536
1 357226 357233
0 927763 937735
1 359969 359979
1 400285 400901
0 933947 933948
0 357297 357615
0 474154 474155
1 689840 693839
1 1018319 1018321
1 97340 97369
0 385123 386493
0 473975 473976
1 174001 174264
1 317243 318163
1 441175 441223
1 1082020 1082024
0 16047 16048
1 390534 390535
1 226255 226868
0 485225 494514
1 1007602 1007606
1 510084 511671
0 431758 432056
0 862631 862678
1 30115 30116
1 311588 311774
1 1030080 1046221
1 647309 647465
0 94545 94546
0 447721 447766
0 397728 414403
1 504524 504547
1 850960 850961
1 70795 70796
1 380991 380993
0 516947 527060
1 786692 786876
0 358059 358060
0 566405 566424
1 86801 91993
1 619021 619026
1 469578 469588
0 290481 290484
1 362867 362868
1 559351 559352
1 208348 209716
1 1033062 1033066
1 1019111 1019129
0 68901 68902
1 960409 960424
1 28300 28302
1 685711 692514
0 981764 981766
1 567571 567585
1 759006 759009
1 23773 23775
0 840832 840833
0 77888 77889
1 789663 789666
0 436844 436845
1 304416 304417
1 305942 310141
1 891088 891552
1 532916 532917
0 474889 474890
1 439449 439555
1 830524 830525
1 85226 85232
1 166658 166661
1 1017509 1023565
1 910148 910149
1 839901 839902
0 317387 317445
1 691156 693717
1 165244 166183
1 1058950 1058951
0 580495 580496
1 721033 721036
1 793622 793893
1 973840 973841
1 941110 942149
0 84379 84385
1 1062598 1063828
0 650168 650169
0 905928 905940
1 168213 168229
1 510906 511246
1 264555 264556
1 359899 361252
0 933279 933280
0 496027 496856
1 264842 264912
1 839199 839200
1 560759 562572
1 288980 307798
1 872962 873214
1 558972 559206
0 788855 788882
0 759449 759451
1 225465 225466
1 639997 640001
0 235901 235904
1 1081048 1086106
0 859732 859735
0 935553 935554
0 1080304 1080305
1 1035556 1035557
1 419835 425919
0 242486 242487
1 747109 747110
0 813939 816168
1 806438 806615
0 1078570 1078571
1 230870 230882
1 631512 631751
1 577121 577166
1 955070 955071
1 264433 631050
1 322743 322782
1 687494 693117
0 861087 861091
1 47767 47850
0 652605 652606
0 440400 440401
0 570907 570924
1 118787 119165
1 11120 11153
1 948715 950292
0 686340 693340
1 14762 14767
0 657564 657639
1 469062 469070
1 951654 951656
0 154242 154243
1 368475 368627
1 391888 391892
1 375425 375435
0 1069688 1086683
1 261157 261530
1 272362 278514
1 974780 974799
1 368703 381355
1 339912 339913
1 278955 279018
1 310293 310294
1 293108 305275
1 317735 317837
0 2536 2538
1 886582 886600
1 2045 2066
0 590395 590398
1 161964 161972
0 892798 892800
1 1048466 1048501
1 722159 722487
1 150030 150035
1 1055606 1055607
1 438289 438306
1 304022 304023
0 879481 879494
1 643371 643372
1 112107 118700
1 189994 190008
1 666585 666586
1 166432 166953
1 895225 895250
0 578716 578746
1 522246 522252
1 760854 760886
1 448936 448944
1 148155 148180
0 1031262 1031281
0 559700 559997
0 537121 538090
0 146487 146488
1 203929 204615
0 260133 265977
0 572526 572546
0 547466 547467
1 469320 469326
0 927948 927950
1 1023003 1028322
1 415384 415385
1 535148 535189
1 742954 742957
0 39125 39162
1 53572 57025
0 870853 870855
1 648696 648700
0 183587 183588
1 237662 237663
1 553176 553388
1 415929 415931
0 978697 978698
0 615702 615708
1 993392 993750
1 496121 496721
0 770530 770531
0 618953 619777
1 428630 428631
1 83997 84000
0 192540 192626
1 1073609 1073885
1 198001 198012
1 222217 222220
1 1078982 1079224
0 916776 916864
0 242438 242442
1 782071 782254
1 439148 439154
1 256966 256967
0 645101 645124
1 369631 369638
1 301924 301930
1 847905 848617
0 500997 500998
1 488929 488933
1 595228 595233
1 504966 505219
0 1023267 1023271
1 245033 245034
0 871486 871487
1 713812 713814
1 784611 784612
1 65448 65450
0 116635 116908
1 982464 982465
0 1041612 1051186
0 359564 361124
1 1001258 1001276
1 216100 217274
1 362001 363200
0 115095 165025
0 159270 159273
1 703375 703377
1 924266 924319
0 812512 812514
1 486929 486967
1 501092 501093
1 765583 765603
0 61791 61792
0 991697 991698
0 398283 398284
0 712747 712855
1 564601 564786
0 898645 899232
1 622329 622348
1 332451 332468
1 489486 489584
1 1008974 1011672
0 278710 278970
0 113838 114201
1 672050 672051
0 779818 779830
0 569256 569263
1 1072438 1078278
1 10345 10573
0 258467 258478
0 719930 719933
1 1010631 1010633
0 735696 735697
0 1076305 1076555
1 146077 146078
1 626139 626167
1 335555 335565
1 73725 75312
1 238444 238445
1 1025082 1025083
1 995098 995145
1 588967 588969
1 348582 348585
1 885527 885541
0 705601 705611
1 494769 494774
1 222295 222326
1 1017856 1017861
1 720464 720465
1 659251 659252
1 1052443 1052445
0 641990 641991
0 934009 934038
1 457772 457785
1 394013 394015
0 318784 319109
0 511502 511503
1 649724 649737
1 874217 874382
1 257149 257150
1 412820 412824
1 187630 214930
1 88222 88232
0 1072318 1072320
1 642904 642905
1 717007 717010
1 451384 451817
0 1061469 1061470
1 339808 340664
1 872920 873200
1 602449 602450
1 133265 133322
1 541073 541074
0 1014960 1029082
1 89840 89841
0 465539 466158
1 60587 60622
0 488905 489190
1 1081940 1081941
1 322244 322466
0 326980 326981
1 202439 202440
1 157808 171300
1 327393 340056
1 334200 335003
1 207384 207472
0 764524 764532
1 385828 385852
1 60578 60606
0 733017 733023
1 242392 242393
1 224308 224734
0 626057 630685
1 660444 660468
1 192572 192573
1 22764 22930
1 41149 41150
1 424362 424364
1 269865 269973
1 231373 718513
1 1023265 1023470
1 1002391 1002506
0 817725 817727
1 505152 506331
1 827635 827636
0 942250 942388
1 870914 870918
1 1067587 1068140
1 333225 333226
1 410115 410127
1 1073475 1084857
0 173342 174083
1 299269 306369
0 465234 466070
1 323716 323717
1 780682 780690
1 874686 874688
1 1063256 1063261
0 631647 650852
1 199992 202705
1 78113 78856
1 974192 974194
1 761653 764183
1 419354 419365
1 147061 147067
1 958023 962474
1 101303 101306
0 195077 195078
1 569551 569554
0 428069 428089
0 973471 973519
1 47332 48814
0 768022 768023
1 526119 526120
0 622600 629786
1 181010 181286
0 532142 532250
0 515810 515812
0 780578 780587
1 557537 557546
0 989083 989790
0 1038534 1038535
1 1069582 1069587
1 686625 686657
1 923467 923475
0 1003892 1003893
1 674415 674439
1 637719 637720
0 27328 27337
0 325775 325781
0 625488 625489
1 844673 844710
1 873881 874023
1 879068 879069
0 608867 608907
1 563569 563585
1 118271 118284
1 576688 576722
0 398511 398512
0 392637 392642
0 821043 821044
1 752046 752053
1 548724 555396
1 1064382 1064383
1 329983 330037
1 349589 349600
1 99680 99681
1 104027 104029
0 845686 845687
1 1069268 1069275
1 18620 18641
1 1063068 1063557
0 129838 129840
0 332699 332701
0 594054 603522
1 111035 111040
1 87693 87755
0 813640 813641
1 914672 914838
1 181051 181058
0 889403 890230
1 811592 811594
1 662611 678565
1 474709 474711
1 31951 31952
1 853688 853690
0 262129 262221
1 667599 667601
1 874999 875000
1 628536 628543
0 221506 223313
1 20211 20212
1 246393 246415
1 14453 14458
1 833557 833558
1 508313 509966
1 1049313 1049314
1 687411 687412
0 925066 925130
0 76363 77022
1 852094 852096
1 373088 373105
1 909677 910038
0 100800 108256
0 841809 841855
1 878250 878251
0 244556 244557
1 647404 647405
1 394318 394319
0 759819 759820
1 506969 507008
0 856755 856768
1 394125 394130
1 447194 447515
1 678823 679053
1 836951 837143
1 162215 162240
1 41716 41799
1 453289 453290
0 369746 369748
1 456992 456994
1 768619 768625
0 691410 691414
0 370410 966784
1 97989 97992
1 864053 864054
0 586186 586208
1 620185 621263
1 985880 985881
0 316592 316594
1 673754 673759
0 643615 643616
0 519824 519825
1 37144 37145
1 673022 673026
0 325598 325599
1 276786 277197
0 886546 886557
1 703567 703568
1 237120 237130
1 59553 59568
1 461177 461199
1 1044797 1044798
0 728177 728218
1 740688 741116
0 509418 509419
1 1060835 1060837
0 25499 25552
0 100530 100549
1 611533 611534
1 923313 926047
1 784650 784772
1 174226 174380
1 250829 250925
1 1025155 1025160
1 523478 523542
1 422109 422189
1 32787 32899
1 966696 966755
1 158507 158515
1 449857 457635
1 164931 164932
1 847608 847609
0 276786 277197
1 640389 640391
0 964085 964091
1 130808 130809
0 475731 475739
1 848589 854526
0 681667 681669
1 852504 852505
0 535863 535879
0 424671 425084
1 358911 358923
1 955762 955765
0 150136 150150
0 355951 355970
1 669996 669997
1 799268 799369
0 823604 823605
1 373656 373659
1 352685 352687
1 149231 149247
1 74653 74654
1 136844 136845
1 702218 702220
0 701987 704234
1 773700 773701
0 934864 934882
1 515774 515776
1 886191 886205
1 821288 821418
1 772369 772379
0 855676 855677
1 730599 749611
0 464244 464489
1 1033184 1033185
0 764901 764911
0 189051 189077
0 82673 83778
0 403013 403014
1 568623 568633
1 318054 319943
0 932580 932774
1 185698 185700
1 257176 257182
0 127708 152159
1 842425 842478
1 927641 927642
1 217575 217583
1 298118 298120
1 462934 462935
1 1074747 1074748
1 279341 279589
0 229219 234287
1 96129 109527
1 955450 956955
0 735519 735527
1 598652 605365
1 355445 355446
0 406667 406668
1 698135 699183
1 622585 622600
1 691646 691651
1 744828 744931
1 715416 715418
0 886220 886221
1 327603 327627
1 581992 581994
1 951036 951038
1 461399 461412
0 586738 586739
1 534060 534093
1 450603 450609
1 625822 627296
1 940987 948836
1 354753 354754
1 6958 7001
1 750876 750877
1 1070682 1070683
0 459074 459723
1 19642 19643
1 96311 108319
1 737462 746676
1 197935 197982
1 350124 350125
1 500363 500366
1 946330 946354
1 1056547 1059283
1 887121 887129
1 514149 514150
0 599149 599323
0 1041207 1041211
0 670319 670320
0 417791 433248
1 267453 267454
0 760340 760349
1 567963 567965
1 770002 827220
0 740135 740154
1 333633 333654
1 147549 147551
0 40447 40454
0 86283 87034
1 566834 566835
1 667239 667267
1 61116 61117
1 809575 809732
1 565982 565983
1 622635 622654
0 719866 719868
1 383026 383263
1 397778 398546
1 880030 880065
1 201250 201251
1 768680 768702
1 978737 982803
1 141156 141158
0 246592 247224
1 540813 540893
1 852565 852566
0 976283 976284
1 935833 935844
1 787095 787673
1 94089 94778
1 674269 674287
1 116880 117105
1 634972 634975
1 454389 454392
1 701312 701438
0 227273 227490
0 322641 322684
1 454894 454905
1 475915 475916
0 238388 238441
1 591698 591699
1 115731 115732
1 721946 724431
0 972372 972373
0 874887 874890
1 443584 443585
0 279436 279530
1 7989 7990
1 832079 845438
1 1063323 1063324
1 850046 850049
1 130165 130395
1 380980 380981
0 743355 743789
1 452753 452754
1 405147 405150
1 1031328 1031331
1 586124 586155
1 636954 636968
1 932574 932852
1 854312 854315
1 868541 868684
0 140276 140289
1 1038987 1041749
1 7073 7102
1 484953 484955
0 180078 184431
1 26227 26369
0 32787 32899
1 836098 836101
0 643900 643910
1 363573 363574
0 679960 680034
0 1073985 1090428
0 38707 38712
0 545286 545287
0 940935 940938
1 367011 367016
1 198830 198833
1 37765 37766
1 121658 124672
1 248685 248758
1 84002 84003
1 192775 192777
1 967009 967252
1 144622 144623
1 547514 547518
0 1073886 1073887
1 47095 47096
1 579853 579871
1 581361 581713
0 335555 335565
0 905546 905547
1 206276 206277
1 162369 162371
0 631413 631416
0 390151 390610
0 1083754 1083774
1 496221 496916
1 995265 995266
1 757823 757824
1 761932 769303
0 581939 581948
1 835303 835305
0 98421 98424
1 425047 425049
1 1031498 1031499
1 443270 450362
1 771642 771645
1 361385 655558
0 768563 768566
1 415586 415620
1 663986 663988
1 1043652 1043653
1 809379 809716
1 923215 923227
1 71272 75176
1 100911 100913
0 769914 769925
0 403078 403079
1 844704 844705
1 192195 192208
1 711912 712155
1 49350 49351
0 523192 523197
0 185396 185397
0 691450 691451
1 464144 466055
0 52697 52698
1 730861 730863
1 177368 177427
0 1057603 1057610
0 635395 635427
1 118062 124506
1 1005867 1013445
1 277541 277550
1 687176 687178
1 396792 397485
1 370076 965904
1 121394 123167
0 439353 439364
1 738240 745918
1 194597 194599
1 775407 775418
1 3732 3735
1 417887 417894
1 95713 95714
1 877606 877607
1 1014816 1014895
1 143959 143960
1 104320 104325
1 715829 715923
0 464993 465972
1 1034481 1034482
1 1021259 1021261
1 751508 751532
1 1025129 1025130
1 890423 890430
0 675259 675260
0 4625 4629
0 675434 675435
1 952747 953693
1 672345 672348
1 754823 779791
1 424181 424187
1 239992 240088
1 888726 888727
1 613374 613386
1 740751 741428
0 683546 683547
1 963498 967772
1 351692 351695
1 146008 146016
1 340083 343556
1 1001737 1001747
1 891633 891634
1 576458 576459
1 57650 57658
0 544331 544334
1 928240 928408
1 412996 413015
0 309004 310375
1 219822 219823
1 435803 435851
0 187113 187116
1 120570 120614
0 160320 160331
1 205331 205332
1 902267 902278
0 320852 320890
1 291016 291017
1 2592 2593
1 1021151 1021160
0 771468 771475
0 39666 39700
1 980595 980617
0 324230 344078
0 714435 714436
0 628564 628565
1 292259 292260
1 202320 202322
1 226520 226722
1 363600 363628
1 535971 536395
1 427889 427890
1 287638 287639
1 201209 201527
0 877683 877705
1 42379 42514
0 954879 954908
1 702330 702398
1 1010632 1013842
1 236365 236367
0 536211 536212
1 138257 138259
0 1081153 1081159
1 942943 943168
0 317845 318112
0 587966 587997
1 291750 303491
1 936255 936256
0 1031881 1031882
0 255629 255876
1 34091 34093
0 421356 429948
1 946148 946150
1 75253 75257
1 122334 122522
1 306393 308892
1 120211 120212
1 430639 430644
1 912226 921008
0 954155 954156
1 550787 550876
0 8026 8027
1 240190 240215
1 964593 964594
1 1044940 1044941
1 357203 357204
1 561115 561206
1 951388 951427
0 430345 430347
1 450698 450775
0 144427 144453
1 871382 876979
1 311573 311574
0 467864 467865
0 120893 120946
0 1071083 1071084
1 635107 635111
1 9975 9982
0 397060 397522
1 345256 345257
1 792812 792824
0 889678 890086
1 659781 659783
0 478401 478411
0 733584 733601
0 861290 865411
1 989142 989164
0 995222 995224
1 738058 739198
1 551684 551693
1 1084561 1084562
1 884939 884941
1 591451 591669
1 661549 661550
1 1063267 1063288
0 745089 747986
1 491678 498621
1 262281 262288
1 1037629 1037630
1 591200 591222
1 448392 450371
1 192918 192919
1 907307 907313
1 366470 366472
1 366324 366326
1 902320 902865
1 306666 306667
0 1049313 1049314
1 846893 846896
1 914475 914489
1 406595 406598
1 341238 341243
1 417296 417303
1 685179 685184
1 364859 364861
1 410606 410607
1 599590 599598
1 42171 42212
1 947702 947704
1 177463 177466
1 688157 688160
0 264085 264086
0 190048 190050
1 889974 889978
1 559755 559756
1 91340 91341
1 199595 199602
1 346165 346171
0 1025945 1026159
1 936182 936355
1 405762 405775
1 1066163 1066174
1 708759 708760
1 643648 643649
0 1008149 1011434
1 302672 302673
1 800732 801001
1 551434 553909
0 164127 164182
1 448826 448839
1 845970 845972
1 207927 207928
1 625155 625157
1 658732 658733
1 70185 70187
1 957410 957426
1 487097 487527
1 1072837 1072839
0 1064902 1064905
0 154987 154989
1 50459 50827
1 806122 806271
1 681838 681840
1 989597 989599
0 272961 272966
1 633678 633679
1 348638 348651
1 919303 919304
1 195424 210582
1 162794 162894
1 211439 211442
1 179757 179758
1 135784 135785
0 68332 68333
1 910238 914064
1 549200 549201
1 860603 860898
1 722278 722280
1 918484 918579
1 224327 224332
0 304682 304683
1 147442 147443
1 990468 990469
0 306219 307079
1 213065 213067
1 25061 28588
0 172422 172434
1 1063734 1087088
1 445184 445185
1 974363 974447
1 136149 136161
0 827984 827985
0 687263 687375
1 728194 728195
1 459852 479538
0 720659 720661
1 125139 125140
1 304439 304449
1 1067685 1068027
0 1012464 1014712
1 611725 612828
1 430063 430065
0 16399 16400
1 314929 314959
1 987418 987419
1 590737 603994
1 940494 940495
1 768400 768417
1 763318 763319
1 511452 511453
1 1208 1312
1 536044 536054
0 126873 126877
1 915649 915867
1 896133 896136
0 486032 486033
1 424548 424551
0 938926 946079
1 887076 888493
1 672625 672778
1 328496 328497
1 326466 326468
1 558056 558064
1 505774 506778
0 94469 610014
0 339358 339359
1 406722 406723
1 1070052 1070055
1 813820 813821
1 645759 651325
1 552146 552815
0 408666 408667
1 1047536 1047537
1 287429 287450
1 1077753 1077755
0 9528 10104
0 777401 779032
0 420238 420243
1 135332 142177
1 1037464 1037468
0 92696 92697
0 949579 949963
0 251939 251940
1 1038380 1038381
1 755804 755959
1 69934 69936
1 402789 402806
1 252110 252111
1 432410 432411
1 317601 317603
1 848775 848847
1 268020 268725
1 870828 870831
1 527643 527644
0 431084 431087
1 686827 686847
1 782796 782797
1 828624 828688
0 802420 802421
1 833560 833567
0 319981 320040
1 567053 567055
1 1069467 1069538
1 33472 33473
0 264969 264977
1 1079341 1079342
1 915523 915652
1 4016 4017
1 429184 429185
1 98057 98061
0 463574 463724
0 460867 460875
1 833441 833464
1 992493 992495
1 957538 957539
1 126694 127166
0 988278 988279
1 622232 623332
0 385513 385514
0 66370 66374
1 635211 635212
1 761710 762667
1 787618 787619
0 1018869 1018872
1 69860 69861
1 673847 673848
1 63479 75173
0 1081866 1081877
1 139408 139409
0 901343 901355
1 117972 117973
1 560750 563025
0 241275 241277
1 252480 252485
1 336633 336701
1 621802 621877
1 531057 531058
1 846669 846671
1 860069 867970
1 394255 394256
1 118771 119304
1 762214 767797
1 256905 256908
0 611099 611359
1 571631 571632
1 378346 382224
1 314912 321534
1 31234 31235
1 115032 116716
1 443001 443002
0 774157 774158
0 894465 896374
1 52574 52575
1 132204 132212
1 847942 847947
1 944642 944643
1 527659 527668
1 584580 598271
1 21094 21096
1 273911 347921
1 443301 443328
1 270124 270126
0 57831 57832
1 838913 838916
1 173744 173762
0 1047198 1047199
1 705027 968761
1 144274 144339
1 733283 733293
0 276164 276190
1 1058667 1058668
1 986064 986065
0 465283 465284
1 243084 254319
0 1068923 1074104
1 140741 140745
1 1084263 1085996
1 352496 352560
0 706741 706955
1 202392 202395
1 696386 696399
1 1084729 1084730
1 664604 664611
0 205990 205999
1 537199 537200
1 120949 120955
1 576511 576518
1 270586 270589
1 7529 7530
1 286660 286661
0 618478 618482
0 537979 538679
1 69954 69955
1 359878 359879
1 1077585 1077586
0 731946 731947
1 640824 640829
0 438703 439171
1 150126 150128
0 1007674 1013272
0 736424 736455
1 451696 451701
1 823966 823970
1 196556 196558
1 668464 668643
1 971590 971597
0 1033761 1033763
1 563658 563659
0 237218 237221
0 782347 782377
0 438022 438024
1 28630 28632
0 37974 37975
0 596170 596435
0 243169 243173
1 142893 142903
1 60612 65031
0 738473 738474
1 237493 237542
1 510091 510093
1 412644 412668
1 929824 930255
1 135843 139756
1 640607 640645
1 713744 714619
1 398145 398162
1 884232 884247
1 97014 107648
1 347495 347579
1 166689 166690
0 634833 634947
0 759968 770373
1 165616 166031
0 852304 852305
1 436241 436357
0 604947 604955
1 238577 238579
0 831436 831437
1 178065 178075
1 452819 452842
1 164345 164347
1 681816 681849
0 1066163 1066174
1 270916 271148
1 782536 782537
1 186143 192455
0 700474 700815
1 861368 866225
1 901878 901879
1 404144 404147
1 298573 298574
0 46995 46996
0 472776 474214
1 756461 756464
1 535270 535271
1 912158 912494
0 1032027 1032033
1 328098 328155
1 306701 309869
1 247491 247868
1 78821 78822
0 609444 609610
0 944606 944607
1 829511 829528
1 765930 765939
0 299154 299163
1 186061 186065
0 536020 536022
0 26999 27000
1 657512 657513
1 424566 424570
1 518843 519518
1 618912 618937
1 393780 393781
1 844202 844206
1 794317 799142
1 594507 594508
1 621954 621955
1 1062527 1062528
1 119215 123849
1 180003 180167
1 1063401 1071971
0 8159 8160
1 317446 317820
1 902554 902556
1 771184 771273
0 1043335 1043416
1 379108 379111
0 725313 725837
0 481313 481314
1 589404 589854
1 15100 15318
1 162863 162868
1 1007409 1007466
1 435450 435595
0 1070628 1070792
1 1043023 1043024
1 972161 972162
1 733669 733804
1 446478 446594
0 523574 523747
1 833125 833145
0 662307 662308
1 672097 672098
0 472264 472293
1 364383 364564
1 952378 952379
0 160999 161260
1 484123 484124
0 799916 799930
0 40052 40053
1 577535 577537
1 422378 422379
1 187073 187074
1 520815 520816
1 654678 654683
0 1062939 1062940
1 66977 67145
1 381226 381253
1 741468 741572
1 976878 978151
1 374358 374381
1 909850 909851
0 342555 342558
1 858331 858332
1 17543 18266
1 556998 559267
1 142411 142428
0 107845 109141
1 545017 545018
0 1009221 1009222
0 654709 654949
1 122283 122287
1 677119 677136
0 49934 49939
1 316402 316404
1 171947 171949
1 622151 622162
1 323173 323174
1 734156 734159
1 327034 327036
1 917337 917338
0 87412 87611
0 172951 172963
1 982570 982577
0 360491 360507
0 620185 621263
1 1067732 1067738
1 642618 642622
0 417232 417236
0 268402 268667
1 459772 460083
1 146630 146779
0 923742 923818
1 808646 808788
0 473560 473561
1 465829 465830
1 411982 411984
1 973890 973906
0 1020990 1022139
0 316855 316968
1 843615 843618
1 274558 274567
1 1059240 1059241
1 273227 273518
1 260675 260676
1 211496 211498
1 100030 100034
1 301930 301965
0 38310 38312
1 379212 379213
0 1070617 1070618
0 912694 912839
1 669619 669627
1 641423 641424
1 873458 873469
1 342477 342478
1 684561 684562
1 106395 106397
1 52149 52174
1 595820 595839
0 289045 300049
1 606895 606896
1 1033313 1043769
1 444280 444311
0 972161 972162
1 690767 690768
1 822046 822050
1 581261 581276
0 523575 523581
1 927060 927454
1 1078326 1078327
1 739383 739384
0 117009 117010
0 753720 753721
1 837254 837256
1 729339 729340
1 25191 25194
0 708826 708827
1 663367 663368
1 238953 238989
0 828007 828020
1 501191 501197
1 442607 443386
1 624591 626312
1 5305 6119
1 231343 231346
1 1037348 1043024
0 450636 450655
0 686417 687080
1 557717 557997
1 514328 514337
1 349018 349024
0 624297 624298
0 466905 466907
1 787428 787430
1 930956 930960
1 629551 629559
1 155698 155699
0 1062584 1062955
1 732226 732227
1 761735 761740
0 894001 894518
0 471014 471015
1 762926 762927
1 287226 310243
0 1014812 1028409
1 284570 284715
1 348925 354237
1 285985 285991
1 127094 127143
1 256989 256990
1 864862 868323
0 444611 444612
1 772070 772071
1 520383 520396
1 128784 128786
1 624984 629972
0 128142 128146
1 424903 424907
0 898506 899183
1 782060 782065
0 244560 244561
0 345252 345253
1 1026609 1027020
1 622402 622407
1 135737 135949
0 187037 187053
1 374887 374942
0 93571 93573
1 887163 887181
1 263207 263210
1 704563 704712
0 103806 103807
0 543417 543786
1 840300 840358
1 697924 697947
1 820134 820136
0 726095 726122
1 501951 502169
1 111160 111356
1 573994 574032
1 224634 224638
0 482135 482137
1 259494 259511
1 313407 313408
1 102414 102422
0 820111 820112
1 93365 94474
0 86324 86357
1 284234 284248
0 403601 403608
1 881214 892875
1 835459 835462
1 160289 160293
1 146586 146589
1 597640 597803
1 386096 386137
0 1081293 1081294
0 100659 100663
0 633676 633785
1 612342 612524
1 809538 809544
1 999953 999955
1 994426 994440
1 1077683 1077723
0 402920 402922
1 839885 839887
1 838154 838155
0 783857 783871
0 806085 806087
1 96239 109499
1 571658 571674
1 248614 248615
0 455109 457854
1 632002 632003
1 120400 120408
1 140277 140279
1 485145 485161
1 996436 996464
1 924993 924995
1 472344 472345
1 164011 164189
1 973994 974697
1 539445 539467
1 142943 142944
1 237023 237025
1 349675 349681
1 221354 223589
0 374835 374837
1 533734 533736
1 491421 491847
1 844530 844532
0 126657 126681
1 211850 216942
1 465353 465621
1 545582 545583
0 1075020 1075028
1 948416 948418
1 566392 566393
1 787053 787075
1 378773 378778
0 236630 236631
1 890426 890432
1 335345 335346
1 334169 334456
0 1019303 1019304
1 256611 256612
0 155932 155933
1 736148 748232
1 437600 437601
1 475935 477921
1 317759 317977
1 906326 906329
1 206687 207929
0 225952 228045
1 569408 569409
0 1079026 1079030
1 468148 468149
1 684812 696135
1 561091 561092
0 501803 501834
0 758523 761781
1 863015 863035
1 113097 113098
1 318574 318576
1 927049 927250
1 947853 947854
1 841446 841455
1 358721 358722
1 834200 854386
0 29144 29151
1 1067552 1067558
1 638234 638235
1 560189 560211
1 27258 27385
0 963885 964019
0 584892 585489
1 672714 672715
1 28500 28501
1 780755 780765
0 120146 120147
1 1023804 1023805
0 905781 921703
0 62996 76086
0 1043044 1043076
1 664636 664637
0 1022517 1022518
1 828820 828833
1 356264 356409
1 610993 611089
1 146738 146740
1 761937 761938
1 370398 370399
1 829835 829978
0 93328 93329
1 652231 652234
0 580810 580842
0 423670 423671
1 266977 266978
0 370999 371614
1 200316 200317
0 652808 652809
1 665645 665646
1 794003 802338
1 927706 937525
1 481762 481763
0 160085 160105
1 367128 367147
1 1029598 1048817
0 342971 343127
1 52397 52398
1 450477 450478
1 1083885 1083901
1 1045722 1045723
1 539013 539020
1 238062 238084
1 995524 995551
0 756461 756464
1 115132 115133
1 185632 185633
0 919154 919155
1 947346 947352
1 909248 909257
1 220379 220492
1 924954 924968
0 442624 442626
1 336756 336837
0 933722 933723
1 224871 225247
1 510311 510313
1 465569 477433
1 785115 785116
1 24760 24761
0 714145 714243
0 719715 719833
0 78291 78292
1 401726 413273
0 794899 794901
1 688970 688972
1 180782 180783
0 186525 186616
1 81814 81815
0 750846 753635
1 148573 153393
1 162200 162243
0 55808 56005
0 1077590 1077592
1 690748 690755
0 796782 803009
1 548764 549736
1 218799 221689
1 795592 795597
0 337682 337684
1 149974 149979
1 780891 781215
0 6060 6063
1 959720 959721
1 1009725 1009732
1 608378 610570
1 108885 110279
0 676116 676119
1 322976 324374
1 85367 85710
1 364134 812493
1 401052 401055
0 1022196 1022438
1 39928 39957
1 434207 434528
1 6778 6793
1 568269 568270
1 494948 495629
1 2244 2246
1 687576 687578
1 494619 494620
0 325643 326229
0 173743 173745
1 63741 63850
0 503307 503410
1 368989 369633
1 451788 451789
1 9962 9966
0 345074 345077
1 975432 975433
1 429401 429403
0 127207 136927
1 950773 950774
1 224521 225054
0 791964 791979
0 975432 975433
0 365144 365163
0 883279 883280
1 628052 629446
1 269129 271988
1 52647 52672
0 373505 373506
1 686041 686090
0 678823 679053
1 265393 265401
1 893091 893343
1 815715 815717
0 435644 441582
0 1017348 1017349
0 468516 468517
1 955820 955821
1 935359 935360
1 835792 835797
1 604348 605866
1 269490 269500
0 1084123 1089805
0 785602 785603
0 267838 267843
1 164487 164832
1 881732 881733
0 241506 241507
1 14730 14782
1 616141 617757
1 899131 899429
1 882935 882936
1 481559 481560
1 138399 156394
1 398193 398194
1 914914 914915
1 879896 881181
0 946671 946672
0 728194 728195
0 821235 826680
0 101490 101491
1 209699 209701
1 325222 325223
1 510388 510403
1 1060158 1060159
1 1052658 1052659
0 546836 556206
0 836573 837578
1 915527 915779
0 800623 800717
1 39820 40149
0 545471 545560
1 18042 18047
0 45626 45627
1 515349 515351
0 242150 242151
1 1066777 1074027
1 767213 777738
1 57815 57823
0 681987 693705
1 626602 626603
1 659909 659910
0 1039137 1039138
1 933562 933568
1 208773 208799
1 67867 68030
1 54580 54680
0 459287 459496
1 773159 773597
1 491982 491991
0 802145 802149
1 862844 862845
1 547253 547359
1 623101 629079
1 385502 385503
1 710826 710827
1 995040 1000953
1 166026 166028
0 715212 715622
1 944750 944753
1 547911 547921
0 80605 80606
1 292450 301777
1 31718 31719
1 542119 543204
0 865451 865468
1 186036 186232
1 611926 611932
1 385371 385409
1 922564 922565
1 84034 84035
1 624248 627085
1 193927 193931
0 207917 207919
1 684707 692504
1 706145 706164
1 50295 51688
0 873656 873660
1 589403 589662
0 933562 933568
1 507144 507145
1 1017292 1017294
1 821160 821168
1 715226 721133
0 112291 112529
1 48279 48280
1 536648 543549
0 1045606 1045608
0 1068820 1069421
1 551193 551412
1 1015866 1015905
1 1025652 1025750
1 744028 744029
0 761239 761241
1 1016084 1016085
0 765930 765939
0 689584 689585
0 734474 735056
1 2624 388691
1 221196 223420
1 789327 789331
1 982207 982219
1 605926 605927
1 663336 663338
1 404005 404022
0 64092 64094
1 347308 347309
0 143830 143832
1 435474 435475
1 121905 123114
1 388379 388549
0 25767 25769
1 966325 966326
1 414073 414074
1 875325 877019
1 702474 702475
1 91095 91130
1 133427 133429
1 223545 230782
1 134026 134032
1 941229 950550
1 452440 452442
1 320769 320833
0 935328 935329
1 772669 772670
0 375363 375364
1 1060110 1060276
0 533285 533291
1 69288 69289
1 724166 724167
1 108919 108921
0 638397 638398
0 412063 412064
1 366914 366926
0 136004 136030
1 163584 170302
1 307388 307528
1 182839 182851
1 943680 943693
1 125130 126511
0 384409 384716
0 713593 713601
1 751866 754143
0 337724 337726
1 963885 963886
1 74284 74289
0 269115 269117
1 433181 433660
0 209525 209528
1 1079655 1086094
1 277086 277090
0 361352 361360
1 1052973 1052979
1 518257 518258
1 1026458 1026777
1 320760 320810
1 887063 887079
1 642533 642552
1 847098 847099
1 647631 647632
1 8886 9081
1 664152 664156
0 750881 779684
1 464167 464170
0 505152 506331
1 300436 300437
0 425157 425160
0 444669 444671
1 939467 939696
1 717120 717600
0 497237 497238
1 45305 45357
1 328383 328384
1 759631 759635
1 752349 752353
1 346129 346130
1 205558 205560
0 979053 979055
1 247049 247085
1 521372 521373
0 576898 576913
1 383586 384143
0 447026 447050
1 551523 551525
0 379642 379732
0 74124 74220
0 425047 425049
1 964457 964458
1 924238 924239
0 132307 132309
1 862859 863268
1 492790 492791
1 501104 503283
1 1044714 1052724
1 843205 843210
0 218733 229482
1 423946 423947
1 916553 920443
1 726125 726172
1 405423 405436
1 283506 283507
0 840996 840999
0 717360 717361
1 180948 184966
0 217530 217545
1 908977 909203
0 277973 277974
1 1030972 1031432
1 610706 611025
0 150252 150253
0 402799 402801
1 226499 226501
1 809852 811827
1 537992 537994
1 857450 857451
0 334880 334980
1 724084 724087
1 450207 450223
0 387398 387399
0 138124 138129
1 1058904 1058905
1 361517 361525
1 105056 108387
0 733326 733331
0 527920 528052
1 276036 276037
0 885313 885314
0 539311 539444
1 933795 934102
1 142978 152743
1 13262 13263
0 853667 853787
1 68255 68282
1 299042 301430
1 237496 241091
1 369169 369433
0 392814 392815
0 446544 457621
0 456188 456195
1 143218 143232
1 886733 886734
1 638526 638527
1 719077 719086
1 594232 603721
1 418973 418981
1 228157 228158
1 172655 183096
1 230133 230426
1 212809 212811
1 873875 874315
1 465110 466032
1 497153 497155
0 174109 174112
1 855296 866009
1 828227 828231
1 1017711 1017712
1 382874 386713
1 272561 272742
1 47814 47815
0 708759 708760
0 992209 992210
1 125858 155169
1 743347 743687
1 660237 660252
1 113033 113051
1 952810 952812
1 822527 822528
0 274892 274893
0 1039557 1039558
1 551560 551663
1 808087 808368
1 293188 297320
1 872970 873129
0 593279 594291
1 898800 898808
1 653129 654133
1 249834 250007
1 37761 37826
1 984987 985148
1 906558 906559
1 260153 260184
1 505914 505932
1 309985 309990
1 276695 282145
1 968415 968513
0 675560 675561
1 726432 726435
1 163059 163066
1 948140 948141
1 63093 63095
1 574519 574529
1 874051 874058
1 347235 347238
0 829387 829388
1 1010389 1010391
1 851517 851533
1 543636 543637
1 968961 971676
1 731531 732049
1 190613 212187
0 1001353 1001756
0 1024960 1024963
1 992347 992348
0 195969 195970
0 1018319 1018321
1 522001 522002
1 521237 521261
0 193751 193754
1 504755 507035
1 298464 298487
1 530333 530972
1 359859 366118
1 540260 540261
0 219492 219942
0 318218 318337
1 885570 885571
1 179692 179716
1 888995 889001
1 880275 881486
0 1049930 1049940
1 224977 225035
0 557735 557904
0 952415 953380
0 237322 237323
1 627344 627346
1 875115 875117
1 326984 326989
1 40031 40034
0 569704 569705
1 165350 165351
0 998288 998498
1 471465 471466
1 923453 923456
1 674878 674879
0 703055 703057
1 322391 322392
1 624294 624310
0 906264 906266
1 756982 756983
1 323906 323914
1 638343 638364
1 389515 390076
1 664193 664196
1 570773 570776
1 294882 294883
0 1045780 1045781
1 485385 485431
1 1056116 1056239
1 943806 943810
1 200362 200364
1 407518 407519
1 961339 961340
1 754083 754096
1 860320 860850
1 525480 525653
1 593674 593675
1 937811 937813
1 446644 446825
1 280873 281980
1 810486 810487
1 569859 569871
1 229502 231608
1 277355 277361
1 815449 815451
0 82532 82538
0 351903 351905
1 353033 353038
0 278955 279018
1 66236 66238
1 337806 337807
1 159853 159854
1 661406 661424
0 955244 955467
1 1068732 1068745
1 81352 81355
1 412400 412401
1 99519 99520
1 841502 841504
0 509807 509838
1 247736 247918
1 208975 208980
1 89173 89243
1 125017 135861
0 316759 316984
1 248639 248882
1 468683 468684
1 360997 360998
1 900389 900729
1 917113 917114
1 802804 802805
0 6559 7317
1 740025 741616
1 164656 164799
1 329841 330336
1 627150 627157
1 883882 883891
1 724819 724821
0 455521 455523
0 576901 576910
1 202465 204463
1 301985 303861
1 832167 832170
1 261091 261093
1 230408 230409
0 940414 940415
1 664796 666512
0 179732 179856
0 639454 639456
1 58418 77097
0 77589 77995
1 677583 677584
0 794549 794550
1 761292 761300
1 188044 188047
1 87438 87792
1 16217 16218
1 84700 84963
1 568095 568096
0 58418 77097
1 934419 934424
0 519380 519579
0 900397 900602
0 931384 933827
0 130669 131177
1 88124 88125
1 601258 601259
1 803934 803935
1 1049869 1049872
0 941220 941434
1 51107 51109
1 235819 235824
0 267986 268002
1 1078456 1078461
0 646735 646738
0 391117 391118
1 506017 506018
1 925422 925897
1 1048569 1048570
0 877654 877667
1 224630 224807
1 684829 684831
1 151170 151174
1 528458 528464
1 697934 697948
1 1047440 1047441
1 515008 515009
1 762194 762198
1 2460 2462
1 824099 824101
0 352724 352725
1 441004 441140
1 606304 606306
1 84167 84173
0 835428 835551
1 238583 238716
0 992493 992495
1 1083509 1083541
1 408432 408639
1 537476 537544
1 142579 142582
1 1056933 1056984
1 830198 830255
0 990415 990751
1 993378 993438
0 724530 724532
0 760595 760631
0 584431 584468
0 926974 926975
1 690722 690723
1 102921 102922
0 630313 630691
1 218507 218510
1 518295 518296
1 295212 295226
1 56566 56569
1 562860 562861
0 997314 997342
1 370932 371301
1 94638 108971
0 834462 834463
1 443978 444200
1 897842 904546
1 526241 526242
0 582616 582617
1 121609 121632
1 46025 57133
1 170738 170739
1 1191 1192
1 449424 449426
1 662785 662793
1 279147 282910
1 1075322 1075332
1 548678 548679
1 428960 428961
1 683429 683430
1 358845 359489
1 1044034 1044035
1 741651 742045
0 768400 768417
1 765295 765296
0 13008 13009
0 760924 760926
0 952259 952444
1 657544 657639
1 319587 319608
1 279550 279557
1 71466 71467
1 832017 832080
1 588339 588342
1 466369 466397
0 72187 72189
1 45170 45171
1 362611 362615
0 805297 805311
1 488672 490915
1 328291 328292
1 193072 202598
0 691779 693017
1 458531 465007
1 403679 403680
1 79183 79696
0 340381 340393
1 316262 321876
1 372816 376819
1 611380 611383
1 935497 936848
1 635839 651873
1 929530 1003919
1 423120 423121
1 242621 243172
1 854254 854312
1 745162 745243
0 435039 442117
1 1057940 1057942
1 3068 3631
1 869322 869533
0 240840 240841
1 330274 333072
1 759710 759715
0 384398 384399
0 785416 785909
1 534439 534458
1 137835 137837
0 567721 567722
0 865310 865311
1 712485 721432
1 316890 317117
1 776472 776475
1 752697 752698
0 299565 299568
1 455548 455550
0 900680 900682
1 303400 303401
0 546484 547885
0 829835 829978
1 1048713 1048720
0 929622 936785
0 489486 489584
0 46378 46410
0 755114 755120
1 250830 250831
1 845200 845202
1 118870 118871
1 756065 756067
1 633058 633060
0 462494 465916
0 736378 738394
0 1010142 1012912
0 386889 386891
1 612238 612242
1 42254 42255
1 1068837 1069083
1 27588 27589
0 1038216 1038217
1 505745 506542
1 568565 568566
1 396986 397215
0 667962 676691
1 548937 548939
1 1040959 1040985
1 17036 17037
0 31972 31973
1 752023 752027
1 731435 731447
1 362159 364607
0 230233 232112
0 645759 651325
1 211761 211789
0 696550 696551
1 913509 913511
1 438597 438606
1 782366 783190
1 311507 311508
1 595404 595405
0 7734 7735
1 188838 188842
0 1069824 1069825
1 481674 484578
1 960232 960233
1 1088643 1088644
0 810648 810649
1 147657 147658
1 596356 596494
1 409246 409261
1 8644 9947
1 557316 557317
0 239700 254133
1 918931 919177
1 340208 343574
0 804817 815602
1 1030288 1030289
0 884050 884052
1 82898 82899
1 420326 420444
0 823072 823073
1 1035624 1035627
0 631112 631113
1 1007730 1007731
1 61106 75014
1 380457 380931
1 495594 495742
1 625981 625997
0 205551 205553
1 297045 297061
1 1025169 1025178
1 831985 832028
1 271857 271858
1 221898 235263
1 860217 860219
1 883590 896786
0 626388 627215
1 217364 217365
1 371416 382389
1 654649 654650
0 931540 931543
1 136869 136870
1 766959 766962
1 595076 595123
1 412289 412299
1 1070613 1070615
1 110386 912050
1 997162 997164
0 715392 715394
1 26646 26647
0 600861 600862
0 242284 242285
1 785609 785610
1 434956 705924
0 132654 132677
0 380980 380981
1 832106 832109
0 8389 8390
0 260244 260251
1 996112 996113
0 786268 786269
1 761419 761500
0 907838 909901
0 1083567 1083625
1 409113 409115
0 915683 915760
1 828246 828247
1 299405 299411
1 952254 952271
1 528627 530085
0 525774 525775
1 179089 179326
0 737534 737536
1 289521 289524
0 1054240 1055175
1 409597 409608
1 1038282 1038283
0 809423 809428
0 1054999 1055000
1 666761 666762
1 639754 639758
1 913117 913118
0 960232 960233
1 559596 559602
1 1035253 1035255
1 96827 96829
0 641244 641246
0 127624 128346
1 947742 947743
1 175999 185301
1 991686 997510
1 836089 836092
1 504546 504730
1 173273 173281
1 202689 202691
1 411734 411735
1 152704 152705
1 514873 515796
1 167847 169094
1 118477 123831
1 855543 855544
0 638526 638527
1 1018044 1018046
0 636797 636798
1 563226 563227
1 1047124 1047125
1 368285 368310
1 529282 529283
0 1078129 1078130
1 919285 919287
1 538877 538878
1 501489 501490
0 603769 603772
0 49674 49857
1 735010 735011
1 149104 149105
1 162503 162507
0 901152 901153
0 300341 300725
0 299405 299411
1 315197 316169
1 72912 74870
0 1007696 1007697
1 506012 506030
0 952030 952031
1 354116 354118
1 62369 62840
1 327042 327366
1 319576 319920
1 766133 766141
0 1083932 1083980
0 713744 714619
1 454546 454550
0 624487 624520
0 421186 433904
1 219589 223824
0 226334 226340
0 1070233 1070456
0 742550 743035
1 567933 571566
0 395001 395003
0 156031 156033
1 512043 512044
1 390948 390951
0 157450 243473
1 261123 261227
1 999313 1001063
0 449856 449858
0 734749 735529
0 770136 770140
1 477340 477341
0 513596 513678
1 772896 772951
1 458800 458801
1 839660 839661
1 278264 278266
1 210064 210066
0 488753 489137
0 1035021 1035025
1 981037 981056
1 814282 814348
0 371058 371059
1 615105 615511
1 588451 588453
1 1027688 1027818
1 736822 737156
1 111371 111451
1 222501 222502
1 1031871 1031872
1 362422 362946
0 159742 159743
0 259800 260377
1 760572 760578
1 628895 628902
1 884108 884109
1 693785 693787
0 231060 231379
1 80735 85831
0 813841 813852
1 633634 633635
1 619003 619004
1 658439 658440
0 11564 11565
1 338341 344829
1 971437 971555
1 463081 985096
0 581079 581080
0 158072 169259
0 557540 557542
0 238432 238479
1 783739 787765
1 208198 208199
1 538023 538333
1 410543 410560
1 112011 112447
1 364213 364215
1 593921 593922
1 337487 337488
1 72679 72680
1 710311 710476
0 81202 81596
1 857502 857684
1 683634 691522
0 672512 672637
1 24733 24795
1 1041652 1041653
0 839376 839434
0 358838 359691
1 973071 973082
1 368787 369351
1 487865 488262
1 165695 166002
1 640649 640650
0 319055 319058
0 69921 69999
0 82239 82255
1 83800 91518
0 482423 482512
1 832188 832685
1 2723 2734
1 509157 509159
1 622535 629319
0 285675 285679
1 298699 298700
1 833519 833520
1 1061802 1062078
1 1019053 1019999
1 1081859 1081860
1 16543 16593
1 43284 43288
0 126379 127012
1 893575 893686
1 458708 458710
0 880160 880162
1 53103 53104
1 100777 100778
1 571027 571028
1 500984 500985
0 229773 229920
1 335216 335360
1 35939 35942
1 870738 870741
1 956038 956661
1 382838 382962
0 827905 827911
1 288175 288692
1 472885 473831
1 432325 432350
1 777876 777878
0 791968 792026
0 810588 810589
1 140595 140604
1 120303 120307
1 21870 23666
1 910908 910920
0 358796 358849
0 65082 65083
0 280701 280864
1 1015592 1015593
0 1049385 1049386
1 527880 527881
0 286639 286642
1 939720 939723
1 800563 800757
1 666956 667024
0 760487 777860
1 420732 433261
1 445438 445440
1 724510 724512
1 872288 872328
0 100107 100125
0 435578 439352
1 682956 683042
0 567053 567055
1 33726 33727
0 1078866 1078869
1 472895 474009
0 1069037 1069039
0 845382 845384
1 546617 550107
0 398129 398194
1 310729 310730
1 817770 817898
1 810307 812314
0 84212 84275
1 8684 8685
1 399769 399789
0 979302 979303
1 757367 761418
1 633644 634247
1 444864 444872
1 444302 445103
0 487125 487152
1 693988 696086
0 302661 302800
0 306527 306532
1 622041 622043
0 166869 169769
0 224216 224229
1 1047200 1047201
0 1065176 1065564
1 230083 230084
1 225824 232809
0 784272 785021
1 28430 28653
1 253400 253581
0 603244 603245
0 167881 167889
0 425652 425653
1 984332 984334
1 578482 578483
1 134280 134281
1 443985 444408
1 623691 623692
1 125066 144799
1 889713 893300
1 119192 119193
1 141373 141398
1 579820 579821
1 382712 382713
1 313139 313311
1 742264 742777
1 979206 998927
1 587147 587266
0 461177 461199
0 500809 500810
1 118515 118578
0 635232 635239
0 41573 41574
1 268940 268942
0 974363 974447
1 723644 723645
1 202708 202710
1 969603 969604
1 827432 838862
1 718350 718351
0 293780 293781
1 1049454 1049460
0 613833 614107
1 927183 927344
1 494247 494273
1 282590 282592
1 882941 882942
0 296671 296678
1 81332 81334
0 916096 916097
1 750618 750619
1 319543 320238
0 467086 467282
1 159597 159598
1 296643 296644
1 194384 194385
1 14180 14181
0 417296 417303
0 462552 462556
1 388655 388703
1 161582 161584
1 450241 450244
0 600667 600668
0 721000 721047
1 323624 323629
1 1026622 1026624
1 54551 54552
1 455173 455174
1 195556 196356
0 979165 979178
0 969840 969859
1 1033990 1035938
0 909097 909158
1 394880 394886
1 494841 495523
0 209568 210267
1 461336 461359
1 6280 6326
1 486822 486826
1 57789 57802
1 71432 71449
0 998056 998132
1 323361 338584
1 927257 927448
1 302540 302541
0 516241 516252
0 129757 129758
1 186386 213745
1 954022 954023
1 325162 325163
1 988641 988642
0 587373 602045
0 537849 537850
1 536707 543732
1 815064 815084
1 914946 915023
1 1065828 1066826
0 699346 699348
1 102112 104796
1 272959 272960
1 655711 655738
1 79381 81966
1 803254 803257
1 551018 556698
1 906345 906752
1 989207 989208
0 150868 151685
1 444666 444668
1 985717 986487
0 887200 888223
1 170760 170763
1 671102 671103
1 95855 95861
1 160536 160543
1 995917 995918
1 326157 326158
1 20673 20675
0 141282 141283
1 190578 190598
1 1022228 1025742
1 158075 158169
1 1061079 1090855
1 399472 399682
1 55932 56151
1 350702 685559
1 698313 698314
1 796947 796965
0 283325 283984
1 150282 150284
0 624294 624310
1 275265 275278
1 1052403 1052404
1 796473 796475
1 720753 720769
1 771555 771570
1 661738 661739
1 1018876 1018878
1 361422 361432
1 1012730 1012733
0 448824 448831
1 131713 131714
1 111785 111786
1 239301 239315
1 449905 458023
1 898533 898951
1 557670 557675
1 786327 786355
1 1031669 1047698
1 754930 754933
1 534900 535579
0 342849 342851
1 969119 971332
0 938770 938771
1 687062 694397
1 916882 916885
1 966717 966774
0 572093 573056
1 885931 887722
1 68757 68759
0 14382 14391
0 150493 751754
1 657511 657512
0 37786 37789
1 115906 115908
1 817176 825986
1 755326 755479
0 692300 692302
0 331371 331741
0 197358 197359
1 928521 928654
1 302695 302698
1 83710 83719
0 987765 987766
0 295870 308619
1 509250 509484
1 830748 830777
1 593920 593924
1 1056276 1056277
1 1063129 1063131
1 853649 853652
0 17384 17385
1 312038 321774
1 944438 944637
0 864493 864518
1 187914 187961
1 323437 323440
1 349174 349176
0 930363 930364
1 859746 860101
1 143961 143983
1 290864 290865
0 435747 435750
1 56233 56416
0 1054861 1054862
1 220738 223650
0 664325 664326
1 1055417 1055418
0 625886 625894
0 316799 316802
1 810704 810735
1 177192 177487
1 33787 33793
1 567902 567903
1 1067907 1067920
1 335641 335653
1 620071 620072
1 613678 614458
1 127042 127207
1 865901 865902
1 252038 252040
0 792417 792418
1 966188 966445
1 841093 841094
0 885527 885541
1 777827 777828
1 442787 442792
0 1014816 1014895
0 149936 149939
1 981706 981852
1 498694 498696
1 6649 6651
1 214653 214655
1 616331 616332
1 510950 510951
1 342653 342654
0 140456 140477
1 504612 504624
1 363295 363296
1 1075685 1075701
1 618242 618248
1 551249 551372
0 860797 860894
1 214939 214941
0 60375 60379
0 842519 842522
0 681309 694288
1 79488 79559
1 969428 969435
1 835236 835238
1 719214 719221
1 835739 835740
1 684411 684420
1 669178 669179
1 570026 570027
1 371099 371346
1 150335 150336
1 156906 156908
1 847135 847140
0 1035962 1042244
1 27429 27556
1 882294 882295
1 485410 485662
0 81437 81438
0 52248 52249
1 725895 726019
0 235864 235866
1 563760 563790
1 716228 716229
0 588834 589023
0 230113 230114
1 445804 445805
1 458766 458773
1 890940 890967
1 1015480 1016163
1 405299 405498
1 996305 996552
1 273266 273403
0 675632 678369
1 95809 107525
0 669257 674315
1 268350 268779
1 598709 598734
0 131066 131068
1 761673 761674
1 1003394 1003611
1 810693 812229
0 336633 336701
1 166361 171204
1 672456 672457
1 55136 55137
1 788526 789178
1 616819 616820
1 590835 590837
1 887817 887819
1 190252 190253
1 696513 696519
0 491154 491155
1 620908 620932
1 154497 157201
1 851372 851392
1 540994 541224
1 1032350 1032352
0 174005 174289
1 554259 554629
1 474296 475156
1 437943 437952
1 92575 92578
1 315380 316127
1 131118 131124
1 485833 485834
1 205736 205743
1 147445 147452
1 1013169 1013170
0 897570 897642
0 719214 719221
1 741242 748766
1 235073 235074
1 103646 103654
0 757205 757341
1 147358 147361
0 904331 904333
1 580426 580428
1 199541 199544
0 486468 487317
0 443418 449957
1 378880 378903
1 261807 261808
1 86542 86551
1 410430 410439
1 995337 995338
1 68879 69072
1 554690 554691
1 346686 346688
1 481922 482315
1 1367 2024
0 580426 580428
1 922816 926375
0 969311 969594
1 239272 239338
0 302211 302212
1 769385 769387
0 979552 979553
1 797967 798026
1 422371 422391
1 250112 250128
0 510165 510206
1 137134 137245
0 72370 72371
0 678785 678787
1 537003 537005
0 16212 17765
0 147641 147643
0 713409 713410
1 900879 900880
1 920126 920127
0 582989 582990
1 369108 369109
1 933636 933644
1 739380 739381
1 438317 438318
0 1023003 1028322
0 285863 285882
1 899921 899928
1 654242 654272
1 444689 445040
1 197034 215036
1 385574 387017
0 6653 10788
1 38596 38597
1 131117 133361
0 735335 736229
0 702595 703323
1 607590 607591
0 511005 511009
1 646301 646303
1 754591 754592
0 490793 491079
1 329950 330599
1 690809 690819
1 69076 69079
1 233856 233858
1 445987 445988
1 137561 138481
0 404535 404537
0 1079382 1079383
1 98174 98178
1 79912 79922
1 197671 197677
1 462846 478270
0 943275 943277
1 166527 166528
1 112129 112134
1 346931 347357
1 848860 848866
1 882049 894431
1 753234 753235
0 189593 189605
1 125773 125776
1 925676 926748
1 1038759 1038772
0 436512 437072
1 332224 332226
1 618640 618641
1 608715 608717
0 398904 400259
1 173429 173474
1 385027 385063
1 979216 979228
0 674566 674581
0 809812 811594
1 694966 694968
1 280577 280587
0 57437 57440
1 989645 989647
0 265508 265509
0 918714 918783
1 828661 828662
0 776491 776492
1 588748 604946
0 108407 110126
1 180247 180248
1 29113 29394
1 129548 129561
1 209695 209699
0 36933 39432
1 3879 3880
0 658003 658004
1 82912 83239
1 189807 189808
1 601402 601679
0 943608 943609
1 806652 806654
1 42643 42649
1 42943 42945
1 494017 494539
0 826917 826918
1 274015 348230
1 1079575 1079577
1 796863 801456
1 857040 857190
1 924811 925045
1 372950 372996
1 453076 455493
1 102517 102519
1 930436 930437
1 669274 669302
0 657544 657639
0 914179 914184
1 576771 576772
1 533331 535130
1 1010907 1010916
0 259234 259420
1 704029 704033
1 542629 542746
1 858802 858805
1 607027 607028
1 496337 496342
0 838093 838096
1 251172 251201
1 740956 740957
1 400093 401635
1 377478 377480
0 526382 527175
1 277667 277804
0 420216 420364
1 1072722 1072724
1 97102 97103
1 339298 339299
1 268838 269063
0 101423 101426
0 801590 801591
1 267922 268083
1 465216 465218
0 135279 135289
1 808106 808386
1 475581 478910
1 103201 107593
1 466784 466789
1 772720 772731
1 868942 868947
1 57904 62424
1 838952 838959
0 849583 849584
1 1019216 1019217
1 515809 526096
1 785487 785488
1 842986 842987
0 276144 284044
1 2889 2890
0 777339 777342
1 226436 226971
1 135935 135958
1 138017 138034
1 350377 353901
0 992265 992275
1 345515 345516
1 89918 89923
1 270683 271091
1 379381 379461
1 113090 113091
1 795925 795931
1 682168 682214
1 125647 125858
1 999665 999667
0 149994 149995
0 27728 31513
1 935802 936699
1 611846 611847
1 301667 301668
1 121290 121291
1 632194 632343
1 992362 996433
1 168557 168559
1 492108 499211
1 422630 422632
1 424253 424254
1 720452 720453
0 5407 5429
0 887076 888493
0 192464 192466
1 820511 820512
0 960978 960981
1 1083175 1086506
1 187911 215788
0 872953 872955
1 34041 36291
1 320675 320676
1 285114 285379
1 165337 165913
1 904428 904430
1 1036828 1036830
0 779941 779943
1 895323 895586
0 276800 276810
1 181554 181563
1 120542 120855
1 822782 822788
1 121713 121837
0 202098 202099
0 461933 461953
1 396170 396171
1 822238 822241
0 261097 261354
1 102310 102312
1 273656 273657
1 1030989 1031439
1 371450 380353
0 955820 955821
1 336292 336293
1 800608 800609
1 934421 934422
1 287490 287494
0 1055070 1055071
1 278554 278939
1 666875 666876
1 521060 521061
1 489631 491458
1 1011174 1011176
1 862637 862638
1 312256 312257
1 609376 609535
1 435949 436056
1 1047807 1048579
1 63474 70048
0 998341 998343
1 242547 242549
1 731467 731472
0 325384 325581
1 292737 309838
0 160359 160373
0 1016754 1016755
1 315865 316089
0 370455 370458
1 54447 54762
1 496015 496021
1 217058 217059
1 702561 703086
1 654679 654680
1 121911 121912
0 188025 188028
1 895216 895283
0 715989 715990
1 45008 45009
1 1033053 1033055
0 340126 343571
0 430917 431177
0 939355 939356
1 368841 368843
1 446577 446981
1 710922 710923
1 274190 274192
1 837547 837562
0 908182 908183
1 28378 28379
1 644146 644147
0 256024 256124
1 278084 278085
0 723336 723338
1 382617 382618
1 417952 417953
1 531598 531606
0 281094 281098
1 564406 575624
0 971510 971511
1 90012 90019
1 73522 73524
1 658092 658093
0 152097 156974
1 760724 760725
0 505118 505125
1 342239 342248
0 871353 871358
1 213115 213116
0 431996 432836
1 635419 635420
0 335756 335768
1 585434 585640
1 1048108 1048109
0 399325 399719
1 60748 75676
1 539208 539209
1 635332 635769
1 1047901 1047902
1 117808 117965
0 568269 568270
1 94415 95056
0 760588 760590
0 592289 592292
0 95240 109031
0 894049 894071
1 673955 673956
1 246795 246999
0 806606 816411
1 349512 354679
0 658732 658733
0 756086 760054
1 259337 266026
1 940657 940660
1 1077288 1077294
1 968891 968892
1 758470 758543
1 625877 629576
0 739639 750660
0 811339 811374
1 509180 509591
0 663973 663974
0 711519 711521
1 524377 524383
1 710112 710114
1 724938 724939
1 367768 370894
1 48828 48902
1 68186 68264
1 473343 473911
0 1038291 1038299
0 125409 125688
0 823711 823712
0 152019 152951
1 144972 151531
1 590504 590579
1 597413 597415
1 141034 141035
0 15721 15722
0 898800 898808
1 376910 377351
0 278986 283545
1 703856 703869
1 190931 190932
1 97838 97842
0 415335 419177
1 476839 476841
0 641590 641595
1 999107 999108
1 60425 60637
1 755470 777422
1 976060 976062
1 816074 816075
1 58265 58266
1 660589 660591
0 278158 278181
1 958660 958702
1 315091 315127
1 482115 482117
1 845728 845736
0 1039358 1039361
1 784607 784609
1 782781 782942
1 775583 775586
1 141597 141598
0 462267 462269
0 640537 640543
1 800652 800653
1 103557 108603
0 534628 534630
0 435450 435595
1 209516 209517
1 207729 207754
0 833760 833761
1 453276 453301
0 373899 373903
1 41392 41393
1 668768 670891
1 471162 471411
1 367318 367400
1 97204 97231
1 176888 177043
1 371774 371790
0 486840 486841
0 168273 168275
1 573581 573594
1 874387 874388
1 102464 103167
0 136149 136161
1 217767 218399
1 517163 517873
1 262415 262416
1 98135 98137
0 1039797 1039798
1 586979 586984
1 687871 687877
1 971943 972102
1 194158 195790
1 573859 573863
0 61106 75014
1 561830 562551
0 500564 500754
1 1072156 1072157
1 656005 656015
1 652600 653047
0 847573 849643
0 236365 236367
1 240391 240431
0 804337 804338
1 965874 965875
0 301320 301339
0 1003974 1011404
1 210534 210549
0 661989 671909
0 315380 316127
1 546744 546964
0 714179 714180
1 276093 276094
0 126255 153832
1 97879 97886
0 373054 373498
0 101411 101412
0 256626 256627
1 977796 977798
1 507333 507569
0 827639 837341
1 789955 789956
0 836380 836381
1 730455 730456
1 961606 961607
1 649963 649977
1 602618 602624
0 270016 282042
1 1067035 1067037
0 590504 590579
0 284597 284726
1 136068 141708
1 153876 153879
0 1055782 1055814
0 32834 32835
1 658481 658551
1 642684 642686
1 57385 57386
1 1015156 1016250
1 180826 180827
1 558768 558784
1 111137 111138
1 731309 731312
0 452284 452378
1 943194 943298
1 85977 85978
1 368687 368696
1 236898 236902
0 884829 885425
1 62974 62975
1 1018295 1018411
0 703375 703377
1 227154 227556
0 16522 16523
0 755417 759145
0 402438 411035
0 282590 282592
0 971437 971555
1 1004473 1011355
1 379218 381444
0 717213 717214
0 444673 444676
1 96801 96802
1 161601 161605
1 629093 629094
1 786026 786030
0 287008 287009
1 972245 974428
0 390000 390002
1 800309 800311
1 693884 693893
0 945646 945647
1 1052 389108
0 680918 681143
0 173118 173119
1 151681 154581
1 438013 438686
1 146761 148398
0 927060 927454
1 67030 72326
1 661144 671313
1 569379 569397
0 442671 442681
0 957538 957539
1 984880 984902
1 705511 705517
1 837957 837960
1 705052 705053
1 523428 523478
1 648626 648627
1 626079 626126
0 49137 49285
1 830140 830142
1 552661 552662
0 453066 453073
0 773357 773358
1 25966 25967
1 438654 438655
0 699287 706569
1 674607 674609
1 326396 326408
0 895128 895228
0 892554 892836
1 533924 533926
0 411492 411512
0 719161 719162
0 641388 641389
0 902522 902528
1 648974 648975
0 561115 561206
0 655948 655950
1 334860 334926
1 450378 450379
1 97664 109688
1 768785 768786
1 384604 390244
1 416355 416356
1 533909 535748
0 899315 899485
0 1070653 1070664
1 405251 405256
1 256081 257991
1 245854 253886
1 675922 675923
0 59553 59568
1 409292 409315
1 431202 431203
1 973665 974278
1 280427 280428
0 245282 254141
1 262667 266273
1 879417 879428
1 513958 513959
0 965927 965928
0 699598 699601
1 105859 109827
1 205934 212159
1 1037639 1037640
1 312119 312210
1 181184 181185
0 451851 451882
1 1040903 1040904
1 394478 394479
1 149189 149190
1 453152 455586
1 17593 17594
0 487106 487107
1 64826 64880
1 1070746 1070747
0 273933 273935
1 418311 418334
1 468895 468896
1 602263 602264
0 823290 823632
1 851753 852549
0 883205 887606
0 278723 278742
1 120249 120250
1 114345 114410
1 1067599 1068011
1 864729 865128
0 157656 169314
1 862738 863255
0 1083457 1083480
1 451719 453590
1 991097 997580
1 974975 974980
1 794348 794357
1 607661 607662
0 724382 724558
1 979303 979480
0 669619 669627
1 353120 353122
1 176285 176294
0 884180 884181
1 405012 405014
1 906159 906602
1 201407 201409
0 237837 237838
0 115507 115510
1 18097 18098
0 973044 973045
0 847408 847419
0 358747 358777
1 454078 454079
1 665650 665651
1 883944 883945
0 1026609 1027020
1 864155 864193
1 790356 790358
1 702862 702865
1 622818 622836
0 959046 959057
1 560930 561296
1 763093 763096
1 913583 920386
0 958558 959081
1 662732 662738
0 305936 305937
1 178852 178882
1 177857 178077
1 625227 625277
1 58325 76997
1 118976 118977
1 849088 849089
0 192195 192208
0 1005487 1005611
1 958497 958505
1 731644 737329
1 963078 963082
1 1063810 1084427
1 423499 423501
1 301674 301676
1 421839 421907
1 785460 785462
1 673588 673589
0 633946 634415
1 202446 202451
1 210530 210532
1 659320 669256
1 737304 737577
1 901604 902837
0 364128 364132
1 292074 292443
0 393835 393836
1 198978 198979
0 31706 32147
1 628624 629318
1 935297 935310
1 981402 981409
1 1038249 1038329
1 523929 523933
1 201753 201754
1 93405 93489
1 599988 599990
1 125897 134731
1 324902 324903
1 25147 25323
1 405116 405118
1 452212 452214
1 247952 247961
1 630604 630606
0 202708 202710
1 764705 765047
1 1039480 1040248
1 589619 589621
1 688527 688531
1 822069 826054
1 684789 684970
1 688813 688829
1 142423 142424
0 978517 978518
1 405022 406669
1 1066003 1066005
0 285817 286120
0 325320 344662
1 1025718 1025723
1 962182 962183
0 162567 162574
1 464436 479738
1 849354 849360
1 588626 588627
0 682168 682214
1 142426 142429
1 295923 308142
1 358550 358564
1 116956 116958
1 533913 533914
1 164906 164912
1 988689 988690
0 1047722 1047728
1 4503 4504
0 93335 109002
1 907795 907797
0 969325 969330
1 1081163 1081188
0 249834 250007
1 67764 67765
1 823822 823823
1 798966 798997
1 1017776 1018205
1 692808 694699
1 772665 772667
1 337496 337497
1 999629 999682
0 693884 693893
1 436903 436904
0 875828 876212
0 526409 526451
1 954017 954018
1 906538 906539
1 761020 761083
1 466791 467651
1 450878 452791
0 475895 477634
0 688971 688973
1 560670 560671
1 317254 317788
1 1046541 1046542
1 663115 663117
1 63054 63055
1 128590 128936
1 768382 768610
1 835674 835677
1 1056088 1056089
1 622140 623447
1 395352 395355
1 862557 862558
1 115683 115700
1 1072737 1086727
1 370009 370120
1 790856 790885
1 4890 4891
1 910014 910017
1 620259 620281
1 327442 327443
1 625066 625067
0 382840 382841
1 398621 398627
1 1082365 1082368
0 1032116 1032118
1 652731 652929
0 992870 992871
1 875299 875500
1 327791 327792
0 684630 684632
0 8738 8739
1 13113 13114
1 647302 647303
1 529106 529385
1 134865 134869
1 29285 29290
0 517676 517694
1 85579 85584
1 289160 289164
1 791120 791121
0 15378 15379
1 242093 242094
0 682130 682301
0 679774 680057
0 326282 326283
1 30523 30546
0 518375 518376
0 726069 726103
1 908595 911273
1 2980 3742
1 566110 566111
1 657926 657952
0 738248 750280
1 600933 600934
1 513342 513374
1 945126 945127
0 496102 496103
1 439469 439526
0 506689 506690
1 344046 344848
1 709165 709176
0 9883 9899
0 961919 961921
0 1058141 1058173
1 757076 757078
1 624607 626901
1 508217 508218
0 847465 847484
0 336292 336293
1 241730 241736
0 490742 491057
1 849580 849584
1 262987 263012
1 576136 576137
0 822348 822354
0 610640 611231
0 728346 728348
1 597111 597114
0 985270 985271
1 390840 1067619
1 736490 737239
1 1038075 1038076
0 339996 341000
1 986018 986019
1 106479 106480
1 787111 787117
1 624160 626771
1 17542 17543
1 426594 426600
1 66942 66944
1 922917 922922
1 656298 656299
0 514539 515261
0 592563 604477
1 260158 260180
0 966325 966326
0 799758 799760
1 470849 475974
1 210201 210267
0 815187 815189
1 44491 48711
1 515901 515909
1 9638 9640
1 759471 759473
1 1040380 1040381
1 872073 872191
0 589645 589647
0 873324 873325
1 893694 893704
1 272917 275549
1 324784 337244
1 338837 338839
1 1073556 1073784
1 645822 645824
1 620251 620299
0 125233 125333
0 345645 345646
1 942371 950276
1 645762 652344
1 437637 440076
1 539402 539494
1 268114 268115
1 93482 93483
1 143294 143295
1 262041 262553
1 526404 526405
1 942082 949925
0 1039511 1039552
0 857564 857959
1 545764 545773
1 335027 335052
0 656652 656653
1 533023 533024
0 122649 122656
0 73522 73524
1 532230 536374
0 114320 114321
0 432410 432411
1 656557 656558
0 422412 422413
0 335538 335552
0 197467 197468
0 641667 641670
0 743662 744478
0 348073 348087
1 585637 585666
1 614889 614890
1 359312 362095
1 236305 236306
0 72784 72785
1 553958 553967
1 219235 219716
1 759076 759334
0 362422 362946
1 550081 550086
1 131826 132649
1 197748 197763
1 1047153 1047154
0 1067732 1067738
1 334417 334419
1 960850 961172
1 766612 766614
1 907485 907486
1 923892 923897
1 1066657 1066824
0 382617 382618
0 536343 543200
1 686482 686483
1 900953 900955
1 95033 95108
1 1046498 1046547
1 302486 302499
1 1083236 1089730
1 415232 415236
1 461951 461955
1 1081318 1081320
1 1082062 1082064
1 69089 69090
0 304547 304550
0 840747 840750
1 320205 320213
0 40213 40773
1 537387 537388
1 54867 54871
1 159247 159259
0 485888 485901
1 41923 41939
0 704000 704201
1 276525 281563
1 4510 10495
1 641698 641734
1 649113 651451
0 113931 113948
0 115170 115279
1 440397 440408
1 660446 660447
1 277626 277650
0 117481 117788
1 87787 87788
0 370051 381701
0 266413 266414
0 246631 246639
1 131123 131147
1 367365 367427
0 72984 75365
1 61454 76150
1 859518 859523
1 321606 321611
1 510036 510038
1 274034 274035
1 675149 675150
0 244717 244747
1 706878 708347
1 686825 686826
1 808248 808249
0 686721 686746
1 358656 358673
0 381141 381188
1 394055 394056
1 129933 155294
0 718788 718789
1 116622 116624
1 396998 396999
1 306163 306287
0 45347 45348
1 306759 306760
1 678338 678339
1 902516 902521
0 891666 891668
1 880286 895921
0 928234 931143
0 880179 880188
1 14366 14597
1 167011 167012
0 125111 125121
0 125936 125939
1 910293 920915
0 393932 393933
1 380894 380896
0 396908 396913
1 99708 99710
0 306232 307208
1 434881 442383
0 91504 92105
1 778048 778051
0 633264 633280
0 888995 889001
0 2081 3138
1 881195 881333
0 9751 9757
0 1047200 1047201
0 846666 846684
1 459343 461651
0 1032461 1032462
0 590113 590115
1 646309 646310
1 1042373 1042374
1 1034156 1034157
1 296987 296988
1 1011394 1011395
1 576442 576443
1 503375 503839
0 1025129 1025130
1 738379 738380
0 67541 67542
0 737111 737152
0 80161 80162
1 951377 957054
1 233788 233790
1 305681 305683
1 830412 830455
0 760066 760067
0 1007231 1007234
1 1065205 1065567
1 743597 743600
1 218893 218936
0 846950 846951
1 584863 584869
1 1002519 1002522
1 869828 877092
1 765078 765192
1 198482 198483
1 631849 631851
1 502344 502348
1 482594 482878
1 524649 524650
0 806438 806615
1 788693 789861
1 663739 663773
0 1074595 1074615
0 229720 230163
1 860297 860301
1 251803 251807
0 1046905 1046918
1 65229 75780
0 914359 914360
1 53804 53815
0 12658 14168
1 919082 919083
0 307713 307740
1 663179 663180
1 719741 719792
0 855296 866009
1 818183 818184
1 478329 478332
1 524359 524403
0 645487 645493
1 63033 76958
0 821198 821410
0 635145 635148
1 632406 632410
1 911707 911714
0 315485 315836
0 1067907 1067920
0 197183 197186
1 547027 547028
1 369999 370000
1 817956 823418
0 19534 19539
1 261159 261160
1 498140 498166
0 908292 920861
1 702491 702512
1 1042827 1042858
1 680444 680459
0 972165 972166
0 846669 846671
1 103773 103774
1 886137 886162
1 983662 983705
1 293828 293837
1 407028 407699
1 922416 922417
0 375837 375839
1 963879 964007
1 833964 833966
1 428406 428409
1 862054 862676
1 318864 319236
1 1035018 1052011
1 1065881 1065891
0 460831 460903
1 117017 117264
0 986234 986245
1 699212 701572
1 814864 814865
1 955044 955074
1 78163 78523
1 814250 814251
1 623819 623837
1 1077761 1077763
1 405651 405658
0 915135 915824
0 1067744 1067762
0 600727 600729
0 572025 572026
0 257611 258136
0 844768 848238
1 411646 411656
0 691536 691538
1 132251 132252
1 711949 717232
1 240340 240345
0 603490 603537
1 568998 568999
1 665502 665503
1 953986 954062
1 57419 57439
1 152331 152334
1 313166 313181
1 285496 285501
1 529083 529383
1 563451 563653
1 960942 960945
1 622190 622191
0 650714 650725
1 275598 284080
1 688812 688815
0 468796 479367
1 1069721 1069723
1 172240 172241
0 672078 672080
0 257149 257150
1 46081 46093
1 98704 98705
0 849041 849058
1 657450 657588
1 398454 402853
1 719995 719996
1 591379 597648
1 1074779 1074780
1 350872 350883
0 745184 745185
1 930792 930801
1 71016 71017
1 972736 972737
1 888862 888863
0 1083517 1083522
1 219660 219666
1 227415 228209
0 1010389 1010391
1 336158 336370
1 687713 687714
1 1058673 1058679
0 450378 450379
0 1055780 1055781
1 987395 987403
1 724410 728280
1 704315 704907
1 495489 495660
0 195092 199654
0 462312 462763
1 260919 266133
1 593430 594365
1 404166 404174
1 481900 484755
0 386090 386092
1 117651 117894
0 772004 772007
0 889742 890010
1 775088 775103
1 355773 355774
1 230144 230282
0 21597 21598
1 52474 52490
1 451672 451675
0 1032959 1032960
0 400711 400716
1 558626 558823
0 784607 784609
0 501104 503283
1 876522 876523
1 328872 328907
0 375538 375735
1 721886 721932
1 679993 692593
1 785647 785649
1 156491 156492
1 1073171 1073173
1 343988 343992
1 670341 670342
1 351659 351973
1 416269 418700
1 632432 632447
1 785347 785482
1 494227 495729
1 721809 721810
1 420227 420270
1 900891 900893
1 12403 35266
1 437781 439844
1 68221 68234
1 164986 165092
1 411462 411465
1 434645 434646
1 134727 154977
1 470744 470745
1 926876 926878
1 833939 835584
0 443180 443181
1 885839 888660
0 279286 281584
0 522374 522375
0 801058 801059
0 280873 281980
0 197603 213631
1 899779 899780
1 80881 80885
1 906168 906173
1 69884 69886
0 506250 506251
1 197425 197490
1 507301 507527
0 889314 889355
1 499100 499103
1 333593 333595
0 943777 943778
0 326807 327137
1 661563 661565
1 674603 674613
1 1082478 1082479
1 39489 39495
0 345284 345390
1 740930 740931
1 217343 217360
1 1067605 1068025
0 725852 726291
0 947702 947704
1 82078 92642
1 797862 797863
0 601402 601679
1 823888 823910
1 119858 120810
0 725476 725479
1 27209 27295
1 681886 873274
0 985191 985199
0 669284 669285
1 1026060 1026063
0 278002 278050
1 900555 900556
1 3692 3693
0 96827 96829
0 3116 3127
1 1031911 1031945
1 81209 81384
1 382486 382488
0 567074 579522
1 120288 120523
1 6232 6233
0 171454 171781
0 614343 614575
1 148671 148967
1 893514 893787
1 728479 728500
0 828820 828833
0 425950 425990
0 41910 55656
1 301190 301194
1 473264 473266
0 815039 815042
0 67867 68030
0 1067755 1067791
1 144212 155538
1 9045 9925
0 844369 844370
1 815523 815524
1 976563 976565
0 487681 487682
1 1024123 1024452
1 1040502 1040503
1 260778 260779
1 818995 818996
1 849181 849184
1 317413 317414
1 349845 349896
1 599201 599205
0 635839 651873
1 450649 450662
1 758142 758152
0 828836 828837
0 1022809 1022810
0 178498 178521
1 10239 10241
1 477543 477572
0 920126 920127
1 420160 420161
0 702218 702220
0 743347 743687
1 1017772 1017777
1 841852 841853
1 225586 225736
0 486731 487352
1 478919 478922
1 279053 279054
1 418835 418850
1 801275 801276
1 881182 881184
1 704367 704369
1 981480 981482
0 817697 817698
0 702229 702402
1 335718 335886
1 401768 410389
1 559519 559728
1 221137 221173
1 110763 110770
1 297371 297555
1 161980 161982
1 537268 537269
1 648711 798872
0 589404 589854
0 534060 534093
0 255719 258012
1 818227 818228
0 264787 264841
1 648138 648139
1 911564 911570
0 82789 82800
1 870146 876894
1 1043184 1043185
1 522749 522753
1 334176 334185
1 63311 63379
1 515231 515250
1 433716 433718
1 113478 113479
1 415147 417443
0 68340 73967
0 369999 370000
1 440557 441795
0 405934 413902
0 418311 418334
0 351773 352050
1 180410 180411
0 566913 566946
0 671670 671712
1 348362 348365
1 959586 962221
1 788545 788560
1 1071928 1071929
1 83113 83114
1 667050 667052
0 461336 461359
1 768285 768288
1 756496 756550
0 1017777 1017922
0 465147 466228
1 628955 628975
1 851589 851598
0 370413 370428
0 821288 821418
1 885100 892918
0 12032 12255
0 41057 41135
0 745978 745979
1 793167 793175
1 874202 874204
1 193474 210735
0 740794 740811
1 751872 751873
1 989744 989745
1 143397 143443
1 252 254
1 672132 672167
1 118906 118915
1 10206 10220
1 710002 711838
1 702395 702396
1 993488 993489
1 52295 52304
0 1053687 1053766
1 699779 700094
1 794773 794777
0 726893 726894
1 33546 33662
1 78934 84180
1 174946 174947
0 584824 584825
1 1044903 1044904
1 341511 341512
1 978446 978447
0 743260 743360
0 851589 851598
0 339645 340817
1 6102 9460
1 851387 851390
0 643688 643689
1 339660 340821
1 927010 927017
1 703158 703159
0 691646 691651
0 906555 906887
0 48738 48739
1 504688 504803
1 450547 450549
1 1015526 1015527
1 966178 966882
0 883020 883021
0 937401 937402
1 481787 481910
1 593303 593308
1 342586 342588
1 339905 339921
1 421075 421085
1 545411 545413
1 38055 38056
0 248419 248429
1 166907 169895
1 445924 449133
0 833125 833145
1 248887 253747
1 531409 532121
1 499887 499889
1 923192 923193
1 537888 537970
0 886178 886179
1 897754 900917
1 1029281 1029282
0 237237 237238
0 675553 675554
1 97180 97281
1 240665 240668
1 361683 361698
1 991360 998515
1 660059 665438
1 54690 54691
1 225843 225857
1 739306 739308
0 539001 539002
1 528784 528786
1 616254 616257
1 17606 17607
0 1033006 1033008
1 1035304 1035306
1 1037501 1039446
1 727625 727644
0 16966 16968
0 366925 366934
0 804644 951812
1 488814 488817
1 161199 161200
1 692556 692560
1 227841 227849
0 970110 970111
1 36427 36428
0 444472 445882
1 786282 786473
1 271754 271755
0 429194 429199
1 272522 272524
1 885394 896401
1 592203 592204
1 80131 80133
0 741879 743033
1 72839 72840
1 705657 705925
0 615958 615962
1 696652 696693
1 569900 569907
0 457057 457066
0 466460 466477
1 137770 137772
1 1010217 1010219
1 68664 68665
1 997202 997203
1 107448 109736
1 1073697 1073714
0 927643 927645
1 574966 574970
1 459793 459797
1 512467 512468
0 855863 866029
1 400703 400704
1 1057378 1057380
1 445310 445311
0 654649 654650
1 93908 94050
1 97385 97389
1 1061247 1061256
0 705670 705676
1 240731 240821
0 608056 609564
1 538199 538201
0 461862 462610
1 187447 187457
1 84088 84982
1 712990 721522
0 122275 122279
1 73461 73462
0 415528 415534
0 11744 11745
1 450730 450737
1 173974 173976
0 508471 508479
0 71432 71449
1 954648 955804
1 1058997 1058998
1 266133 266134
1 329050 329057
0 593487 593551
1 697210 697214
1 835091 835396
1 1075250 1075336
1 570891 570897
1 491914 491915
1 822721 822737
0 73224 73225
1 245758 245881
1 69223 69225
1 637790 637791
1 542913 543148
0 560264 560265
1 176710 180570
0 511675 511676
0 692026 692028
1 968906 968922
1 845740 845741
1 97752 97755
1 663099 663180
1 935478 935480
1 44921 44931
1 687665 692523
0 727912 727958
1 24199 24203
1 920269 920270
1 411660 411662
1 523641 523767
1 1020575 1020576
1 891474 891590
1 871678 871691
1 641235 641252
1 57626 58486
1 877513 896036
1 165348 165373
0 847918 847923
1 1083256 1083257
1 30829 31031
0 622190 622191
1 1014855 1018354
1 194405 210131
1 624573 624575
0 863015 863035
1 603237 603295
1 470652 479956
1 447139 447140
0 655711 655738
1 785349 785352
1 774400 774430
0 50737 50747
1 426243 426244
0 353025 353075
1 37144 37151
1 141234 141235
1 733261 733266
1 456548 456607
1 115349 115372
0 328767 328768
1 302295 302298
1 32059 32108
0 787001 802981
0 1026792 1026814
0 842986 842987
1 282167 282170
0 276695 282145
1 65071 65075
1 82295 83839
1 960623 960915
1 81663 81669
1 106332 106336
1 994881 994885
0 1043046 1043048
0 536981 536982
0 186386 213745
0 838872 838873
1 1050447 1050448
1 294323 294326
1 717587 718264
1 884625 885329
0 1044657 1044658
0 142312 142329
1 318656 318657
1 114760 114761
0 638411 638454
1 10100 10103
1 196020 216657
0 615587 615604
1 676080 676081
1 501340 501429
0 383444 383471
1 89151 89153
1 935511 935512
1 271996 271997
1 186128 186129
1 159540 159545
0 533141 533142
0 14201 14209
0 785487 785488
1 415749 433600
1 643344 643464
1 292969 300039
1 278316 278317
0 870997 941750
0 430313 430316
1 366720 381962
1 424600 424602
1 924359 924378
0 261276 266128
1 505343 510583
1 983933 984303
0 504495 504496
1 657975 657995
0 288406 288411
0 115770 115772
1 262391 263135
1 965008 965027
1 931293 931295
1 647543 647544
0 156002 156003
0 190255 213307
0 63741 63850
0 13231 33879
1 1067562 1085305
0 896076 896077
1 400439 400823
1 407605 407607
0 210534 210549
1 186030 650689
0 1020892 1021784
1 662884 675842
0 174305 174420
0 81352 81355
1 993938 997726
1 919680 919847
1 881850 881854
1 61166 61167
0 224493 224494
1 527602 527603
1 671206 671207
1 141735 141814
0 561585 561639
1 802002 802478
1 356773 356777
1 751115 751131
1 504300 504302
1 355979 356002
1 523980 523984
1 724334 724335
1 211590 211591
0 900056 900057
1 346146 353751
1 655142 677766
0 352496 352560
0 837547 837562
0 860411 860420
0 148404 148406
1 99773 99778
1 631944 631945
1 176835 176837
0 762194 762198
1 847890 847891
1 914281 914284
1 866491 866492
1 895071 895072
0 206966 212851
1 782513 782516
0 578042 578043
0 610605 611127
0 878035 884599
0 939256 939596
1 513419 513421
1 678201 678202
0 146010 146011
1 846397 846400
1 84993 84994
0 158107 167838
0 973840 973841
1 350346 350347
1 590029 604303
0 26444 26445
0 84539 84576
1 923990 924105
1 366478 374962
1 268465 282060
0 1047536 1047537
1 163285 163331
1 410040 410050
1 1006445 1006610
1 991531 993812
1 115660 115661
0 899596 899960
1 1079112 1079114
1 192723 194772
1 564577 564681
1 620120 621356
1 1062143 1062308
1 607418 607419
0 533155 533467
1 46287 53033
0 496902 496904
1 335018 335047
0 622140 623447
0 994426 994440
1 766324 777237
1 574612 574613
1 787650 787805
1 1029098 1047187
0 618640 618641
1 118758 119160
1 186629 186630
1 252305 254431
0 666956 667024
0 684411 684420
1 756613 756626
0 693962 693963
1 722775 722776
1 730076 730558
1 368991 369012
0 1051886 1051887
1 685269 685270
1 581177 581178
1 978908 978928
1 910307 910517
1 875665 875666
1 690077 690257
1 213147 213152
0 726125 726172
1 1023861 1023863
1 611388 617435
1 480253 480344
1 437290 437530
1 629506 629507
1 563129 563130
1 883873 883879
1 284273 284428
0 765936 765944
0 572747 572748
1 890815 890817
1 972784 972785
1 73533 73542
1 1046773 1046774
1 530582 530583
1 68167 68168
1 1068809 1069064
1 820284 820286
1 546951 546953
1 802512 802513
1 439355 439386
1 809870 809871
1 653896 653898
1 138678 138695
1 536708 543565
0 974954 975327
1 995113 995114
1 532877 532878
1 105901 105902
1 1077624 1077647
0 181061 181073
0 349805 353849
1 532446 532447
1 776751 776755
1 51125 51126
1 316703 316704
1 409720 409721
0 664561 664562
0 647605 647641
1 24547 24550
1 1036335 1036336
1 580875 581312
1 573374 573491
0 180522 180688
1 99628 99631
1 704541 704542
1 584264 584265
1 785318 785319
1 620709 621106
1 441146 441168
1 237609 237610
1 20822 20823
1 207544 207555
1 480836 481076
1 208591 208828
1 438463 441718
1 812440 812442
1 1002557 1003034
1 511969 511970
1 680468 680503
0 994152 994153
1 484057 484221
1 841458 841466
0 221137 221173
0 1015275 1016208
1 677281 677735
1 694217 694218
0 851534 851535
1 1068942 1068945
0 946815 946834
1 625056 626495
0 316371 316558
1 44878 44879
1 354518 354524
1 58696 75403
0 806518 816735
0 20652 21115
0 504401 504416
1 353569 353583
1 586658 604176
1 209849 209854
1 465178 466018
0 650280 650306
1 679973 679974
1 712090 712092
0 550630 550795
1 442925 442926
1 1020904 1020905
0 855054 855057
1 360317 360355
0 323875 323881
0 238023 238024
0 966234 966236
1 970904 970906
1 441251 441253
1 1068207 1068215
1 444501 444901
1 456743 456749
1 1018785 1018786
1 260407 265986
1 378340 378351
0 1024589 1024591
1 327540 338880
1 1067675 1067685
1 383222 383346
1 63298 70980
1 619319 619808
1 711262 711306
1 313293 313390
1 993392 993393
1 470457 470458
0 120192 120193
1 592061 604124
1 570050 570051
1 525750 526920
1 716239 716241
1 463332 463333
1 438037 439231
0 712990 721522
0 52585 57063
0 962418 962421
1 583464 601783
1 519191 519283
1 623263 623303
1 430917 431174
1 229152 229153
1 565662 565926
1 601579 601595
1 856316 856317
1 301114 301118
1 1043845 1043846
0 355398 365795
0 229931 230678
1 18847 18848
1 1058055 1058056
0 185698 185700
1 705401 705403
0 447261 447658
1 880021 880026
0 693785 693787
1 238089 238090
1 139411 139412
1 523074 523888
1 659661 659717
1 237333 237334
1 106287 106288
1 883339 896615
0 55324 55381
1 101439 101442
0 1054563 1054565
1 136395 136396
1 855312 855330
0 766219 766236
1 618451 619874
0 251364 251365
1 735964 735971
1 65481 65483
1 504617 998174
0 359969 359979
1 4021 4022
1 911040 911578
1 816243 816722
1 980663 980680
1 358538 358590
1 716036 716551
1 846520 846522
1 928720 936393
0 211529 211530
1 482043 482044
1 550592 550593
1 488449 489220
0 946596 946598
1 929089 929264
0 813120 813121
1 811546 812379
1 765882 765887
1 447260 447265
0 445987 445988
1 325495 325496
0 199543 199547
1 66226 66228
1 517456 517458
1 343094 343118
1 415694 415696
1 957845 957847
1 317790 318016
0 1084739 1084740
1 847201 847229
1 741247 741248
1 341178 341699
1 631465 631466
0 912630 912632
1 108185 108186
1 1025444 1025445
1 948725 949637
1 809692 814327
1 625570 625579
1 346594 346600
1 911024 911045
1 40762 40763
1 99459 99461
0 634674 634675
0 847612 847618
1 136900 136901
1 9834 9835
1 951174 951176
1 1070811 1070858
1 31628 31657
1 295249 295250
1 298488 298491
0 1058624 1058626
1 302015 302056
0 1057043 1057044
1 1062152 1062154
1 574793 575380
1 1064133 1064134
1 78327 78607
1 925875 925876
1 532730 532731
1 131262 131273
1 135242 135248
1 1032489 1033784
0 437781 439844
1 1053727 1053781
1 98171 98175
1 242707 242726
1 888958 889501
1 806151 806155
1 174416 174462
1 173888 173889
1 417911 417916
1 372265 372266
1 953370 953371
1 488280 497882
0 507190 507191
1 606833 609226
1 403923 403926
0 570775 570776
1 474064 474065
1 803349 815589
1 232846 235550
0 112487 124260
0 313071 313267
0 713546 713547
1 107671 108017
1 826382 826384
1 989643 989644
1 277771 284209
1 701443 708099
1 852292 852296
1 94658 95002
0 351478 351483
1 949183 949184
1 606540 606541
0 885632 885648
0 36995 37015
1 333738 333740
0 1073726 1073732
0 1067681 1068174
0 822689 822690
1 178523 184513
1 335569 335845
1 48973 48974
0 782111 783360
1 472350 472695
0 354587 354588
1 569682 569683
1 242377 244998
1 548745 548746
0 859250 859251
0 208121 208122
0 535966 535983
0 472425 472426
0 453267 453289
1 606159 607237
1 764632 770050
1 939387 939392
1 426513 426514
0 615641 615646
1 1034469 1034492
1 645481 645497
1 398184 398186
0 53140 53141
1 25311 25314
0 800123 800124
1 472392 473484
0 459434 459438
1 675168 675170
1 687640 687873
1 260026 261904
1 183329 183331
1 300559 300562
0 1056924 1056937
0 307203 307211
1 339808 339824
1 880962 880964
1 811207 811816
1 191373 191374
1 1080538 1080541
1 989426 989427
1 422508 422511
1 629141 630103
1 37731 37732
1 39150 39152
1 638012 651533
1 591048 591055
0 483370 483372
0 767384 779376
0 1030068 1036297
1 995725 995726
1 606639 606640
0 174416 174462
1 77305 77306
1 1066368 1066839
1 611485 611486
1 1041390 1041397
1 554153 555017
1 664967 665048
0 453670 453674
0 425099 425101
1 740204 740679
1 18942 19248
1 630906 630908
0 579034 579035
0 180953 181259
1 490180 490997
1 131879 151306
1 1041053 1041055
1 220011 220015
1 873941 873942
1 348039 353434
0 71676 71696
1 228246 228250
1 729096 729097
1 942254 942255
1 988128 988707
1 1055962 1056525
0 554937 554938
1 905378 913243
1 390651 390656
1 240079 240967
1 22787 22793
0 962909 963381
1 887620 887718
1 59762 75206
0 1025652 1025750
1 41783 41785
1 689544 693629
1 192900 192908
1 547496 556377
1 127662 128480
0 87895 87920
1 927802 927889
0 822946 823074
0 348738 354126
0 249002 249003
0 740688 741116
0 306029 306032
1 175358 175359
1 501782 501793
1 886165 888113
1 38177 39078
0 599988 599990
1 44001 44002
0 472753 474327
1 886116 886117
1 900336 900556
1 289608 308824
1 419838 426303
0 180517 180518
1 990848 990849
1 931842 932374
1 912192 912197
0 760364 760409
1 40341 40358
0 117037 117038
1 945769 945771
1 537021 544284
1 865019 865026
1 684049 684050
1 892411 892777
1 147953 147965
1 811055 811133
1 625296 627352
1 925042 926514
1 397962 397978
0 30907 30909
1 742298 742783
0 723635 723636
1 745627 745651
1 659426 659500
1 568554 568565
1 340175 343568
1 733049 733063
1 606038 606053
1 427977 428017
1 115691 115694
0 399087 399088
0 803874 803926
0 764075 770765
1 795254 795257
1 316907 316922
1 1020330 1020349
1 715823 715919
1 179555 179573
0 471596 472186
1 5316 5318
0 530013 535902
1 646009 646014
1 451621 451622
1 741252 744727
0 689425 695036
1 723067 723533
0 110818 110897
1 753991 777777
0 563129 563130
1 724409 728267
0 951344 951345
1 796565 796576
0 156712 156715
1 519672 519673
0 653096 653097
1 885529 885530
0 796774 796827
1 53096 53097
1 970450 977930
0 194981 195013
1 775039 775041
1 656477 656478
0 320382 320878
1 367906 368269
1 597210 597235
1 725151 725152
1 622222 623272
0 191373 191374
1 792060 792078
1 554567 554721
1 619553 619554
0 863703 863704
1 487630 487631
1 1006391 1006405
1 1055836 1059454
1 971840 971841
1 61656 76146
1 998274 998275
1 618571 619439
1 180452 180474
0 420160 420161
1 197067 197070
0 648302 648307
0 1038380 1038381
0 671102 671103
0 135784 135785
0 669263 669275
1 125906 125910
1 800895 800916
1 1041296 1041297
1 614566 616909
1 792956 792957
1 741660 742236
1 11667 11678
1 734424 735406
1 161151 161159
0 366472 381969
1 95335 109427
1 848347 848350
1 456161 456164
1 26234 26318
1 720545 720549
1 737334 737835
0 457359 457457
1 330594 330596
1 181943 181959
1 281542 281840
1 1071578 1071580
0 1070813 1070860
1 105562 105896
1 807596 807597
1 638080 638089
0 600995 601000
1 399956 399960
1 887896 887897
1 559677 559679
1 889824 889825
1 592494 592499
1 344392 344393
1 853863 853864
0 863592 863624
1 40297 40299
0 834800 834804
1 450100 450102
1 440644 440811
1 833761 834583
0 968519 977303
1 381433 382469
1 465751 469579
0 339660 340821
1 263149 263455
0 69975 69976
1 412939 412943
1 474672 474866
1 809760 816033
1 884421 884424
0 1035253 1035255
1 578663 578665
0 427690 427693
1 618792 619989
1 113862 114124
1 447234 447235
0 500610 500612
1 765560 765570
1 178857 178858
1 830920 830922
1 144686 144698
1 712919 718903
0 1000206 1000207
0 552191 552225
1 636847 636858
0 965855 965857
1 317099 317198
1 771531 771543
1 285907 308382
1 533302 533337
1 627501 628205
1 362828 366336
0 989370 989371
0 589211 589212
1 993927 993928
0 857448 857449
1 532950 533430
1 580275 589906
1 40238 40242
0 762926 762927
1 611751 612755
0 399191 399193
1 1016699 1016700
1 769224 769876
0 270353 270425
1 721144 721148
1 672064 678640
1 189368 189369
1 520310 520324
1 832601 832604
1 349707 351408
1 612245 612246
1 93834 97170
0 390894 390896
1 31895 36279
1 620186 620339
1 1022515 1028156
1 28668 28669
1 143591 143597
1 138601 138605
1 52172 52173
1 415403 415408
1 658939 658940
1 700 797
1 751636 751642
1 934649 934651
1 50400 53320
0 279535 281581
1 182437 182438
1 192597 194618
1 984109 984110
0 871727 871729
1 776030 776215
0 903403 903757
0 553958 553967
0 748517 749987
0 979081 979082
1 187443 210705
0 872575 872599
1 629646 630355
1 635942 635952
1 910306 910516
1 582547 582567
1 313756 313783
1 884722 884723
1 49955 49964
1 828091 828096
1 473093 474060
1 586202 586203
1 701319 701589
1 755225 755226
1 569980 569981
1 666557 666561
0 456488 456502
1 168694 168698
1 8624 8625
1 877552 877755
1 141079 141289
1 42679 42680
1 1008483 1012559
0 871868 877428
1 54373 56657
0 1031364 1031382
1 532652 537159
1 49353 49420
1 17408 17411
0 600389 605150
0 59456 76252
1 286385 286434
1 708920 709486
1 1059118 1059150
1 388407 388674
1 416346 416350
1 975563 975565
1 863929 863936
1 144302 155446
1 810760 810761
1 833258 833264
1 466860 467214
1 208613 209115
1 461025 461026
1 887378 887504
1 165696 165706
0 425704 425706
1 622358 622367
0 302540 302541
1 188118 188123
0 73815 73824
1 850738 850740
1 645016 645017
0 347235 347238
1 49358 49368
0 660601 660602
1 584438 600668
0 638490 640391
1 229736 229737
1 19264 19265
0 987875 988429
0 1021698 1021699
0 598652 605365
1 462167 462952
1 180751 181183
1 590546 590548
1 199667 199670
1 787969 787970
1 820970 821072
0 1037348 1043024
1 778263 778299
1 1074027 1074028
0 238953 238989
1 734882 734883
1 738568 738573
1 732052 737508
1 708413 708414
0 529083 529383
1 115047 115049
0 427473 427477
0 662159 662163
1 105873 105911
1 619822 619823
0 528779 529288
1 738600 743137
1 292176 292182
0 835739 835740
1 878162 878163
1 377627 377628
1 1036866 1051123
1 197808 206191
1 144743 144745
1 558020 558136
0 833606 833611
0 255752 255761
1 776794 776799
0 1035304 1035306
0 511310 511316
1 453451 453460
0 684944 684979
1 470237 470273
0 11336 35328
0 173553 173554
1 191158 191160
1 659288 659293
1 741768 742332
0 525667 525669
0 981572 981573
0 955070 955071
1 51364 51366
1 755379 755389
0 5182 10421
1 939658 939659
1 624605 627238
0 906558 906559
1 737634 737637
1 436095 439769
1 729774 729775
0 17408 17411
0 736490 737239
1 530788 530790
1 537819 537820
0 148751 150820
0 640722 640723
0 560987 561310
0 706917 706918
1 776180 776181
0 560848 561027
1 489054 489056
1 539088 544960
0 383837 383838
1 1014990 1018098
1 962018 967360
1 907978 907983
0 470361 470364
1 525321 525322
0 851513 851522
1 106314 106316
1 923084 926884
1 66773 66907
0 402789 402806
1 271595 271596
1 51395 51396
1 26320 26837
0 357045 360728
1 759553 759972
0 629506 629507
1 600726 604066
0 359395 365171
1 678623 678627
1 885227 885271
1 352634 352830
1 899899 899900
1 248540 254701
0 652305 652308
1 442671 442677
0 495463 495670
1 454427 454452
1 642579 642580
0 657975 657995
1 522514 522515
1 375597 376669
0 994339 994340
1 482626 483131
1 81944 81953
1 839188 839194
1 376857 376858
1 644473 644544
0 313843 314280
1 534070 534071
0 45641 45657
0 724334 724335
0 326718 327425
0 551260 551458
1 671895 671898
0 582757 582758
1 536094 536095
1 658465 658530
0 1031135 1050236
1 8545 8546
1 530188 544466
1 11923 11924
0 548937 548939
1 14994 14995
0 1083885 1083901
1 342274 342277
0 447324 447339
1 295316 295323
0 989612 989613
1 882086 882088
0 581177 581178
1 1084529 1084587
1 267600 267601
0 349707 351408
1 948574 948575
1 867793 867795
1 678062 678064
1 788456 788457
1 831440 833952
0 1046499 1050518
0 800125 800132
1 316074 316075
1 128345 152537
1 313725 314204
1 914285 914292
1 551888 551932
1 100532 100695
0 59159 75554
1 685806 685852
1 653274 653275
1 471634 472423
0 996575 996576
1 739504 739510
0 804557 804567
1 1077520 1077522
1 118644 118645
1 1039775 1039777
1 264454 265489
1 385741 386762
1 1058174 1058272
1 493969 493970
0 501489 501490
1 415991 416007
1 672573 672574
1 527419 527690
1 884591 884592
0 440849 440874
1 294749 294754
0 112713 112714
0 972919 974428
0 764985 764998
1 658484 658485
0 118519 118586
1 364278 364516
1 591550 591554
1 478004 478009
1 286809 286837
1 121873 121874
0 593221 604568
0 673478 673481
1 931989 931994
0 15100 15318
1 742247 742936
1 144420 144430
0 350295 350299
1 147963 147968
1 50970 50972
1 704837 707329
1 989586 989587
1 731981 737119
1 618042 623366
0 42254 42255
1 638832 638833
1 552131 552133
0 347307 353460
1 710290 710299
1 396440 396456
1 180393 180618
0 1089789 1089791
1 87558 87560
1 768089 768390
1 1003285 1003286
1 494730 494735
1 698448 698450
1 729743 729744
0 930139 936789
0 448882 458359
1 878571 878894
0 640162 640163
1 390160 390162
1 267418 267419
1 236703 236707
1 659401 676923
1 106510 106520
1 708982 708987
1 862281 862442
1 436140 436146
1 619530 619533
1 735288 735289
1 460141 478506
1 341047 341048
1 754281 754352
1 961777 961782
0 211496 211498
1 1070034 1070035
1 592856 599334
1 405588 405595
1 951440 951786
1 453598 453599
1 511729 511735
1 738604 739308
1 988561 989625
0 315197 316169
1 503299 503300
1 653166 653508
1 741981 743185
1 177060 177554
1 432204 432238
1 67898 76270
1 240591 240595
0 37966 38319
0 873566 873573
1 54656 54716
0 66607 66615
1 536995 536996
0 543100 543233
1 245298 245947
0 307404 307405
1 668333 668375
1 762007 762011
1 367901 367902
1 391811 392266
0 149732 149761
1 897695 897698
1 883798 884086
1 505718 505722
1 364199 364311
1 58811 58812
1 413084 413113
1 805647 806379
1 546585 556296
1 323835 323836
1 262135 263321
1 662864 662866
1 188679 188695
0 932848 932943
1 249842 249877
1 880610 881200
0 578031 578032
1 461504 461541
1 31707 31708
1 727052 727398
0 701443 708099
1 183014 183015
0 591541 591544
1 263828 266885
0 301924 301930
1 700707 700708
0 919757 919767
1 45823 45824
1 381549 382352
0 730787 730826
1 1055679 1055680
0 1062527 1062528
0 658823 658824
0 133607 133621
1 363265 364603
0 982456 982540
1 149453 149454
1 406806 407158
1 807827 808739
1 412635 412636
1 102462 107751
1 823391 823392
1 713411 713551
1 360379 360380
1 163763 163804
0 305717 305719
1 368003 368215
1 912248 912543
1 110455 110717
1 925295 925581
1 811078 811102
1 606360 607022
1 1005295 1005302
1 428830 428831
0 819735 819736
1 810741 810750
1 1053541 1053553
0 609487 609742
0 1019955 1019956
1 909966 909976
1 667953 668008
1 572568 578272
0 133838 133839
0 825398 825399
1 756454 756456
0 884232 884247
1 675282 677905
1 498375 498378
1 36903 41908
1 1002513 1002514
1 834410 834414
1 51836 51837
1 880969 881836
1 33083 33102
0 429487 429488
1 82830 82835
0 38016 38018
1 358061 358071
0 732823 732824
1 703775 704035
1 28993 29177
1 944176 944184
0 721999 723039
1 285633 285646
1 436099 436237
1 102807 102870
0 131338 155150
0 970378 970826
1 382813 382814
0 712279 712446
1 568084 568088
1 838419 838445
1 251449 251462
0 470849 475974
1 593862 604491
1 646898 646899
1 338590 338599
1 650262 650285
1 724473 724550
1 758179 758192
0 681346 681572
0 954254 954307
0 824213 824214
0 377707 377796
1 626922 626932
1 112905 113332
0 952519 952520
1 1054219 1054253
1 404375 404376
1 132461 132481
1 383790 383847
1 570680 570730
1 324011 324020
1 116364 116598
1 679658 680109
0 792060 792078
1 774837 774844
1 326616 326617
0 766959 766962
1 619173 619186
1 522788 522789
1 445653 445667
0 54690 54691
0 844673 844710
0 983254 983255
1 113511 113512
1 12914 35948
0 993621 993622
1 1082035 1082038
1 440510 441823
0 126292 149393
1 437004 437651
1 722001 722002
1 819072 819076
1 383044 383060
1 504460 504667
1 359088 359590
1 607966 616314
0 122663 122668
1 983679 983682
1 568983 568984
1 496720 496861
1 44221 44239
0 1041296 1041297
1 763473 763474
0 84451 85123
1 643013 643016
1 21694 21695
0 611940 611941
1 130087 133455
1 723367 723369
1 584084 584085
0 847135 847140
1 429250 429286
0 772469 772470
1 135156 135158
0 741761 742375
0 844178 844179
0 465353 465621
0 1081685 1081687
1 204705 204746
1 879026 879030
1 129398 129411
1 90051 90685
1 919576 919607
1 860448 865558
1 620209 620238
1 119009 119010
1 514296 515784
0 761277 761284
1 931904 931916
1 179600 179623
0 93418 611375
0 770914 770915
1 846319 846322
1 848644 848699
1 58377 58391
0 253193 253459
1 1083166 1083167
0 858375 861992
1 709917 709918
1 33490 33491
1 993132 997037
1 260999 263368
1 367157 367339
0 757099 757101
1 240548 240680
1 383055 383280
0 288735 288740
1 201129 202048
1 462024 462970
1 317240 317245
1 203860 203865
1 186888 189990
1 699063 699070
1 251487 251501
0 995113 995114
0 84097 84098
1 791418 791419
1 558024 558084
0 506659 506661
0 393941 393943
1 1082340 1082622
1 404575 404588
1 598473 598546
1 299750 311519
1 445235 445881
0 22291 22293
1 690691 690692
1 796419 796436
1 772971 772993
1 828651 828658
1 146128 146130
1 227741 227743
1 200455 200456
0 240340 240345
1 418814 418914
0 332942 333265
0 366888 377172
1 221123 222647
1 341202 341203
1 17229 17230
0 1056503 1056553
0 242355 243935
1 453000 453003
1 189346 189347
1 986035 986068
1 581062 581638
1 977096 977199
1 780887 783693
1 553724 553726
0 670690 670693
1 374593 374640
0 234311 234314
1 1069703 1069707
1 98984 99029
0 135062 135228
1 782495 782513
1 346877 354553
1 596398 596402
1 39103 39105
1 240375 240378
1 445404 446036
0 445083 445131
1 705354 705839
1 960258 960266
1 802166 802487
1 400552 401201
1 981095 981096
0 40238 40242
1 318919 319305
1 600000 600001
1 812717 812728
1 933795 933798
1 872025 872027
1 833414 833418
0 901328 901758
1 553053 553059
0 1075169 1075171
0 917107 917327
1 133777 151266
0 140764 152518
0 513342 513374
0 540403 540685
1 164413 164415
1 973526 973544
1 408599 408601
1 486726 486735
1 668209 668210
1 571343 578874
1 960632 960645
0 84522 84532
1 1056282 1058422
1 784758 784763
0 490267 490280
1 420085 420086
0 684185 684198
1 621622 621636
1 160057 160072
1 802434 802435
0 598709 598734
0 452997 453007
1 423323 423324
1 641418 641419
1 353060 353061
0 420555 420586
1 304219 304309
0 622290 622291
1 814599 814615
1 1016610 1016611
1 1009799 1012948
1 127588 127589
1 982641 982642
0 89240 89241
1 838944 838948
1 394064 394075
1 548912 549197
1 143583 143586
1 435201 435202
1 459568 459797
1 844421 844423
0 256622 257975
1 649028 649035
1 95611 95614
1 318884 318885
1 214483 214485
0 672853 672854
1 6956 7388
1 423999 424009
1 471199 471200
0 547040 547286
1 598282 604684
0 142411 142428
0 219512 219513
1 178886 948414
1 513274 513981
1 626127 626129
0 966907 966908
1 304382 304385
1 444696 444725
1 127836 127837
1 71248 71310
0 751167 751173
1 291235 291381
0 615256 615257
1 448807 448808
1 734728 735559
1 103396 103398
1 75759 75760
1 327385 335819
0 1021593 1021594
0 1003394 1003611
1 824267 824274
1 763782 763787
1 841098 841108
1 4063 4310
1 534264 534272
1 546390 546429
1 22328 22365
1 937710 937711
1 67724 67725
1 976119 976120
0 238997 239009
1 319769 319972
1 402269 402291
1 835123 835125
1 393004 393005
0 839308 839320
1 280455 280914
0 542062 542068
1 252890 253124
1 302607 302623
1 428822 428829
0 600008 600011
1 943135 943136
1 423170 423172
1 119718 120550
1 360031 360120
1 719359 719374
1 420470 433094
1 448651 448653
1 436404 442273
1 654053 654101
1 688476 688805
1 358389 358390
1 722750 722763
1 1035369 1042449
1 569209 579570
0 931989 931994
0 41982 41995
1 307426 308784
0 733719 733804
0 893187 893253
1 1081769 1081774
0 45305 45357
0 350666 350667
0 951303 951591
1 1003054 1010837
1 150689 150691
1 563343 563346
1 417567 417577
0 997339 997341
1 1076278 1076280
1 898629 904207
1 899460 899461
1 987801 987802
1 408443 409196
1 697622 697623
0 147798 147799
1 582863 583085
0 338499 338501
1 66428 66483
1 197187 197191
1 525059 525061
0 100777 100778
0 195379 210575
0 379546 379547
1 125551 125687
1 939998 942884
0 167331 167333
1 249122 249124
1 296690 296802
0 249537 249716
1 1066893 1086757
1 138195 138196
1 637920 637921
1 289638 311082
0 571782 572011
1 113541 113550
1 1062788 1088690
0 121394 123167
0 172272 172357
1 166415 170021
1 43591 43592
1 336218 336364
1 164054 164056
0 290289 290292
1 342420 342687
1 326720 326728
0 847905 848617
1 946272 946274
0 444280 444311
0 255819 257998
1 108126 108229
1 1033551 1052903
1 163983 164549
1 172279 172508
0 819607 819608
0 1009082 1012648
1 294613 294625
1 433500 433501
1 122792 122793
1 1002455 1006787
1 64723 64749
1 444814 445005
1 686483 686490
1 704600 704837
1 292567 292569
0 420261 420280
0 591200 591222
1 581564 594321
0 589619 589621
0 452686 452693
1 582037 582038
1 1077466 1077467
1 978937 978938
1 399238 399246
1 817242 817244
1 1040455 1040456
0 618493 618502
0 952666 952679
1 847015 847019
0 366891 377156
0 191101 191117
0 369115 369116
1 87010 87021
1 882908 882914
1 140573 141499
0 668541 678697
1 864166 864179
1 219027 219913
1 134990 134991
0 859935 859942
0 408432 408639
1 493236 493490
0 952204 952213
0 834845 834846
1 363175 363176
1 509268 509270
1 359228 365386
1 314413 318251
1 306658 306688
1 1034111 1034119
0 916093 916097
1 1031953 1032063
1 552968 552980
1 534644 534656
1 662398 662544
1 830291 830293
0 57650 57658
1 14404 14405
1 9946 10579
1 875197 875198
1 43963 43990
1 443608 443609
1 1034969 1035589
1 60772 60774
1 226980 226981
1 892304 892305
1 193171 193172
1 766582 766583
0 518883 518945
1 372319 372321
1 745932 746074
1 806965 816473
1 320256 320901
0 270586 270589
0 246866 247159
1 299681 299684
1 678602 678603
1 512701 513046
1 233694 233700
1 569852 575018
1 794714 802583
1 578534 578547
1 1052250 1052834
1 837120 837123
1 1017725 1028546
0 1035018 1052011
1 1079992 1080117
1 439558 440212
1 182771 182860
1 588877 601921
1 284505 284547
0 761020 761083
0 899460 899461
1 925223 925224
1 424752 424764
1 381922 381923
1 172794 173129
1 464991 465614
1 560629 560661
1 773329 773331
1 1048150 1048151
0 905518 905519
1 350174 350175
1 649319 649320
0 734882 734883
1 602079 602080
1 872954 873084
1 998548 998755
1 908277 908643
1 842250 842255
1 494187 498963
0 180038 180177
1 14631 14633
1 899963 904393
1 941388 948140
1 587133 587135
1 688018 688021
1 728421 728724
1 63588 63612
0 484092 484102
1 17659 17715
1 166556 166561
0 191827 191829
1 784780 788583
0 454894 454905
1 1004015 1004016
1 731754 731756
1 1034499 1034500
1 511685 511686
0 3301 3478
0 949653 949654
0 60425 60637
0 938933 939054
1 1077129 1077131
1 160463 160465
0 882451 882835
1 1043261 1043262
1 924318 924320
1 147394 152118
1 669345 669347
1 872974 872980
1 512487 512582
1 33652 35581
0 952141 952143
0 785087 785088
0 127094 127143
0 502093 502094
0 845555 845585
1 101729 101730
0 697796 697805
1 720570 721749
1 1040569 1040570
1 364417 364418
1 1018608 1018610
1 838656 838685
1 161337 161338
1 831543 831545
1 553166 553361
0 1016673 1016674
0 48954 48955
1 128383 131326
1 1072147 1072183
0 842142 842143
0 257746 257750
1 532997 532998
1 662203 662207
1 559740 559741
1 657774 657930
1 541351 541360
1 616712 616744
0 692176 692177
1 884954 886780
0 337620 337952
1 353948 353949
1 60651 60686
1 708572 718917
1 1078847 1078871
1 24178 24272
1 389144 389271
1 864746 864749
0 1057844 1057845
0 639055 639061
1 770035 770037
0 526452 526454
1 239452 239463
0 945769 945771
1 1060874 1060921
1 908927 908928
0 347642 348762
1 319655 319659
0 335569 335845
1 60091 60092
1 2901 2904
1 77532 91138
0 871662 871663
1 7071 10552
1 31027 35885
0 489472 489478
1 977912 978205
0 59506 59507
1 632106 632108
1 764847 764848
0 1001846 1004003
1 13596 13700
0 794585 794586
1 537532 537534
1 944101 948073
1 207685 212846
1 908163 908164
1 991529 993801
1 323968 323970
1 459723 459724
1 738056 738057
1 199358 199363
1 972355 972360
1 819899 826369
0 316819 316820
1 1001850 1004242
0 249122 249124
0 415746 419773
1 353059 353083
0 827882 828021
1 989535 989536
0 669308 669309
0 586658 604176
1 641057 652158
1 640312 640313
1 658102 658646
1 367328 367418
1 909398 909399
1 741110 742827
1 274429 281571
0 33083 33102
1 164681 164682
1 325842 326029
1 40548 40549
0 263688 263700
0 351340 354387
0 900301 900520
1 398562 398563
1 754295 754302
0 722001 722002
1 1036588 1036590
0 343988 343992
1 122726 124736
0 88162 88299
0 915523 915652
1 22817 22824
1 913891 913892
1 742714 742718
0 864729 865128
0 162884 169223
1 653790 653799
0 306767 308731
1 1021226 1021228
0 820933 824761
1 1071204 1071209
0 985979 985981
1 557410 557530
1 265209 266810
1 454850 454851
0 895773 895777
1 18915 30618
1 424154 424165
1 880307 881517
1 25111 25132
1 297728 297729
1 643624 643625
1 527765 544305
1 906476 906477
1 251223 251268
1 569518 569526
0 827502 827504
1 193238 193247
1 361519 361520
0 318040 318147
1 770605 770607
1 602590 602593
1 598783 598784
0 926897 926899
1 822339 822341
1 483950 483956
0 285092 293612
1 875296 875516
1 702320 702325
1 755112 755130
0 134280 134281
1 784288 784289
1 806898 807110
0 226375 227053
1 733712 733800
1 325643 326016
1 84921 84922
1 482372 482373
0 951440 951786
0 172655 183096
0 757076 757078
1 538715 539184
0 1052 389108
1 1021586 1021588
1 359827 365117
0 643191 643306
1 237071 237155
0 767606 767610
1 588165 588166
1 838082 838403
1 160499 160501
0 505719 506518
1 1033459 1033469
1 815286 815287
1 534215 534217
0 561252 561255
1 410868 414142
1 282285 282349
1 141494 141518
0 2901 2904
1 675034 675035
1 1008370 1009071
0 125017 135861
1 219837 227557
1 140607 140609
1 424981 424982
1 172472 172619
1 864721 864732
1 953802 953805
1 52500 52502
1 112939 113307
1 279283 279440
1 884479 884480
0 1000355 1000357
0 857899 857901
1 57250 61389
0 265418 265503
0 925422 925897
1 445397 445398
0 172279 172508
0 897653 899608
1 286581 286584
1 326982 335585
1 576168 576189
1 872946 872947
1 241412 241414
1 679899 692924
0 885100 892918
1 199593 199601
0 566102 566104
1 538046 538126
1 96800 96804
1 923393 923394
1 316588 316589
1 232164 232167
1 772152 772237
1 313760 313761
0 177834 177860
1 648775 648783
1 563555 566088
1 445635 445651
0 577144 577747
1 188986 188992
1 154997 154998
0 145707 145708
1 842345 842348
1 289349 294484
1 1068319 1068322
1 1025338 1025569
1 132392 157158
1 602925 602928
1 803904 812938
1 441005 441044
0 129398 129411
1 93645 93646
1 859916 859925
1 358020 358038
1 52089 52090
0 179757 179758
1 668969 668973
1 1030911 1031621
1 67916 67917
1 482340 484331
1 62380 62391
0 482372 482373
1 89700 89701
0 506626 506628
1 848571 848572
1 345634 345636
1 590079 590080
1 646200 646522
0 111785 111786
1 107691 108740
1 650672 650676
1 341410 341411
1 1056621 1056622
1 400582 401120
0 1022228 1025742
0 688070 688073
1 662705 662728
1 246771 246773
0 117798 118143
0 851517 851533
0 691264 691268
1 392454 395440
1 210401 210436
1 163124 171353
1 789953 789968
1 1080584 1080586
1 15130 34986
0 318825 318826
1 384704 384706
1 292434 292435
0 81159 81160
1 1070811 1070816
1 680829 681089
0 834379 854369
1 669320 669324
1 489976 489994
1 832505 832513
1 95416 95667
1 692305 692306
0 394617 395724
1 1035236 1035239
1 318540 318699
1 492384 492385
1 281309 281310
0 564071 564072
1 57706 57710
1 596018 596019
1 148094 148103
0 1046925 1046946
0 534931 534934
0 177751 178046
0 571209 571211
1 915958 915974
0 733008 733009
1 450914 450918
1 373298 373304
1 827327 837618
0 765409 765422
0 1040502 1040503
1 181988 182055
1 307739 308568
1 1043729 1043888
1 832110 832112
1 427721 427743
0 768870 768871
1 157748 157749
1 481531 481636
1 873809 873962
0 838215 838220
1 539079 544111
1 804237 805196
0 890176 892967
0 71677 76870
1 398394 398395
1 359528 366144
1 10281 10284
1 465187 465188
0 588320 588326
1 1007238 1007944
1 328370 334102
1 259045 259214
1 117357 117359
1 459344 459358
1 273720 273911
1 279899 279908
0 17281 17288
0 690706 690707
1 68769 68770
1 599861 599866
0 200832 212005
1 873540 873754
1 315245 315271
0 362828 366336
1 127751 127755
0 325537 325545
1 798226 798227
1 74309 76968
1 677802 677804
0 472852 472853
1 996045 996047
0 362159 364607
1 260937 261280
0 946870 946876
1 530615 530616
0 438460 438470
1 621941 623003
0 72083 72084
1 689968 689969
1 428489 428490
0 937525 937527
1 48808 48816
0 1062177 1080905
1 333410 333414
0 264859 264862
1 532364 532375
1 842856 842857
1 198378 198382
1 175617 185236
0 1041066 1041073
1 992063 992064
1 74648 74669
0 741660 742236
1 876839 876854
1 23741 23742
0 412445 412453
1 922908 926363
0 159597 159598
1 538261 544332
1 880674 880675
1 443628 444340
0 279729 279794
1 633246 637547
1 1048184 1048185
0 999177 999187
1 292325 292328
0 899589 899594
0 118515 118578
1 790023 790030
1 619593 629329
1 983231 983641
0 122849 122917
1 300034 307889
1 832429 832445
1 667639 667641
1 797398 798063
0 822782 822788
0 814257 814268
1 580708 598898
1 1075359 1075360
1 448652 449135
1 621395 621398
1 268806 268967
0 310543 310545
0 1008612 1008840
1 624737 624792
1 1011035 1011036
1 322828 322829
1 381323 381324
0 337660 337874
1 832851 832857
1 10225 10228
0 279463 279464
1 526086 526088
1 86500 86506
1 567742 567772
1 899730 904383
1 365867 365869
0 361393 361394
1 767041 767049
1 756565 756568
1 205642 205664
1 627541 627568
0 328824 328861
0 514513 514514
0 822160 822161
1 527525 527526
1 242605 242607
0 487097 487527
0 262135 263321
1 520803 520804
0 940435 940448
1 559571 562249
1 114733 114734
1 498287 498378
1 40769 40772
0 429184 429185
1 509685 510920
1 883130 883443
0 367318 367400
0 650672 650676
0 392325 392326
1 951955 956406
1 449528 449529
1 151601 156221
0 485521 485522
1 284652 292679
1 497516 497517
1 928786 929096
0 908839 908840
1 905623 905840
1 836978 836981
1 827770 827776
1 28925 32478
0 524725 524769
1 195346 195347
1 811406 811825
0 523980 523984
1 236972 236976
0 861493 861524
0 1041038 1041039
1 340932 340934
1 6066 6217
1 16642 16643
1 535426 535516
1 731639 731999
1 794646 802643
1 389751 389776
1 1000469 1000482
1 425015 425017
1 487188 487189
1 1079244 1079245
0 157638 157639
1 613537 614865
0 63912 63929
1 903239 903549
1 924652 924654
1 392262 392277
1 968907 968909
1 1085548 1085549
1 361290 361294
1 762442 762443
1 302718 302719
1 584464 584547
1 252370 252677
1 833010 833011
1 189013 210718
1 117151 117172
1 223414 233375
1 18896 18898
1 4222 4242
1 1058988 1058989
1 272496 272690
1 291802 300005
1 176438 179978
1 1054449 1054450
1 80846 80847
1 122680 122732
1 289048 289049
1 464647 471102
1 273217 273218
1 415479 415480
1 521878 521907
1 600380 600382
1 761771 762713
0 422716 422717
1 246671 246683
1 172886 172887
1 81709 81710
1 1086024 1088491
1 10407 10408
1 1063310 1063328
1 924844 924944
1 159872 169580
1 1062424 1065450
0 63944 76728
1 787699 787700
1 553681 555143
1 477524 477526
0 984886 985929
1 909765 909766
1 917955 921657
1 1040611 1045352
1 396933 396941
1 49761 49762
1 247027 247212
1 26460 26489
0 295536 295545
0 68286 68348
1 911167 911184
1 248747 248767
0 279550 279557
1 569820 575145
1 200337 200517
1 765152 765154
1 84226 84813
1 130572 130663
1 769065 777163
1 1043905 1043906
1 871445 871536
1 239840 239844
1 175454 185766
1 943114 943116
1 493631 493649
0 1079230 1079318
0 251803 251807
1 19435 19436
1 795791 795792
1 193276 193277
0 624337 626996
0 677281 677735
1 253129 253130
1 427103 427105
1 459529 459541
1 219019 219021
0 689042 689043
1 69335 69336
1 464546 464547
0 832496 841880
1 1017574 1017644
0 102602 102603
1 800483 800484
1 1051908 1051919
1 848103 848105
1 674221 674229
1 116485 116486
1 520151 520152
1 999490 999493
0 294192 294193
1 506119 506124
1 465567 477372
1 1002023 1002170
1 99441 99545
1 1039150 1039154
0 995027 995033
0 42657 42675
1 281608 283128
1 34721 35627
1 613845 613846
0 172457 179782
1 577608 578368
1 206125 211861
1 1044624 1044779
1 275638 281781
1 342276 342287
0 723210 723690
0 664501 664502
1 443227 443352
1 850250 850251
1 264610 264620
1 225965 225970
1 844844 844911
1 55240 55314
1 662002 678535
0 436910 436911
1 194310 194314
1 228122 234083
1 881108 881110
0 774229 774230
0 41202 41207
1 300885 300897
1 526505 526730
0 67724 67725
1 329204 329402
1 172910 173078
1 303598 303599
1 1051500 1051989
0 548779 548793
0 915889 915907
1 342338 342372
0 563362 563374
1 735837 749517
1 173636 173637
0 101360 101366
1 402056 402142
1 119946 119976
0 885704 885711
1 933168 933169
1 56502 56514
1 322418 323175
1 836270 836278
1 359457 359585
0 129 137
1 324730 324934
1 804642 804643
1 797349 797350
1 242143 913192
1 644754 651506
1 496040 499010
1 425354 425355
1 921813 921910
1 999525 999549
1 129374 129376
1 103246 103247
1 446496 447041
1 477565 477573
1 409324 414147
1 721015 721035
1 901092 901696
1 692905 692906
1 131835 131837
0 13984 14031
0 905880 905897
1 634585 635133
1 864193 864194
0 14366 14597
1 826095 826983
1 537896 537897
1 666093 666094
0 768382 768610
0 405623 405632
1 429837 429838
1 672557 672559
0 617500 617516
1 587120 591085
0 450603 450609
1 1057848 1059417
1 765831 766181
1 660198 660199
1 85274 85276
1 202457 215336
1 323960 323987
1 758401 758421
0 192572 192573
1 45871 45872
1 608383 608384
1 700148 700149
1 987013 987014
1 690914 690919
1 958766 958767
1 256712 256714
1 312544 312545
0 139207 139214
1 202002 202004
1 196436 196437
1 614659 614992
0 219789 219920
1 187489 187490
1 924985 924986
1 360028 360030
0 815277 815278
0 1036548 1036621
1 228898 228899
1 301766 301793
1 704698 704831
1 78515 90179
0 900953 900955
1 29390 29395
1 879541 879559
1 393669 393679
1 975349 975355
1 45895 45903
1 458711 458732
1 178927 179246
0 4272 4274
1 287979 287980
0 194052 195940
1 755532 774780
1 941669 941700
1 1029833 1029834
0 559151 559220
1 322908 323142
1 753844 753845
0 916424 916425
1 292066 292087
1 239566 239830
1 338601 344376
1 527080 527081
0 538191 538554
1 380285 380663
1 804022 805009
1 973983 973984
0 787699 787700
1 821512 825407
1 939119 939120
1 274210 274211
0 921566 921568
1 355809 356327
1 1027655 1027658
1 463518 463519
1 1009189 1009191
0 760572 760578
1 908381 913910
1 881808 882868
0 1004283 1004295
1 368603 368606
1 86883 86889
0 1055712 1055713
1 461989 462003
0 200316 200317
1 190357 190435
1 793656 793666
1 697797 697798
1 145625 145639
1 943052 943251
1 428252 428253
1 518292 518293
0 382613 382641
1 358223 358992
1 686800 686802
1 1045611 1045614
1 905916 1014941
1 38080 38082
1 842191 842193
1 236267 236271
1 620352 620364
1 387178 387429
1 852657 852658
1 115484 115679
1 1042911 1042912
1 923138 923139
1 521768 521769
1 939011 939012
1 411522 414076
1 1016929 1016930
1 703176 703177
1 987432 987433
0 491678 498621
0 440652 440827
1 427861 427865
0 403431 403462
0 923138 923139
0 357203 357204
0 1076421 1076422
0 1082167 1082189
1 994373 994374
1 711436 711437
1 386326 386337
1 808232 808238
0 497148 497149
1 209851 209864
1 734330 734331
1 725526 725535
1 70814 70848
1 429977 429983
1 656819 656842
0 1079575 1079577
0 65244 65277
1 565772 565773
0 643465 643467
1 446708 446860
0 956022 956023
1 594516 594520
0 73204 234914
1 245312 245319
1 807620 807629
1 1017046 1017236
1 1074527 1074528
1 868647 868768
1 715678 715826
1 850360 850364
1 392364 392367
1 785562 785563
0 393197 393200
1 890015 893227
0 95713 95714
1 247569 247592
1 158735 158764
0 530784 541829
0 709275 709277
1 709874 713008
0 735964 735971
1 658067 658068
1 391893 392062
0 217343 217360
1 879631 879641
0 21953 21958
0 552542 552598
0 682166 682172
0 292649 293094
0 59970 76004
0 99002 99062
0 924451 924452
1 948974 948976
1 289062 289187
0 993985 994042
1 1026186 1026190
1 636351 636369
1 1010474 1014618
1 782138 782139
1 16987 17115
1 980338 980342
1 1022273 1022274
1 528428 528455
1 538911 538912
0 179826 179827
1 670175 670176
0 1048792 1048793
1 87515 87523
1 598022 598026
1 534191 534220
0 190613 212187
1 812936 812940
1 1065837 1066837
1 734769 734770
1 238496 238497
1 925028 925034
1 27798 27804
1 261825 265817
1 930310 930327
0 754295 754302
1 190949 190954
1 377755 377785
0 280942 282716
0 879541 879559
1 583662 583972
1 201749 201752
1 145821 155803
1 74544 74545
0 258576 258605
1 1078413 1078415
1 365227 365231
0 398526 398744
1 682365 682366
1 538792 538793
1 660228 660229
1 152216 152217
1 422380 422396
1 545178 545209
0 246393 246415
0 1055575 1059506
1 883182 883726
1 827267 827269
1 524229 524245
1 183254 183256
0 686641 686642
0 784780 788583
1 464773 478040
1 273823 273824
1 419670 419671
0 30115 30116
1 126811 153780
1 387615 387632
1 326760 326761
1 891539 897463
0 617902 617903
1 651697 651699
0 432586 432588
1 1057982 1057983
0 234498 234502
0 440397 440408
0 367901 367902
1 328818 329385
1 552040 552041
0 864721 864732
1 835541 835545
1 511030 511147
1 337838 337839
0 790356 790358
1 669222 669223
0 851459 851729
0 1054465 1056209
0 896572 896574
1 526978 526979
1 609418 609654
1 407023 407467
0 738240 745918
0 759631 759635
1 12341 12359
1 131213 131214
1 19108 19184
1 518872 519872
0 715226 721133
0 273720 273911
1 245714 245715
1 444 445
0 204768 204769
1 92808 92838
1 248535 248544
1 844128 844459
0 346679 346796
1 860309 860996
1 756529 756533
0 998666 998667
1 846131 846132
1 922833 922834
1 242699 242700
1 26935 26946
0 337806 337807
1 339819 339820
1 505454 505455
0 991986 991988
0 439957 440182
0 374181 374182
1 466656 466657
1 492655 492957
0 422378 422379
1 430104 430105
1 145276 145293
1 606152 606990
1 830440 830442
1 638994 639120
1 162895 169003
1 727498 727499
1 954083 954084
1 250906 250907
1 817827 818020
1 345022 345088
1 245054 245059
1 655560 655564
1 922911 922912
1 142006 142198
1 202580 202582
0 1015372 1015374
1 319209 319226
0 639292 639294
1 24850 24851
1 133080 133082
0 1072737 1086727
0 107328 107352
1 860535 860536
0 631152 631153
1 385722 386759
1 769204 769206
0 447498 447499
1 391054 391057
1 60075 64120
0 178017 178021
1 385884 385888
0 599861 599866
1 10334 10335
1 424889 424890
1 1006141 1006276
1 960920 960921
1 319916 319922
1 759912 759928
1 136607 136609
1 953564 953757
1 1002276 1009357
0 537724 537773
0 998319 999984
1 865487 867177
1 1064531 1064533
1 793454 793488
1 85945 85946
1 631737 631738
0 314919 314920
1 25274 25376
0 755532 774780
1 61862 62299
1 787576 788096
1 620782 621123
1 694223 694225
1 1076078 1076081
0 405299 405498
1 159675 170249
0 910238 914064
0 996379 996381
0 303410 303411
1 330723 330724
1 114750 114751
1 367154 367375
0 243084 254319
1 270183 270195
0 262606 262609
1 290220 290221
1 762379 778250
1 386017 386018
1 239368 239373
0 263206 263263
1 197768 197769
1 424777 424781
0 61862 62299
1 400617 400623
0 1034398 1034659
1 221730 221734
0 464824 464863
0 330024 330628
1 982492 987203
1 603903 604199
1 1063520 1063676
1 317095 317195
0 487188 487189
1 182271 924812
0 803896 804571
1 609842 609843
1 1074427 1087047
0 831037 831039
1 342745 342759
1 1023250 1023294
1 740058 740060
0 806257 815683
1 249656 249657
1 327994 327998
0 140595 140604
1 233282 233292
1 346462 346474
0 1068042 1068049
1 977257 977265
1 570855 570856
1 263978 264267
0 292490 292598
1 952876 952877
0 580544 580568
1 640243 640244
0 574048 574049
0 689785 689794
1 946581 946625
1 789564 789565
1 191835 191837
1 353258 353269
0 460141 478506
1 519672 522557
1 734099 734116
0 1067587 1068140
0 33787 33793
0 86422 87049
1 641998 641999
1 54688 54689
1 1023958 1023959
1 303041 303042
1 733257 734093
1 98298 98306
1 288798 308998
1 63212 74728
1 879988 879994
1 723568 724760
0 1079727 1086436
1 240414 253841
1 1026043 1026046
1 162603 162605
1 314709 314902
1 349115 349116
1 507488 507489
1 905647 905650
1 786473 788288
0 177881 177890
0 958519 959457
0 820625 820626
1 739868 740201
1 180605 180606
1 561368 561509
1 671273 671274
1 287956 287957
1 668430 668431
1 501916 501948
1 637245 637246
1 194886 194891
1 396370 406601
0 929522 929544
1 357360 357362
1 839735 839738
1 302842 302845
1 837799 837800
1 249425 249898
1 781967 781976
0 745673 745688
1 214871 214873
1 863111 863113
1 168637 168638
1 1056903 1056904
1 305529 305532
1 381069 381075
0 798606 798629
1 346764 346765
1 637128 637194
0 223545 230782
1 57890 62452
1 680665 680677
1 657573 657659
1 1069992 1070004
0 1008273 1012982
1 275851 954220
1 407238 407239
0 573815 573816
1 69411 69486
1 293239 293245
1 286344 286346
0 575248 575255
1 93332 93333
1 28024 28025
1 188391 188394
1 629291 629656
1 821540 821541
0 828297 828298
0 39351 39352
1 99427 99430
1 848555 848556
1 482224 482249
1 773126 773128
0 455121 455123
0 82991 82998
1 37099 37110
0 160744 160745
1 677748 677749
1 231258 231368
1 572774 572784
1 1086239 1086241
0 453076 455493
1 902888 902990
1 702736 702740
1 122678 122684
0 788596 788597
1 654570 654583
0 638984 638985
1 161852 162116
1 339669 340608
1 702135 702136
1 903342 904306
1 267899 267904
1 535824 535828
1 709890 721556
1 383811 383812
1 568099 568100
0 280310 280311
0 1048184 1048185
0 984747 985658
1 979799 979983
1 841552 841555
1 22950 22953
0 622829 622933
1 152955 154500
1 1079425 1079427
1 685361 685699
0 558136 563033
0 301212 301213
0 558484 558485
0 523812 523813
1 744960 744962
1 550629 551144
0 482684 484859
0 658939 658940
1 621546 621547
0 923401 926080
1 907951 907958
1 23984 24452
1 430697 430698
0 18957 19019
1 1007575 1008063
1 386895 391773
1 181060 181067
1 415634 415636
1 658472 658473
1 397892 398390
1 576988 577017
0 941699 947526
1 565949 566482
0 968907 968909
1 428149 428155
0 197067 197070
1 493013 493014
1 907323 919884
1 461989 462009
1 315367 315950
1 103377 103415
1 781847 781848
1 192248 192252
1 93885 99160
0 278554 278939
1 164521 164522
1 188170 188171
1 1049567 1049569
1 781946 782086
0 745627 745651
0 839438 839444
0 105901 105902
1 842702 842703
1 346715 346716
1 762835 762836
0 803236 803283
0 202446 202451
1 521341 521355
0 736245 736248
0 200505 200506
1 972748 972749
0 335140 335149
1 126867 126896
1 225030 226241
1 697878 697894
1 831359 831530
1 598790 598794
1 26735 26737
1 21910 21912
1 630353 630437
1 23123 23126
0 1088763 1088764
1 350346 350348
1 1024553 1024554
1 353436 354769
0 594507 594508
0 551523 551525
0 702491 702512
1 162696 168572
0 1024842 1024847
1 383839 383840
1 1077646 1077650
1 349176 349850
1 1005516 1005623
1 186953 186954
1 392469 392473
0 415232 415236
1 1015731 1015734
1 624620 627019
1 927748 927775
1 5238 5239
1 340342 340987
1 304492 304510
1 119883 120774
1 14598 14609
1 171208 171209
0 883573 883578
0 708716 709275
0 164931 164932
1 670410 670411
1 489955 489975
1 952447 952448
1 285484 285503
1 1009714 1009716
1 710568 710569
1 336623 336652
1 632409 632410
1 1078768 1078769
1 887743 887745
1 415250 415255
1 96705 96711
1 451101 451102
0 679018 679142
1 533735 535755
1 360581 365393
1 729953 731348
0 292377 292378
1 66383 66403
1 4498 4499
1 963975 963976
1 734057 734058
0 668155 668156
1 495901 495903
1 386857 395458
1 559438 559443
0 643828 643829
1 369767 369768
1 446865 456346
1 577314 577315
1 741811 741812
1 643133 652076
1 129947 129957
0 142759 142760
1 268338 269216
1 327778 327781
1 703919 704115
0 826409 826826
0 314965 315079
1 320799 320800
1 16685 36313
1 1008453 1009127
1 903267 903269
0 86801 91993
1 851365 851367
0 376249 376516
0 142426 142429
1 750352 750353
1 1065414 1065681
1 658294 659229
1 965979 967435
1 661039 661040
1 175198 175487
1 507989 508365
1 663200 678522
0 397760 413502
0 332404 332405
0 990295 990296
1 222742 223684
1 398090 398100
1 759829 759837
1 52809 54636
1 435524 435527
1 554866 554882
1 1010009 1010124
1 955062 957118
1 927037 927443
0 757029 757032
1 809240 809968
1 936251 936257
1 435261 435262
1 1078152 1078153
1 812641 812662
1 987974 988613
0 171208 171209
0 1009393 1009396
1 648453 648454
1 823359 823535
0 615105 615511
1 615646 615647
1 382129 382133
1 760973 777305
0 391139 392113
1 624562 624568
1 256290 256291
1 542461 542468
0 622635 622654
1 566156 566160
1 844670 844671
1 810823 810862
1 158095 158096
1 431421 431424
0 256611 256612
0 1064083 1064085
1 834872 847930
1 439989 440047
1 552602 552611
1 582541 582542
0 358538 358590
0 736065 749297
1 463760 463761
1 96212 616226
1 892472 892477
1 131503 131508
1 665771 667444
0 860588 860589
1 333571 338336
1 740192 741417
0 684812 696135
0 1012034 1012050
1 246664 246665
0 439805 439806
1 247686 247687
1 885209 885211
1 772071 772186
0 833557 833558
1 579465 580125
1 63717 63742
1 13525 13528
1 42805 42809
0 275778 275796
1 240931 253954
1 166616 166887
1 959768 959769
0 636068 636099
0 23105 23109
1 508455 508456
1 930719 933490
1 1086996 1086999
0 250425 250469
1 160266 160269
0 54672 54674
1 183570 184777
1 857644 857684
1 386944 386945
1 204677 204678
1 313731 314531
1 901055 901057
0 276426 283539
0 1000235 1000236
1 260851 260939
0 914176 914636
1 180033 180082
0 348824 348825
1 908836 908844
0 105016 105019
1 594108 594109
1 912831 912834
0 50342 50350
1 435736 435837
1 745870 745871
1 892955 892977
1 258721 258885
1 744172 744178
0 104953 104965
0 428655 428658
1 58229 63367
1 430528 430539
0 729953 731348
0 887179 887203
1 521001 522379
1 263669 263675
1 1030727 1030738
1 638449 638480
1 489484 490894
1 62171 62224
0 141408 141416
0 680268 680352
1 1032760 1032770
1 863979 863986
0 375207 375209
1 974557 974564
0 682956 683042
0 385385 385433
1 924460 924464
1 866347 866348
0 263548 263549
1 711020 711059
1 50906 51732
1 768448 768450
1 628169 628170
1 226058 235297
1 418695 419223
1 1039951 1039952
1 347423 353940
0 739387 739388
1 348380 348520
1 893233 893280
1 266070 266071
1 371411 371413
0 287638 287639
0 542857 543071
0 189653 213580
0 649831 649833
1 869161 869162
1 548636 548640
1 203898 210876
1 52525 52526
1 602031 602033
0 1000898 1000904
0 628955 628975
1 554506 554511
1 46081 46082
1 520568 520608
0 236898 236902
1 97731 109689
1 769712 769714
0 551434 553909
1 135970 135983
0 1078483 1078509
1 142427 142434
1 182537 182635
1 431472 431474
1 376006 382105
1 196293 196387
0 37266 37285
0 315206 315212
1 51842 51846
1 725992 725993
1 1068557 1069296
1 171514 171515
1 1047516 1047522
1 160241 160249
1 267974 268560
0 615646 615647
1 488940 488945
0 180751 181183
1 288369 310293
1 381142 381178
0 902267 902278
1 752552 752557
1 375286 375574
1 1045965 1045966
1 625376 625377
0 867857 867859
1 1029470 1029474
1 530623 532437
1 855356 866884
1 300592 300593
0 1022253 1022255
0 199611 199613
1 1075317 1075319
1 432317 432320
0 425905 425906
1 1067344 1067345
1 454466 454472
1 373064 381652
1 248792 248794
1 329164 329432
1 820049 820050
0 339918 339919
1 557750 557916
0 342583 342885
1 505865 507850
1 547941 547942
0 1009278 1011450
1 243634 243635
1 33933 33935
1 515406 515408
1 624873 624921
1 51102 51103
0 851387 851390
1 362684 362686
1 524321 524322
1 288985 288988
1 589776 589777
1 294799 294801
0 666746 666747
1 681574 681688
1 69535 69544
1 983840 983932
0 740799 742504
1 725822 725823
1 782777 783078
0 441548 441579
0 1003993 1003994
1 350646 350703
1 52928 1035801
1 917910 917916
1 699189 699692
0 740450 740451
0 560142 560158
0 511944 511947
1 297180 297183
1 560981 563006
0 782658 782662
1 985163 986748
1 930356 930782
0 357085 357086
1 513785 513786
1 520635 520636
0 574793 575380
0 1065828 1066826
1 277285 277306
1 271692 282545
1 840616 841193
1 382637 382638
1 268874 268875
1 459128 459130
0 893514 893787
0 744686 744911
0 673588 673589
1 597258 597259
1 454441 454442
1 516290 516738
1 713848 713851
1 480902 480903
1 534720 534728
1 176907 177605
1 676316 676329
0 388032 388034
1 32927 32936
0 470587 470591
1 754338 754339
0 504300 504302
1 375008 375950
1 873512 873513
1 756238 756301
1 318570 318571
1 210096 210153
0 68769 68770
1 531301 538627
1 65324 65978
1 170740 170741
1 317422 321498
1 859012 866550
1 375900 380305
0 1030307 1032517
0 1002023 1002170
0 148629 148630
0 1035369 1042449
0 83230 85369
1 593972 593973
1 968847 968848
1 203768 203771
0 1075262 1075288
1 756882 756938
1 327653 328238
1 1060704 1061977
1 512153 512569
0 791120 791121
0 881850 881854
1 189097 210378
1 443747 443755
0 134727 154977
1 840193 840195
1 358744 358746
1 186907 186908
1 1079146 1079147
1 195183 195187
1 125899 139484
1 493493 493511
1 598832 598837
0 117972 117973
1 469891 908274
1 1080533 1080573
1 740527 740529
1 596125 596126
1 584470 603699
1 95575 95576
1 659847 659852
1 28356 28358
1 305302 305303
1 288684 288685
0 839188 839194
0 422225 422259
1 979362 983443
0 130572 130663
1 859138 859354
1 31802 31892
0 197421 197422
1 909238 910453
0 75452 75454
1 280597 280598
1 881925 881926
0 523478 523542
1 28850 28851
0 913470 913532
1 955070 955079
0 864746 864749
0 514504 514505
1 588765 588767
1 922249 922344
1 706864 706874
1 24650 24651
0 621524 621762
0 301226 301229
0 249231 249235
0 819538 819539
1 732166 732184
1 958226 958227
1 363657 363658
1 896123 897205
1 754743 754746
1 596816 596819
1 340241 340260
1 916456 916457
0 458531 465007
1 8382 8619
1 817963 817964
1 475724 475726
0 706491 706492
0 614019 614020
1 952078 952351
1 919886 920350
1 1043781 1043782
1 143260 143262
1 90957 90961
1 458911 458938
0 301891 301904
1 61041 61042
0 469316 469845
1 772050 772082
1 691192 691198
0 462667 478717
0 496720 496861
1 49397 49400
1 506780 511508
0 30033 30034
0 669274 669302
1 760106 760107
0 1016374 1016375
0 906168 906173
0 326582 326583
0 974664 974667
1 181705 181706
1 154226 154228
1 1038716 1038775
1 741146 741169
1 425823 433693
1 89377 89379
1 475203 475207
0 105610 105611
1 1042936 1042938
0 122678 122684
1 810368 810369
1 307319 307326
1 623455 626271
1 712855 712972
1 838710 838712
1 355775 356474
0 120400 120408
1 514929 521902
0 360492 360498
1 358142 365381
1 367160 381674
1 161478 161485
1 519385 519386
1 439480 439481
1 604306 604307
0 869121 869122
1 128025 128027
0 1046498 1046547
1 504641 504642
1 394054 394055
1 1034648 1034649
1 912250 912251
0 252746 253003
1 877548 877579
1 1046312 1046313
0 137561 138481
1 833192 842527
0 229727 230745
0 325530 325997
0 165767 165769
0 589776 589777
0 440476 440530
1 1082105 1082111
1 42052 44272
0 500110 500111
1 844596 847054
0 628126 628127
1 235981 236391
0 368841 368843
1 424849 424850
1 889540 889869
1 622008 622009
1 140823 140824
1 719185 719202
1 604568 604569
0 697934 697948
1 714229 714295
0 906205 906213
0 378007 382442
1 54943 54945
1 317668 322147
1 253270 253787
1 422625 422633
1 75863 75865
1 459831 459834
0 799850 799852
1 556218 556220
1 119509 120648
1 609000 609002
1 871422 871567
1 959937 960011
1 93147 95013
0 291790 294437
0 387298 387299
1 396876 396897
1 723442 723489
1 432311 433008
1 776161 776163
1 690708 690709
0 63606 63621
1 954522 954524
1 665097 677049
1 211308 211311
0 751994 752130
1 537723 537756
0 293703 293708
1 113365 113366
0 547514 547518
1 891962 891965
1 496293 496316
1 683068 683071
0 182771 182860
1 719678 719681
0 865359 865684
0 468696 469006
1 1007936 1008283
1 899727 899840
1 518805 518806
0 119946 119976
0 796880 796881
1 220631 223697
1 523601 523602
1 50867 50870
1 902495 902496
1 247462 247888
0 538792 538793
1 982235 982236
1 775148 775149
1 1015629 1015630
1 724224 724225
0 619129 619145
1 580762 580787
1 581752 582214
1 231910 231930
1 925160 925162
1 648256 648265
1 487929 488109
0 538508 538510
0 174001 174264
0 550598 556845
1 516194 516195
1 238635 238668
1 521508 521509
1 925185 925186
1 255370 255475
0 534038 534054
1 1071610 1071626
0 650458 651592
1 893692 893694
1 403887 403888
1 848402 848403
1 497716 497718
1 870792 870915
0 710145 710148
1 371022 371273
0 1078982 1079224
1 1071663 1088598
1 714437 714635
1 78563 78842
1 446347 446348
1 243748 243750
1 391399 391401
1 1033104 1033105
0 707287 707288
0 801265 801266
1 728731 728734
1 326546 326548
1 287682 287693
1 1020282 1020283
1 272506 272828
1 672782 672784
1 1024688 1024689
1 759575 759595
1 613159 613168
1 841014 841032
1 979312 979313
1 941091 941317
1 664869 664933
1 366594 366601
0 858002 858003
1 646875 646876
1 699131 699132
1 832146 832154
0 17036 17037
1 624773 627112
1 1030116 1030117
1 985433 986127
1 566942 570288
1 944285 944411
0 602448 605118
1 212486 212490
1 642532 642578
0 302201 302203
1 958174 958175
0 112809 113409
1 6594 6619
1 717563 717906
1 810958 812214
1 597272 597273
1 647316 647570
1 623962 623963
0 45613 45617
1 417419 417420
1 662692 662694
1 640931 645892
0 242707 242726
1 998691 998700
1 935070 935073
1 231933 232118
1 20637 21107
0 142772 155342
0 46081 46093
0 852638 852696
0 754689 754755
0 895773 895780
0 194221 194222
0 785612 785614
1 307287 307289
1 650650 650651
1 284329 284423
1 791710 803010
1 326176 326178
1 206029 206043
1 661603 661692
1 449269 449270
0 700601 700909
1 159987 159990
1 594733 594750
0 566442 579275
1 801025 801026
0 24178 24272
0 664132 664139
0 741242 748766
0 778133 779341
1 994741 994745
0 324432 324585
1 461709 461710
1 818930 818935
1 266215 266216
1 789647 789649
0 406054 406063
1 87969 87983
0 6833 6839
0 631675 631809
0 611846 611847
1 762088 762095
0 70055 70056
0 21189 21190
1 593451 593452
1 492040 492052
1 501442 501571
0 730861 730863
1 304431 758719
1 297407 297612
0 273826 273906
1 552307 552362
1 532062 532242
0 428149 428155
0 149231 149247
1 260076 260109
1 947553 947563
1 150332 150333
0 885101 885102
1 125564 155984
0 406356 406360
1 1044090 1044091
0 240875 240895
1 930669 930671
1 572035 572054
1 1031668 1046033
1 573706 573707
0 1009438 1009441
0 705401 705403
1 966589 966835
0 42823 56342
0 722335 722337
0 766224 766225
1 260008 260013
1 22029 22030
1 719665 720388
1 625013 625015
0 521510 521512
1 256286 256290
1 862347 862351
1 570398 570400
0 361467 361469
1 355598 355600
1 255864 255867
1 850860 851328
1 1049081 1049082
1 514065 514069
0 713411 713551
0 1050447 1050448
1 647097 647099
0 895725 895729
1 995933 995934
1 127765 127767
1 778587 778686
1 185536 185537
0 400577 400857
0 903753 903915
1 44217 44226
1 846377 846378
1 360930 360932
1 112368 112512
1 881890 881891
1 608085 608086
0 506780 511508
1 126768 153767
1 619626 619674
1 371111 371321
0 268262 268287
1 412508 412510
1 835316 835321
1 663907 677616
1 646272 646308
1 58990 59016
0 831320 831321
1 559293 559303
0 140969 141031
0 658102 658646
1 973216 973217
1 910891 910956
1 1020894 1020896
1 808451 808658
1 1029394 1029417
1 115378 115379
1 782844 782848
0 627734 627735
1 863029 863783
0 319963 319964
1 439386 439387
0 296349 296357
1 767097 767099
1 304824 304827
1 784908 784909
1 947290 947400
1 430434 430435
0 763718 763720
0 183623 183629
1 528356 528357
1 432254 432255
1 14970 34996
1 297127 310843
0 28368 28369
1 941808 941810
1 810512 812392
1 311946 316484
1 948401 948402
1 1023447 1023449
1 797745 797953
1 595733 595738
1 143859 151155
0 808113 815943
0 827635 827636
1 884607 884609
1 728422 728923
0 812470 812471
0 366869 367249
1 197686 197820
1 385444 385475
1 59518 61585
1 740968 749356
1 1046021 1046022
0 399277 413894
0 507505 507506
1 1002816 1011552
1 658764 658770
1 111145 111146
1 409700 409716
0 677859 677860
1 358599 359089
1 1037230 1037234
1 585733 585777
1 107879 108016
1 386989 394518
0 928240 928408
1 128065 128623
1 115793 115794
1 945663 945673
1 32276 32354
0 262391 263135
1 991459 996793
0 863104 863620
1 164929 165106
0 81846 81856
1 92099 92100
1 616384 616927
1 312551 312553
0 305386 305387
1 496289 496295
1 618501 618502
1 423836 423837
0 1073122 1073639
1 772449 772450
0 580350 580352
1 165968 166078
1 1077005 1077006
0 93967 93968
0 543771 543774
1 201724 201726
0 1034156 1034157
1 96663 616464
1 923698 923804
1 753687 765416
1 907862 907997
1 798089 798105
0 491694 491695
0 211498 211500
0 1007086 1007087
1 565598 565600
1 471621 471624
1 917342 917343
1 641335 641336
1 726413 726414
0 910927 910974
1 400517 400518
1 994246 994248
1 741747 742199
1 621927 621942
1 66324 66325
0 228122 234083
1 523816 524063
1 958025 958102
1 818518 818677
1 297168 297178
1 58955 77106
1 890179 890180
0 166432 166953
0 301695 301705
1 1067146 1067155
1 280373 280717
1 49148 49192
1 144910 144912
1 888700 888701
1 1090565 1090566
1 94123 109280
0 640243 640244
1 131548 131551
0 808193 808203
1 835258 835269
0 647664 647666
1 936298 936299
1 142945 142948
0 754688 754690
0 1014990 1018098
0 1039299 1039300
0 609839 615183
1 661729 661731
1 992243 992245
0 229018 229312
1 1041694 1041698
1 568364 568365
0 654242 654272
1 766198 766201
1 815125 815126
0 46716 46724
1 907430 907764
1 907181 907661
0 318225 318233
0 627562 627563
1 304422 759293
1 233820 233822
1 376619 376621
0 500363 500366
1 912456 912608
1 232903 232985
1 124698 124700
0 419425 419426
1 836323 845782
1 46477 46481
1 187690 187691
1 649686 649695
1 582361 582499
1 315864 315867
1 102976 102987
1 773539 773547
1 75160 75161
1 1083162 1083214
1 313047 313071
1 631083 646305
1 161981 161984
0 667837 667839
1 668511 668512
1 45317 45318
0 1002084 1003913
1 770548 770550
1 189728 189740
1 894288 894412
1 370934 370961
1 294116 311416
1 642162 651738
1 1060513 1085373
1 879410 881420
1 394566 394572
1 800237 800268
1 891678 891718
1 897589 897712
0 172291 172714
1 597082 597083
0 985286 985287
1 974581 974586
1 259577 259584
0 631083 646305
1 552795 553450
1 996324 996544
0 733373 733378
0 611892 611897
0 169618 169619
0 833715 833767
1 895032 895037
1 490517 491580
1 1019582 1019820
1 1088807 1088809
1 225154 225156
1 589696 589700
1 341209 341211
0 439469 439526
1 858535 858536
1 371362 371365
1 420838 420852
1 723902 726488
1 312715 312725
1 980506 980507
0 97972 108392
1 131435 152156
0 553176 553388
1 118701 123543
1 780739 780740
1 835320 835323
1 84472 85076
1 1049755 1049756
0 74309 76968
1 795616 795852
1 485642 486533
1 641270 641272
1 730495 730649
1 789315 789815
0 446560 446850
1 248275 248759
1 953345 953346
1 593124 593133
1 182980 182983
1 772299 772309
0 335745 335755
1 470340 470370
1 1003730 1014398
1 992519 992520
0 199667 199670
0 505362 505365
0 490790 491107
1 920473 920542
1 37922 42139
1 797162 797163
1 42177 42185
1 873583 873940
1 782181 783245
1 1049435 1049436
1 581118 581119
0 176397 176409
1 460497 460498
0 530433 530441
1 903425 903426
1 262952 262954
1 270715 270735
1 880747 880749
1 153182 153183
1 129144 129149
1 686624 696612
1 569789 569791
0 399351 401845
0 206648 206651
0 802884 802885
1 573127 573128
0 23773 23775
1 962907 963167
1 678514 678515
0 443333 443334
1 36825 52116
1 1006732 1006853
1 77568 77578
1 982538 987154
1 330368 330786
1 778075 778078
0 386672 392563
0 422380 422396
1 183679 183697
0 1048973 1048974
1 284945 308589
1 511678 511684
1 132929 132950
1 168653 168654
0 371799 371929
1 1080550 1080552
0 1073715 1073716
1 895977 895978
1 517028 517029
0 407108 407128
1 1029639 1029900
1 1047594 1047600
1 96600 108457
1 723451 723687
0 69554 69570
1 130555 634489
0 441176 441183
1 780920 780959
0 830507 830508
1 223569 223579
1 927234 927463
1 906295 921737
1 448256 448261
1 150053 150054
1 572549 572661
0 958645 959370
1 910712 910753
0 426556 426557
1 172728 172729
1 661785 661786
1 135642 135650
0 374405 374466
1 292558 292576
1 618815 618845
1 324020 324030
1 709467 709468
1 636839 636844
1 589703 589749
1 447028 447029
1 800598 800604
1 994208 994219
1 1066330 1066730
0 918041 918042
1 246782 246783
1 678423 678424
1 32777 33345
1 854465 854492
0 198482 198483
1 347169 347170
1 1016026 1016243
0 836578 836581
0 606963 606979
0 838710 838712
1 278185 278187
1 190883 193114
1 800808 800809
1 689890 689892
1 1071250 1071251
1 1083142 1083144
0 74653 74654
1 1036130 1036131
0 517451 517454
1 705090 705097
1 793911 793912
1 979310 979405
0 14730 14782
0 222481 222483
0 5308 6242
0 1031740 1031741
0 23568 23572
0 778048 778051
1 297461 297520
0 769868 770562
1 149095 156287
0 713056 713057
0 452780 452783
1 334687 335359
0 111150 111151
0 778487 778489
1 951458 951461
0 924266 924319
1 476886 477854
0 785609 785610
1 1003986 1003987
1 680434 680447
1 584732 605207
1 79131 79133
1 174230 174272
1 246916 247278
0 938770 938773
1 958280 959231
0 751887 751904
0 531725 532186
0 462760 462762
1 172490 172493
0 1080089 1080144
0 831359 831530
1 592429 592468
1 48727 48741
1 111683 111684
1 996873 996882
1 220688 220689
1 400358 401067
0 54551 54552
0 417291 417294
0 487236 487237
1 420081 420087
1 733376 733384
1 404588 404589
1 963913 963919
0 397791 397792
1 425576 425584
1 925373 925468
1 435199 435408
1 853297 853298
1 482750 482976
0 631701 631801
1 14431 14474
1 963806 963819
1 897501 897503
0 613710 613715
1 574315 574316
1 469976 469977
1 775418 775421
0 149646 149687
0 444431 455859
1 1040073 1040088
1 370095 370096
0 507427 509736
1 98672 98674
1 613079 613084
1 192770 192827
1 376629 376630
1 199278 199279
1 632795 633312
0 374887 374942
1 929828 929829
1 738579 739287
1 494711 494743
1 889335 889336
1 633069 633070
1 879707 879710
1 202568 202572
0 483400 483632
0 143260 143262
1 519880 519882
0 320769 320833
1 1062106 1062128
1 781979 781995
0 1040569 1040570
1 689132 689135
1 370595 370732
1 167280 167564
1 277959 277960
1 211728 211729
1 1085166 1085167
1 493139 493158
1 94467 94468
1 556310 556311
0 132996 133002
0 304539 304540
1 698267 698268
1 239293 254759
0 323437 323440
1 315828 315831
1 319431 319432
0 202641 202643
0 471162 471411
0 349512 354679
1 539208 539356
1 122378 123803
1 781294 781295
1 534339 534340
1 940094 940095
0 338837 338839
1 832176 832178
0 28676 29626
1 288203 288204
0 432394 432453
1 964999 965135
1 580860 581315
0 762835 762836
1 386786 386787
1 979645 979646
0 908241 908252
0 177262 177264
1 223977 223978
0 152269 152270
1 282310 282312
1 301376 301386
1 1056067 1056068
1 932962 932964
1 585993 586008
1 796270 796277
1 764319 778195
1 423999 424001
1 1060541 1061912
1 767153 767154
0 41149 41150
1 774086 774198
1 391010 391011
1 560051 560258
1 287238 602992
1 476905 476907
1 210286 210305
1 629996 629997
1 959078 959081
1 727052 727054
1 13698 16022
1 1022200 1025757
1 878851 892678
1 626534 626535
1 715428 715556
1 622189 623280
1 998331 998333
1 812921 813344
1 613538 614465
1 939452 949137
1 497741 497784
0 842292 842342
0 634585 635133
1 265104 265105
1 753691 759326
0 1067552 1067558
1 840713 840718
1 401818 401821
1 927342 930240
1 680555 680585
1 881168 881173
1 294456 294469
1 502186 502190
1 1059429 1059430
1 690696 690704
1 349657 352172
1 789979 790013
1 756080 756748
1 345401 345402
1 898094 898095
1 434231 434233
0 777604 777605
1 685600 685627
0 827432 838862
1 796057 796059
1 529085 529105
1 796947 796948
1 440409 440487
0 820511 820512
1 221546 223294
1 160780 160782
1 332310 333100
0 660446 660447
1 885278 885281
0 665502 665503
1 719433 720162
0 247462 247888
1 233451 233453
1 62918 63045
1 114773 114989
0 1049570 1049608
1 529004 529348
1 442512 457961
1 1028391 1028392
0 285487 285488
1 336893 336952
1 813404 813407
1 995280 995307
1 717698 718069
0 894183 894377
0 713074 713092
1 597046 597071
1 545912 545913
1 71180 71182
1 787046 787064
1 821843 821848
0 84700 84963
0 183190 183192
1 393309 393337
1 190217 190220
1 927904 929917
1 1001288 1001293
0 759707 759717
1 473453 479106
0 726120 726202
1 144739 155461
0 656104 656320
1 500599 500612
1 159003 159007
1 831254 831256
1 1069482 1069483
1 906430 906451
1 961068 961084
0 935511 935512
0 909238 910453
1 864384 864392
1 46724 46730
1 565291 565312
0 821119 821631
0 555031 555234
1 1070171 1070172
1 809754 809816
1 401588 402815
1 198589 198590
1 988134 988135
1 882517 896951
0 880895 880898
1 172265 172504
1 411107 411108
1 817610 817765
1 22445 22450
1 852762 852765
0 1060664 1060678
0 402125 408156
1 928199 928642
1 738510 738511
0 423212 427374
1 664860 664903
1 225240 225514
1 803219 803220
1 919326 919338
1 30951 30979
0 243673 243676
1 838878 838889
0 830140 830142
1 856971 856972
1 1066718 1066836
1 974167 974452
1 30977 30979
1 995123 995914
1 548789 548942
1 903300 903589
1 138554 138555
1 975455 975477
1 842595 842600
1 604711 604713
0 201241 201245
0 466369 466397
1 315331 315332
0 443227 443352
1 830158 830208
1 738708 738709
1 999053 999055
0 189283 189471
0 42433 42434
1 312487 312488
1 85569 85844
1 300769 300770
0 841413 841417
1 174683 174687
0 447139 447140
1 440758 441139
0 820693 820694
0 488929 488933
1 460090 460091
1 630023 630634
0 939236 939438
1 596954 596955
0 760724 760725
1 878028 891276
0 648347 648348
0 581992 581994
1 580875 580876
0 195154 195158
1 916235 916242
1 576996 576997
0 940684 941147
0 219103 219651
0 757165 759081
1 386966 389636
0 419212 419215
1 160273 161131
1 739557 749100
1 211548 211549
1 983157 983163
1 534990 534991
0 903259 903567
0 399428 399444
1 463057 477704
1 664589 664597
1 125468 125469
0 427721 427743
1 398782 398784
1 391579 392202
0 161981 161984
1 38611 38642
1 271872 271873
0 952650 953229
1 956035 956046
1 691611 691616
1 954921 955016
1 354205 354983
0 945283 945454
1 178694 178839
1 613631 613632
1 479968 479969
1 350187 350188
0 602925 602928
1 931473 931679
0 641901 641902
0 103798 103802
1 903881 903882
1 782910 782912
1 1074786 1074787
0 1065813 1065814
1 919701 919933
0 42433 42435
1 958498 958507
1 693885 693887
1 874485 874487
1 431555 431557
0 669320 669324
0 769204 769206
0 252364 252373
1 941777 941779
1 203898 210817
0 739311 739751
0 638012 651533
1 239742 254779
1 833005 833007
0 496081 496087
1 370437 966908
1 12102 12110
1 259217 259365
0 400582 401120
1 89388 89396
1 1074033 1074035
1 747900 749932
1 656881 658436
0 463081 985096
0 1044679 1052172
1 927371 927372
1 144579 144588
1 165039 165040
0 933747 933749
1 553275 553470
0 883258 883309
1 934076 934077
0 1050865 1050866
1 626080 626086
1 581362 581589
1 668964 668965
0 560862 561278
0 856971 856972
1 237945 238069
1 26333 26367
0 359304 359306
1 1046296 1046297
1 697349 697455
1 471863 471864
0 512701 513046
1 280768 280771
1 67113 74852
1 650962 651782
1 68144 68145
0 43591 43592
1 729846 749998
1 664329 664330
0 172193 172195
0 523326 523327
1 190513 211795
1 891395 891396
1 879643 879647
1 998333 998335
1 1016999 1017002
0 445635 445651
1 322570 322571
0 167555 167695
0 862058 867203
0 515697 515749
1 738774 738775
1 999097 999136
0 588987 589015
1 61472 76132
1 1083596 1083598
1 494970 495593
0 598979 599051
1 935726 935727
0 310293 310294
1 121860 121861
0 844377 844380
0 870914 870918
1 538220 538581
0 480954 480956
1 597235 597252
1 390948 390949
0 734574 735310
1 405948 405949
1 1059022 1059023
1 650943 650945
1 95402 95672
0 435160 440088
0 552299 552307
1 627163 627165
0 16217 16218
1 403931 403932
1 202950 202951
0 857903 866943
1 356352 362460
1 398067 398916
0 929525 929529
1 1015622 1016018
1 258558 258559
0 334342 334448
1 922632 922634
1 173950 173951
1 2174 2176
0 67845 67847
1 378751 378756
1 225898 225908
1 345613 345616
1 339874 339875
0 302757 303019
1 581026 581331
0 634269 634488
1 812993 813276
1 898972 899533
1 81741 83535
0 325363 325365
1 401893 402161
0 428248 428262
1 291848 291850
1 837689 837930
1 332781 332807
0 167445 167450
0 620835 620837
0 448652 449135
0 951206 951570
1 376431 376435
1 675637 675638
0 8453 8467
0 909727 909728
0 936118 936122
0 937811 937813
1 675564 675565
1 294289 294988
1 471698 471700
1 132675 132700
1 383065 392731
1 700465 700466
0 546781 547006
1 632651 632661
1 330831 330834
0 734379 734392
1 199059 199083
0 147309 147311
1 764954 764956
0 119509 120648
1 927279 927282
1 686648 686649
1 734962 735635
0 203214 203231
1 127608 128451
0 298006 298020
0 271872 271873
1 562571 562586
1 611551 612777
1 623650 623654
0 584596 585481
1 455688 455691
0 566347 567175
1 256137 256138
1 428144 428222
0 965729 965730
1 521541 521542
0 606360 607022
0 1074357 1074362
0 964671 964676
1 394301 394306
0 296296 296297
1 336870 336871
0 355702 355703
1 540533 541421
1 803683 803684
1 269801 269802
1 31212 31227
0 96517 110083
1 112023 123439
1 432107 433006
0 343529 343531
0 684615 684616
0 820049 820050
0 462547 462550
1 278343 278364
0 618063 618065
1 301905 301926
1 1081872 1088537
1 1026070 1026275
0 352685 352687
1 1071384 1071386
1 853491 854129
1 843633 852734
1 636223 636270
1 922731 922741
1 419012 424509
0 829370 829418
1 490026 490036
1 573697 573821
0 94123 109280
1 273595 273623
1 137611 137612
1 295519 295520
1 74618 74619
1 1075854 1075856
1 591998 600922
1 618678 618679
1 115425 115428
0 63588 63612
1 360136 364677
0 58325 76997
0 694966 694968
1 206635 206706
1 567470 567474
0 167578 167579
1 687363 687364
1 769909 769910
1 94366 94956
0 567967 567975
1 1074444 1074445
1 171107 171127
0 1039356 1039357
0 1065205 1065567
1 670894 670897
1 361877 361878
0 846397 846400
1 394647 394648
1 982431 982469
0 304929 304930
1 422631 422633
1 76905 76907
1 32702 32703
1 488519 488657
0 761735 761740
0 802166 802487
0 335252 335253
1 548799 548806
1 405340 405711
0 23896 24099
1 524152 524155
1 57586 57591
1 814706 814831
0 980122 980273
0 703115 708197
1 791770 791800
1 215130 215131
0 716549 716675
0 417787 433703
0 370614 370615
1 490286 490315
1 70111 70124
1 982784 983141
1 390316 390317
1 100793 100799
0 772720 772731
1 915187 915188
1 140527 140566
1 691686 691736
1 1070595 1070598
1 113125 113127
0 10345 10573
1 234576 234658
0 230144 230282
1 701774 701775
1 372518 372519
1 885769 887373
1 960052 960053
1 269428 269429
0 840513 840514
1 268471 282771
1 672522 672529
1 463664 463687
1 810331 810353
1 478277 478278
1 132113 152968
0 325360 334272
0 21251 21252
0 965912 965913
1 1038309 1038312
0 282285 282349
1 425762 425802
1 1019442 1053102
0 291123 291936
1 862936 863810
1 547857 547890
1 780819 780821
1 189641 189645
0 537987 538315
1 539787 543844
1 313902 313904
1 1006528 1006529
1 212239 213304
1 562163 562164
1 957882 957888
0 355773 355774
0 625295 625341
1 52170 52171
1 649451 649452
1 243984 243986
1 963145 963146
1 1077064 1077078
0 726004 726302
1 461434 461435
0 24650 24651
1 38094 38098
1 743639 743641
1 134306 150775
1 186725 186727
0 74260 74409
0 1047904 1047916
1 449928 449929
1 313070 313273
0 292969 300039
0 202002 202004
1 170252 170253
0 339912 339913
1 66005 66006
1 297036 297037
1 840701 840703
1 649029 649030
1 992295 992307
1 201826 201828
1 1037704 1037705
1 142891 142908
1 466807 467354
1 923890 923891
1 843125 843127
1 610528 617282
1 687990 687997
0 778485 778487
0 11048 11099
1 14684 14690
1 251334 251335
0 738395 738396
0 29028 29029
1 370252 370265
0 208582 208585
1 1020739 1020863
0 662785 662793
0 951540 951708
1 758653 758654
1 384092 384093
0 939387 939392
1 954013 956319
1 1030366 1030367
1 974118 974119
1 815299 815305
0 964593 964594
1 1005158 1005159
1 96294 96305
1 997406 997817
1 566518 566519
1 1022466 1022467
1 790810 790839
0 528356 528357
1 710558 710559
1 471469 471689
1 870751 873785
1 714038 714131
1 329733 329735
1 622481 623141
0 964208 964210
0 347123 347132
0 755301 779798
0 165337 165913
1 497282 497487
1 653435 653436
0 290065 290067
1 148636 148638
1 96830 96843
0 139203 139223
0 466791 467651
0 387815 387835
1 742065 742067
0 558069 558071
0 95200 95201
0 59640 59796
1 983786 983787
1 851183 851192
1 1073121 1073122
1 700720 700931
1 1007636 1008103
1 903409 903425
1 828629 828630
0 591998 600922
1 1034318 1035904
1 419713 419714
1 451725 451727
1 986020 986036
0 1053727 1053781
0 142312 142316
1 131912 131922
1 792858 792859
1 814708 814823
1 287990 288000
1 186615 186630
1 710240 710432
1 1050123 1050135
1 705297 705807
1 979512 982845
1 551215 551446
1 769431 769432
0 313339 313589
1 1033381 1033382
0 671954 671957
1 33614 33669
1 247729 247742
1 441428 441430
0 261018 894227
1 702818 702839
1 83809 83810
1 1065539 1065540
0 276525 281563
0 498140 498166
1 669275 669276
1 126313 153919
1 127412 127652
0 672522 672529
0 1043104 1043106
0 471863 471864
1 860017 860149
1 1084470 1084517
1 786841 788308
1 587541 587547
1 316267 316276
1 1066996 1067416
0 268962 268973
0 31492 31540
1 564873 564875
1 86613 87259
1 269629 269630
1 791205 791215
1 378670 378674
1 546405 546407
0 424752 424764
1 1046419 1046439
1 1036590 1036591
1 531817 532199
0 180579 180748
1 532336 543842
1 401718 403029
1 970638 970639
1 525490 525500
0 926245 926250
1 737712 737713
0 131323 131345
1 672809 673293
0 606159 607237
0 1044624 1044779
0 661648 661658
1 423189 423196
1 645208 645218
1 477158 477314
1 1020611 1021846
0 886524 888382
1 884930 884932
0 517709 527413
0 239272 239338
0 514615 525835
1 345032 351433
1 437662 437689
1 350166 354668
1 677134 677136
1 166709 166712
1 742614 742615
0 3476 3477
1 819990 820000
1 917414 917773
1 189076 189081
0 392595 392631
0 768987 768989
0 323312 323315
1 313031 313255
0 318884 318885
1 234128 234133
1 566610 566619
0 248469 248470
1 672327 672494
1 590135 590477
0 368907 369407
1 453468 453473
1 95346 95347
0 768469 768537
0 966217 966218
0 25115 25120
0 927577 927579
1 195895 195896
1 357904 361200
0 964999 965135
1 255077 255159
1 668601 668638
1 833138 833154
1 998487 998488
1 223013 235226
1 178854 178857
1 131503 131509
1 341602 341603
1 629275 630775
0 1019555 1019556
1 1031249 1031250
1 246331 248804
1 558786 559032
1 321235 321238
1 753701 753702
1 484811 484813
1 802009 802010
1 1070510 1070524
1 173693 173696
1 810521 810527
1 88207 88307
0 910750 910785
0 258357 266711
0 641423 641424
1 862536 862538
0 316609 316610
1 1056076 1056077
1 232017 232061
1 729267 729268
0 984160 984197
1 126679 126689
0 344046 344848
1 909218 909689
1 636599 636600
0 971590 971597
0 330339 330342
0 121545 123012
1 960614 960910
1 1089505 1089506
1 1025664 1025665
1 354662 354663
1 809989 809990
1 1047039 1047053
1 709262 709957
0 742669 742671
1 424825 424888
1 355789 355790
1 632715 632717
1 534320 535602
1 919446 919450
0 312291 321637
1 1016556 1016919
1 160011 160024
1 807423 807426
1 772531 772532
1 1028796 1031540
1 278842 278846
1 814354 816556
1 625270 625709
0 1022940 1022941
1 941070 941071
0 879417 879428
1 516726 526713
1 866291 866292
0 132613 132615
0 73182 73955
0 598386 605083
1 450052 450053
1 377557 377563
0 1024052 1024053
1 538986 539646
1 396150 396151
1 865002 866321
1 965297 965298
1 360850 360889
0 239445 239520
1 207109 212976
0 112017 112024
1 391597 391608
1 257913 257916
1 160983 171788
1 1009531 1009532
1 440018 440019
1 379477 379478
1 64313 64393
0 406444 406485
1 95980 95983
1 476087 476090
1 980581 980582
1 259350 259356
1 130356 130392
0 732992 732995
1 206990 206991
1 577962 578222
1 871364 871365
0 473506 473764
0 523929 523933
0 348431 348432
1 754907 754911
0 126094 130229
1 229249 229250
1 245143 245152
1 443656 443657
1 593540 593581
1 856867 856889
0 267387 267390
0 571658 571674
0 981426 981427
1 702047 702048
1 26990 27232
0 671895 671898
0 1054235 1054236
1 842415 842627
1 716127 716129
1 882733 882734
1 472543 472783
1 345505 345752
1 260412 260416
0 853698 854519
1 717110 718298
1 61079 61082
1 785454 785591
1 990664 990971
0 287881 287882
0 428454 429441
1 303771 304002
1 576662 576663
0 835649 835656
0 52331 52332
1 1072935 1072936
1 719955 719957
1 604499 605512
0 382624 382627
1 877570 877825
1 20083 20084
1 1069616 1069618
1 265711 265713
1 28105 28106
0 358599 359089
0 1040216 1040217
0 106287 106288
1 1048860 1048861
1 821781 825265
1 464651 464653
0 610685 611143
0 222752 223694
1 190769 191005
1 634825 634857
1 174035 174187
1 832798 832799
1 142885 142910
1 1015819 1015822
1 933271 937984
1 806849 807140
1 360667 360870
1 970258 970260
0 258374 266747
0 1007409 1007466
1 1039636 1039637
1 638784 638786
1 53086 53087
1 352429 352575
1 318836 318837
1 609051 609053
1 502849 502950
1 824284 824285
1 92661 92662
0 477900 477904
1 809519 809522
1 1071063 1071080
0 738548 738552
1 194559 216216
0 409700 409716
1 728834 728835
1 334353 343237
1 908917 909099
1 492219 492220
1 408128 408131
0 273263 273530
0 591584 591589
0 601508 601523
1 1045934 1045939
1 131394 131407
0 974963 974972
1 187012 187013
1 163566 163633
1 1055350 1055395
1 426668 426676
1 577636 577638
1 943195 943298
1 571080 571081
0 897501 897503
0 666875 666876
0 375583 376185
0 863413 863749
1 1008089 1008155
0 647302 647303
1 388902 388903
1 838983 838989
1 30459 30461
1 911351 911368
1 268546 283103
1 293741 306381
1 810408 810426
1 77615 77620
1 90340 90357
1 985605 985643
0 732381 732387
1 367785 367787
1 344764 344765
1 302884 302901
0 1075205 1075217
1 453751 453752
1 490791 491107
1 349170 350493
1 511131 511157
1 1035096 1035102
0 559438 559443
1 91370 91375
1 120434 120437
1 115803 115804
1 1064967 1065082
1 958467 959205
1 578685 579343
1 1016485 1016487
0 48727 48741
1 425492 425494
0 971890 971910
1 540238 540244
1 454240 454243
1 1050593 1050594
1 288452 288454
1 886967 886968
0 321235 321238
0 645481 645497
1 758279 758282
1 829279 829333
1 1002094 1002095
0 210096 210153
1 797301 797303
1 151881 151884
1 251180 251182
1 285541 310680
1 206289 206309
1 269133 271988
1 748303 748309
0 601189 601208
0 904120 904615
0 939397 939399
1 1047215 1047216
0 1037629 1037630
1 637261 637262
0 913436 913440
0 947044 947160
1 259181 259183
1 1023266 1023666
1 423173 423190
0 0 6353
1 103221 103227
1 241944 254303
1 608793 608797
1 28946 34148
1 537990 537991
1 317407 317929
1 884632 884636
1 217172 217173
0 42498 55462
0 565282 565283
1 997105 997107
1 216731 216764
1 679680 679682
1 487918 487923
1 363353 363660
1 453185 453191
0 678062 678064
0 982176 982725
1 78650 78651
1 566527 566541
1 176250 176254
1 54582 54583
1 631636 631638
1 1074574 1074575
0 666333 666334
1 786679 787415
1 771180 771187
1 521515 521529
0 461951 461955
1 770766 770770
1 103244 103397
0 622232 623332
1 586422 586470
0 284738 286465
0 396933 396941
1 720893 720894
0 518843 518844
1 615150 615332
0 767007 767023
1 239468 239469
1 304851 304854
0 209806 209807
1 240910 240913
0 191835 191837
0 885924 885927
1 620473 620503
1 720030 720032
1 345583 345584
1 645318 645320
1 886155 886181
1 1073209 1088797
0 37031 37517
1 633981 634425
0 96309 96310
1 455969 455970
1 899678 899877
1 491956 491957
1 110708 119102
1 686575 686576
1 513 10843
1 352942 352950
1 302028 303782
1 42181 42184
1 396679 396688
1 180603 180605
1 126566 127051
1 597071 597091
1 110983 124868
1 579526 579527
1 753776 779531
0 57259 57261
1 988723 989905
1 85083 85084
0 428822 428829
1 933845 933915
1 1031680 1031681
1 251174 251449
1 360764 360765
1 203445 203452
1 32948 33244
1 188647 188668
1 755692 755700
0 531666 544553
1 145082 145110
0 717390 717391
1 318248 318352
1 89952 89953
1 1030007 1030660
0 968653 968714
0 1006272 1007950
0 1026186 1026190
1 1004562 1004563
1 284999 285001
1 799226 799228
1 907006 913180
0 789521 789524
1 606303 606874
1 465042 465043
1 1003282 1010729
1 638607 638608
1 738786 738910
1 953092 957085
1 361337 361352
1 349153 354029
1 922399 922401
1 140519 140520
1 169742 169751
1 84368 91292
1 702191 705301
1 370136 370138
1 125330 156582
1 126285 153929
1 818140 818143
0 874784 876378
1 890837 890838
1 236239 237835
1 208567 208572
1 160934 160975
1 984894 984896
0 635382 645625
1 219485 219511
1 582537 582600
0 409246 409261
1 581640 595410
1 1014728 1014799
1 261462 261467
1 430742 431023
1 554818 555159
1 506394 506682
0 649963 649977
1 849009 849012
1 248419 248427
1 112237 112257
0 628270 628278
0 360028 360030
1 732842 733635
1 335523 335818
1 418717 418718
1 987562 987563
0 643133 652076
1 338058 338668
1 251201 543388
1 823130 825695
0 623962 623963
1 509719 509724
0 448472 448961
1 710776 720121
1 571835 571836
1 1079969 1080036
1 159766 159767
1 97165 97520
1 52497 52498
1 31189 31190
1 332748 333434
0 504572 504600
1 137302 137492
1 1016390 1016424
1 311219 311221
1 933702 933720
1 1035842 1051678
1 68256 68273
1 159117 162039
0 955266 955499
1 719812 719814
1 853849 853856
1 945573 945574
0 78650 78651
1 241972 241973
0 15369 15370
1 545835 545838
0 771555 771570
1 973217 974349
1 798976 799007
0 717970 718328
1 427304 427630
1 814544 814553
1 571677 571679
1 314490 314491
0 903457 903458
1 253496 253787
1 167795 168198
0 809538 809544
1 153000 153002
1 991330 991333
1 866038 866039
1 64413 64478
0 89060 549020
0 205672 205674
1 529831 529997
1 140838 140845
0 579137 579138
1 120832 120910
0 172791 172798
1 324547 325098
0 788483 788484
1 998347 999631
1 135623 135627
1 580739 580876
0 494899 498942
1 464505 464506
1 545524 545541
0 933180 933487
1 425865 425894
1 635042 635167
0 859012 866550
0 468724 479906
0 300555 300600
0 1048713 1048720
1 143526 143528
1 1014995 1015108
1 24471 24472
0 540598 540773
0 818684 825109
1 1059633 1059635
1 726168 726169
1 110098 110099
1 864508 864528
1 792876 792884
1 117471 118150
0 868238 868451
0 332529 332951
1 376339 376739
1 917973 918033
0 337431 337483
1 211671 211889
1 509099 509397
1 558619 562868
1 851653 851796
1 59021 76925
0 864849 864904
1 392973 395019
0 798846 798847
1 427525 428150
1 376678 380472
1 919620 919622
0 126218 138002
0 723289 723299
1 603181 603182
0 551551 551552
0 780852 781327
1 49593 49594
1 571163 571164
1 177761 178019
0 860482 867594
0 797238 797239
1 785593 785594
0 939658 939659
0 1075652 1075660
1 927457 927458
1 386032 386033
1 556994 556996
1 386507 386573
0 457302 457505
1 472418 472419
1 350678 350733
1 130606 130650
1 1059682 1060220
1 1013809 1013810
1 939927 939928
1 30096 30286
1 745294 745295
0 325162 325163
1 855188 855609
1 98831 98832
1 286567 286568
0 903223 903225
1 699591 699592
1 785236 785238
1 1040571 1040572
1 725330 725331
1 143148 143151
1 1068755 1085769
1 1000714 1000715
1 168280 168289
0 958498 958507
1 639559 639563
1 620880 621130
1 880136 881125
1 799232 799238
1 925585 925589
0 852859 852860
1 544823 544891
0 884615 884622
1 762614 762619
1 993415 993420
1 713183 713199
1 129221 129234
1 683804 694003
1 593371 593373
0 22817 22824
1 954631 956679
0 481900 484755
1 348175 348181
0 84034 84035
1 774606 774647
0 649029 649030
1 551212 556833
1 27845 27846
1 315454 315455
1 546978 546979
1 1046919 1050526
1 684447 695869
1 842902 842907
1 643858 643871
0 229249 229250
1 687261 687277
1 966451 966452
1 596900 597016
1 96418 96419
1 784013 784015
1 277451 281847
1 279176 279178
0 708405 709461
0 30877 30881
1 671816 671817
0 931842 932374
1 246258 246262
0 927257 927448
1 955285 955293
1 1010073 1010086
1 32923 32927
1 71880 71938
0 619021 619026
0 865091 867250
1 68749 69331
0 200738 200811
1 419285 419313
1 818912 819208
1 647083 647085
0 629275 630775
1 803447 804625
1 500961 500963
1 770210 770211
0 771531 771543
0 243634 243635
1 846303 846309
1 357584 357585
1 701330 701569
1 1072482 1088364
1 619217 630195
1 935463 935464
1 958929 958930
0 630023 630634
0 819888 819889
1 240082 240102
1 1003312 1011004
0 1060723 1062012
0 1082340 1082622
0 90957 90961
1 227190 227606
1 272225 272226
0 140098 140130
0 784908 784909
1 802434 802443
0 1076044 1076053
1 891220 891333
1 295374 295468
0 729701 729702
1 990561 990747
0 1033348 1033350
1 2098 2293
1 600985 601038
1 732070 732073
1 637060 639950
0 827770 827776
1 387893 394474
0 361360 361374
1 186004 650263
1 870448 870449
1 69945 69981
0 770619 770729
0 201374 201375
0 941777 941779
1 129272 155325
1 852575 852577
1 718625 718626
1 160729 160746
1 1003410 1003411
0 175576 183897
1 1001383 1001385
0 269539 269687
0 912434 912435
1 262708 262714
0 682721 682835
1 842143 842167
1 531830 531832
1 539057 539705
1 246752 246860
1 228691 228692
1 427125 427126
1 182740 182819
1 387763 387780
1 301553 301595
0 719553 719559
1 141963 141964
0 1026458 1026777
1 966126 966146
1 958881 958889
1 252338 252341
1 686971 686973
1 663231 677009
1 241438 241442
1 355351 652664
1 167576 167792
1 234038 234084
1 205828 205829
0 397522 413935
1 1056439 1056440
1 638273 638274
1 141 143
1 475639 475640
0 121976 121977
1 37990 38016
1 420130 433334
0 296669 299086
0 568319 568320
1 65394 65472
1 957560 957569
1 481735 481737
1 861493 861494
1 121987 121988
0 686827 686847
1 375002 375003
1 642992 643281
1 448142 448379
0 358826 358828
0 112107 118700
0 14971 14973
1 794063 801551
0 713442 713447
1 25112 25133
1 638907 638936
1 1079107 1079109
1 882927 896916
0 159987 159990
0 716033 716682
1 228563 229664
0 723991 724077
0 165753 166055
1 573827 573829
1 272432 272438
0 567963 567965
1 580947 580948
1 1072505 1073062
1 634524 634541
0 286295 286299
0 121193 121208
1 237705 237706
0 533428 536851
0 741085 748838
1 137710 137711
1 535605 544276
0 843438 845366
0 805061 806758
0 38382 38386
1 1938 2258
1 188348 188353
1 284847 289294
1 835913 835914
1 125849 125886
0 98057 98061
1 166882 166883
0 223418 223567
1 835500 844964
1 543879 543887
1 1047756 1047757
1 14017 31710
1 217710 217717
0 533924 533926
1 760822 762054
0 922912 926328
1 327798 327800
1 187882 215508
1 884110 884113
1 73406 73421
1 304619 415350
1 29710 29711
1 789003 789005
1 243096 243098
0 71016 71017
1 753282 780117
1 362920 362921
0 204413 215581
1 934644 934677
1 222852 222853
1 470808 470810
1 797884 797913
1 159487 159488
1 512702 512703
1 94334 94515
1 638497 638500
1 894558 894559
1 953637 956355
1 944404 944407
1 177987 178292
1 29041 29129
1 178505 178521
0 403931 403932
0 924267 924316
1 780876 780878
0 705511 705517
1 424533 424534
1 611223 617205
1 880641 880731
1 550504 556055
1 238515 238528
1 15645 20179
1 227299 227300
1 139807 139810
1 862489 862576
1 85613 85618
0 32649 980428
1 1040901 1053017
1 915304 915315
0 1074747 1074748
0 646000 646005
0 610858 617277
1 129715 143097
1 19637 19640
1 419260 419263
1 1023880 1023924
0 250318 250455
1 221772 221824
1 681743 681746
1 164123 164124
1 1000392 1000393
1 813871 814329
0 273807 273888
1 705591 705606
1 551976 551977
1 850108 850494
0 660104 660108
0 854143 854144
1 200260 200647
1 745183 745185
1 402406 402471
0 47985 47992
1 766333 778173
1 697808 697833
1 634179 634235
1 203336 203340
0 120485 120707
1 60221 60222
1 774439 774441
0 767536 767585
1 79793 82555
1 928219 928369
1 264295 264296
1 1054532 1054884
0 550787 550876
1 312378 312430
1 28415 28416
0 929828 929829
1 498916 498917
0 886116 886117
1 446909 447049
0 505269 505270
0 25213 25218
0 193710 198334
1 792107 798753
0 856660 856664
1 952952 952962
1 11625 35934
1 239402 239434
0 79040 79041
0 83710 83719
1 39426 39440
1 775855 775857
1 661706 678265
1 672435 672436
1 18483 18484
1 940791 940819
1 256888 257000
0 755470 777422
1 507132 509593
1 279217 279218
0 301464 301493
1 605706 605707
0 832642 832650
1 304630 304633
0 620709 621106
1 42646 42827
1 736866 737187
1 602440 603200
0 799346 799348
1 368848 368849
1 817063 817459
1 857679 865350
1 406943 406944
0 142483 142512
1 180622 180623
1 327510 328909
1 1082597 1082628
1 6276 6278
0 126019 126020
0 873364 873370
1 839419 839421
1 905687 905879
0 507333 507569
1 15416 31580
1 677364 677365
0 962357 962820
0 1040611 1045352
1 534907 534962
1 1046408 1046410
1 93589 93627
1 500682 500904
1 407064 407113
1 544674 544676
1 973270 973284
1 851802 851803
1 946180 946181
1 401902 401903
0 1051322 1051815
1 438182 438210
0 82271 82272
0 867971 867973
1 504434 505936
0 731443 731445
1 557235 557386
1 851460 851461
0 835316 835321
1 1029948 1029949
1 456260 456261
1 460188 463034
1 837336 837344
1 376967 377100
1 1008379 1008380
1 698279 698758
0 934649 934651
1 96423 96424
0 169628 169629
0 634085 634086
1 440056 440057
0 297047 297058
1 372077 372388
1 859413 866467
1 755397 756795
1 298143 308015
1 593277 594288
0 406178 406179
1 714122 714166
1 14362 14363
0 89840 89841
1 853174 853180
1 508320 508321
1 532734 532735
0 265209 266810
0 403923 403926
0 983996 984097
1 881234 881236
1 629183 629188
1 199508 199515
1 12751 32251
0 262529 262824
1 338932 338933
1 398116 398123
1 1083782 1083802
1 533793 535753
1 1047635 1047671
1 12011 12012
1 609924 609926
1 892343 897405
1 664269 667869
1 220206 229246
1 986758 986759
1 698534 698559
0 1086996 1086999
1 922662 922665
0 190252 190253
1 948657 948688
0 587417 587472
1 1059965 1060295
1 192725 211391
1 766057 766284
0 472543 472783
1 766457 766458
1 278998 280207
0 443702 443703
1 166708 167115
1 1080826 1080835
1 1084490 1084502
1 735165 735338
0 790729 790754
1 82391 83258
1 26694 26695
1 667398 667424
1 58313 76712
1 719019 719483
1 537490 537491
1 167479 167480
1 207783 207784
1 763992 763993
1 526548 526549
1 200237 202862
1 915642 916390
0 528846 530083
1 674770 674771
1 653505 653506
0 355959 356570
0 197111 197116
1 1085441 1085452
1 147735 153199
1 517895 517897
0 224977 225035
1 409835 409871
0 538390 538563
1 703745 703746
0 753714 753715
1 463364 463365
1 97932 97934
0 935266 935302
1 19676 19678
1 58942 75381
0 662884 675842
1 744532 750048
0 530449 531096
1 1079974 1079975
1 666126 666127
1 25480 25571
0 394478 394479
0 687904 687907
1 79497 79533
1 743330 743331
1 664449 664456
1 198775 198776
1 43897 43919
1 165686 165687
1 859927 859945
1 84854 92421
1 821602 821659
0 1037700 1037701
0 953773 956300
1 24523 25110
1 606200 616503
1 493299 493684
1 708795 709374
1 186913 186915
0 1009531 1009532
0 1084031 1084062
1 461505 462405
0 324939 344118
1 748151 748160
0 901918 904739
0 648851 648855
1 135095 135180
1 261329 261330
1 840824 843871
1 843278 843323
0 685926 695997
1 410368 410369
1 774244 774245
1 516852 519729
1 1060989 1060993
1 1068142 1068143
0 715970 715972
1 293444 293534
1 463610 463625
1 27513 31729
0 884625 885329
1 563417 563468
1 362208 362750
1 934559 934560
1 1049981 1050003
1 335691 335696
1 1024287 1024288
1 708875 708885
0 601839 601861
1 2626 2630
1 834728 834761
0 338057 338669
0 78491 78492
1 409915 409916
1 827976 845556
1 575488 575489
1 982066 982078
0 784288 784289
1 33406 33465
0 906326 906329
1 705482 705483
1 837006 837171
1 12280 20221
0 840227 840228
0 922760 922762
1 499697 499698
1 30060 30100
0 1058667 1058668
0 243229 243230
1 167658 167659
1 697991 698028
1 939128 947807
1 561846 561847
1 775241 775282
1 431196 431205
1 244879 244880
1 249181 249183
1 846498 846765
0 4689 6133
1 19640 19641
1 370791 370906
0 597606 597629
1 959644 967328
0 198589 198590
0 622347 623348
0 1068633 1068661
0 285263 285264
0 189641 189645
0 793350 802485
1 118770 118777
1 584778 584786
0 534053 534055
1 914766 914911
1 255913 255915
0 548130 556265
0 561466 561545
1 326564 343384
1 1047809 1047812
0 325680 325686
0 915642 916390
1 404222 404223
1 225244 225506
0 205610 205612
0 421513 429903
1 1008816 1008912
1 954043 954045
0 220688 220689
1 371162 371313
1 356364 356365
1 452873 452893
1 906786 907775
1 571116 571117
1 97540 97554
0 375286 375574
0 93556 93557
0 20637 21107
0 439558 440212
1 966955 966964
1 839869 839875
1 626474 629442
0 829788 829790
1 794720 794722
1 335701 335893
1 943706 950945
1 485274 485995
1 42270 42271
1 595335 595338
1 835774 835786
0 221772 221824
1 202779 202780
1 1039284 1039285
1 1067556 1067557
1 910725 910726
1 24348 24359
0 512243 512296
1 683436 683563
1 349822 353817
1 85157 85159
1 827584 827586
1 639424 639434
1 589939 589940
1 191382 191383
1 973671 973680
0 37099 37110
1 588142 588152
1 120401 120403
1 229745 229803
1 57581 57582
0 367835 367859
0 8897 8898
1 1083837 1085109
1 551279 551394
1 1034968 1034969
1 512392 512393
1 946547 946548
0 368379 368671
1 18061 18062
0 760889 760890
0 818912 819208
0 529004 529348
0 172938 173084
1 40315 40343
1 928026 928031
1 211307 211308
1 399693 399694
0 1031440 1031441
1 66509 66520
1 1007399 1007410
1 168494 168495
0 1068942 1068945
1 623124 623126
0 97102 97103
0 973160 973167
1 586069 586100
1 924618 924619
1 1047115 1047282
0 134383 134384
1 747699 748925
1 1021887 1021888
1 908784 913972
1 959148 959725
1 200856 200859
1 193972 193979
1 1057285 1057293
1 187911 187941
1 1012099 1012100
0 866291 866292
1 68350 68673
1 1071409 1071410
1 448731 448733
1 390903 390921
1 170580 170583
0 163442 163443
1 357473 357486
1 486900 486901
1 541703 542332
1 104166 104181
1 520660 520661
1 377840 377843
1 475001 475002
1 1259 1280
1 207761 207914
0 476139 476140
0 61147 61148
0 229152 229153
1 322597 322606
0 231388 231390
1 691186 691187
0 1004495 1011522
0 528618 528658
1 334011 334055
0 933769 936587
1 840520 840527
1 278245 278285
1 952779 952781
1 1007156 1010236
0 116956 116958
1 71647 71648
0 69887 70034
1 839831 839847
1 440312 440526
1 927426 927436
0 773165 777384
0 459344 459358
1 314354 314355
0 341853 341855
1 21679 21680
1 340297 340324
0 758401 758421
0 1008854 1009105
1 248418 248907
1 447015 447017
1 863334 863587
1 849460 849819
0 130950 132971
1 20473 20606
0 49258 49259
1 805646 805647
1 472205 472206
1 4582 10904
1 84228 84835
0 745063 750472
1 907487 909901
1 780047 780048
0 680747 680748
0 514065 514069
1 753132 753133
1 439059 439069
1 26371 26372
1 884073 884181
1 598714 598758
0 18364 18421
0 755692 755700
1 406322 406324
1 659720 659917
0 669275 669276
1 352518 352519
1 911644 915823
1 24785 24787
1 871964 871980
0 490180 490997
0 552712 553191
1 379609 381455
0 626080 626086
1 1036093 1036094
1 224451 224458
0 978446 978447
0 748035 748036
1 449962 449963
1 833787 833798
1 520711 520823
0 80597 80731
0 786059 786060
0 540943 540944
1 716099 716100
1 766020 766037
0 588748 604946
1 422825 422861
0 795254 795257
0 126823 126824
1 73817 75226
0 608276 608608
1 226135 226206
1 612025 617619
1 17585 17586
0 270257 283324
1 960860 960973
0 246773 246792
1 703598 703599
1 153445 153447
1 118065 118067
0 427025 427026
0 40769 40772
1 736003 748439
1 90239 90240
1 793376 793377
1 954551 955378
0 245195 245196
0 765372 765469
1 335653 335655
1 611665 617804
1 466295 466296
1 940130 942450
1 650164 650165
0 67286 67290
1 773350 773352
1 963708 964010
1 81186 81400
1 1081273 1081282
0 922399 922401
0 119963 119984
1 679137 679139
0 696513 696519
1 819172 819442
0 341047 341048
1 625167 625169
1 935394 935395
1 244043 244045
0 173429 173474
1 804779 804781
1 594010 596519
1 268037 268927
0 648539 648543
0 39242 39279
1 48792 48793
1 426302 426313
1 999653 999896
0 304422 759293
1 881971 881977
0 207927 207928
1 582681 582682
0 863865 863866
0 686830 686832
1 935818 935819
1 624302 627066
1 493869 494278
1 975076 975187
1 273749 273762
1 255483 255484
1 1085208 1090253
1 29427 29428
1 821439 821440
0 678061 678062
1 953471 953672
1 201281 201282
0 848860 848866
0 32607 32612
0 237333 237334
0 761311 761810
1 15598 34867
0 245303 245304
1 722068 729456
0 1081606 1081607
0 477524 477526
0 751378 751401
1 44121 44122
1 1035130 1035131
1 1040077 1040286
1 43104 43105
0 407605 407607
1 440059 440060
1 21992 21995
1 202279 202290
0 223133 224646
1 304907 304910
1 685289 685301
0 1065282 1065292
1 532237 535827
0 307545 307559
1 144577 144578
1 484968 484969
1 480910 483944
1 115992 116263
0 764736 764741
1 616736 616740
0 33147 33170
1 784733 784734
1 341362 341732
1 175588 185750
1 983467 986894
1 536319 536324
1 504329 504330
1 1005910 1014307
1 192766 192769
1 957443 957444
1 21078 21083
1 327450 327461
0 719955 719957
1 736133 736134
1 74135 74137
1 1076657 1076658
1 987704 987705
1 1053544 1053550
1 1052663 1052664
1 237314 237315
1 521302 521303
0 590737 603994
0 489106 489299
1 119638 120324
1 203929 203948
1 647215 647288
0 277541 277550
1 245246 245247
1 1009248 1009249
1 585784 586916
1 31330 34830
1 122930 122931
1 728009 728010
1 143673 151466
1 946050 946113
0 165719 170535
0 47856 47857
1 69675 69676
1 954716 954731
1 289972 290092
1 182941 182942
0 832551 832557
1 140971 140979
1 536873 543406
0 100965 100967
0 979216 979228
0 936298 936299
1 729727 729734
0 29142 29149
0 869828 877092
0 709439 709440
1 685269 685275
1 1036435 1036436
1 899509 899516
0 146738 146740
1 171585 171586
0 49630 49764
0 1060399 1090587
1 103571 231714
1 344 345
1 494252 494412
1 285339 295526
1 686545 686553
0 563555 566088
1 590749 590753
0 1082643 1082658
1 274896 275025
1 584876 585402
0 64413 64478
0 1047039 1047053
1 462177 462187
0 821657 826667
1 969005 969102
0 1036479 1039391
1 1033047 1033051
1 795853 795856
1 961944 961945
0 351692 351695
1 871393 871402
1 425573 425574
1 637142 637144
1 733726 733727
0 611551 612777
1 563773 563774
0 348092 348208
0 116753 117035
1 178468 178469
0 704806 704931
1 300807 300808
1 493896 494293
0 310736 310776
0 450362 452598
1 571703 571705
1 587442 605491
1 161566 169519
1 2100 2292
0 255370 255475
0 240665 240668
0 28995 28999
1 938778 938783
1 934624 934627
1 61755 61756
1 671667 671668
1 504617 504622
1 614128 614187
1 1037578 1037580
0 59684 59739
1 371374 371571
1 759792 759861
1 891238 891246
0 23659 23829
1 9219 9225
1 435715 435717
1 1031964 1032073
1 710469 710735
1 396748 397221
0 17659 17715
1 132679 150773
1 914365 914366
1 217908 217921
0 722493 722496
0 897669 897697
1 270411 284160
0 462846 478270
1 460590 462309
1 12471 12472
1 948244 948245
1 818484 818689
1 116831 117249
0 1031964 1032073
1 230146 230147
1 675896 675911
1 596732 596785
0 679680 679682
0 802419 802444
1 720413 721559
1 769140 778988
1 869593 869603
1 1016921 1016923
1 572684 572685
0 5466 6013
1 126775 126776
1 460490 460491
1 326256 326257
0 390192 390193
1 496459 496460
0 6649 6651
1 855456 855632
0 999665 999667
0 417899 417930
0 437662 437689
1 767503 767505
0 591533 591534
0 84368 91292
0 766962 766966
0 164224 164225
1 107034 107035
0 760275 760279
1 121856 121857
1 732605 749700
1 1072707 1072710
1 554289 554496
0 89952 89953
1 520785 525752
1 267867 267868
1 237273 237276
1 769976 771230
1 391637 391638
0 851183 851192
1 998324 998674
0 500682 500904
1 687277 696851
1 547384 548875
0 234375 234387
0 445596 445598
1 494897 495665
1 702914 708188
0 345459 353736
1 477365 477368
1 94347 94608
0 446720 446722
1 104725 104734
1 529829 530031
1 245334 245664
0 65381 66735
1 477289 479382
0 649278 651577
0 110691 110692
1 174547 180455
1 664207 664208
0 879988 879994
1 458532 465011
0 624302 627066
1 393814 393841
0 935463 935464
0 756397 756426
1 579098 579100
1 903341 903361
1 425721 425725
0 188787 212033
1 621832 629321
1 31077 31081
0 805067 805263
1 445434 445798
1 507126 508394
1 88780 88781
1 193987 216278
0 624781 624783
1 165302 165325
1 772384 772388
0 898034 898035
0 761653 764183
1 894014 895103
0 144910 144912
1 891835 891836
0 209120 210128
0 739504 739510
0 121911 121912
1 335808 335809
1 931743 932352
0 161839 161868
1 385982 395332
1 253328 253329
1 280351 280663
1 292827 292842
0 306262 307111
1 493053 499138
1 503110 503111
1 1057694 1057695
1 538576 538578
0 690903 690905
1 909893 910829
0 144467 145064
1 38167 38168
1 432552 432553
0 1070646 1070655
1 316654 316888
1 653146 653147
0 1060501 1087402
1 861735 862514
1 169167 171623
0 165696 165706
0 444320 444321
1 3896 5102
0 81111 81361
0 424660 424668
0 142729 142794
1 768508 768509
0 112789 113362
0 787815 788440
1 687296 687304
1 375114 375123
0 306666 306667
1 188329 193051
0 509685 510920
0 1045722 1045723
0 698279 698758
1 965157 965158
1 738213 738217
1 297442 297443
1 544633 544641
0 351031 351312
0 2514 2516
1 368153 368154
0 144577 144578
1 954439 954442
1 827735 827736
0 786954 787904
1 1055023 1059363
0 408199 414768
1 433678 433680
1 70005 70006
1 82154 82157
1 1044220 1044221
1 524001 524002
1 455127 455132
1 469707 469898
1 137132 137133
1 803168 803169
1 385983 386016
1 536772 536775
0 144212 155538
1 238945 238948
1 34337 35648
1 334745 334750
1 187796 187797
0 335641 335653
0 622402 622407
0 755582 755583
1 425372 425387
1 226191 226205
1 248266 248274
0 987704 987705
1 910004 921089
1 855545 855718
1 1791 1799
1 688676 688681
1 634597 634598
1 348304 348306
1 181997 182082
1 363958 363959
1 202700 202728
0 893529 894123
1 1083960 1084639
0 870222 873512
1 765641 765668
1 984188 984189
0 782910 782912
1 415177 415191
1 948777 948778
0 607943 607944
1 191346 192461
1 709697 721531
0 188288 216194
1 795658 795659
1 155462 155463
1 638998 639005
0 795592 795597
1 175849 175850
1 447961 448479
1 217961 217970
1 899729 899737
1 323009 323010
1 929445 935365
1 701755 701757
1 149101 149103
0 545759 545760
1 376004 376011
1 73166 73750
1 428923 428925
0 919326 919338
1 121280 121299
1 995622 995638
1 934248 934250
1 981348 981350
1 472370 474059
1 892411 892779
0 680110 690176
0 94415 95056
0 1024553 1024554
0 299269 306369
1 342870 342871
1 184673 184674
1 1026272 1026282
1 26021 26022
1 1038188 1038190
1 435297 435546
0 725526 725535
0 435297 435546
1 437665 437666
0 615760 615762
1 273474 273496
1 624969 627140
1 363554 363589
0 141052 141170
0 812098 812103
1 658173 658195
1 934636 934640
1 962834 962858
1 433506 433509
1 720493 720516
1 389003 389004
0 409154 409157
1 501979 504021
0 1066921 1066923
0 12914 35948
0 1040423 1040717
0 452436 452443
0 107879 108016
1 988046 988047
0 925676 926748
1 380371 380636
0 1079686 1079729
1 441478 441490
1 367067 367072
0 1030989 1031439
0 354147 354148
0 953802 953805
1 512454 512455
1 370170 376045
0 183254 183256
0 98135 98137
1 299139 311389
0 484811 484813
1 686022 686025
1 775129 839782
1 373360 373978
1 232887 232889
1 1027657 1050916
1 1066942 1087720
0 978667 981167
1 729699 729703
0 491295 491784
1 898252 898254
0 358911 358923
1 301332 301334
0 851693 854427
1 82520 82537
1 54416 54419
1 594222 594225
1 539838 539843
0 672567 672614
1 269038 269039
1 1060629 1060631
1 465866 465867
1 421362 421372
1 54892 54928
1 322922 325330
1 852332 852333
1 579465 579466
1 772394 772411
1 593494 593495
1 446605 446606
1 196513 196532
1 234663 234666
1 256165 256232
1 763018 763634
0 508455 508456
1 140138 140141
1 328869 328872
0 191379 191380
1 850948 851375
1 835116 835125
0 135123 135124
1 531698 531699
1 419532 419533
1 410962 410981
1 110431 110434
1 359475 359476
1 746477 746479
1 426048 426049
1 844686 844687
1 1051530 1051531
0 323716 323717
1 668039 668040
1 875410 875609
1 302219 311377
1 98440 98630
0 912195 912200
0 501076 501122
1 367951 367970
1 800017 800020
0 280427 280428
0 358423 359121
1 619144 619723
0 928720 936393
1 701245 701246
0 39858 39872
1 961352 961355
1 490636 490669
1 945146 945149
1 67327 67328
1 276506 276507
1 39709 39710
0 1077321 1077362
1 475856 475860
1 130812 130813
1 594368 594371
1 831726 831730
1 946894 949680
1 73332 73333
0 372138 372143
0 297407 297612
1 832803 832832
0 99067 99071
0 496121 496721
1 450397 450671
0 667859 667860
1 1014760 1014778
0 1020777 1020779
1 451621 451629
0 253270 253787
1 382618 383238
1 797047 797048
1 601523 604841
0 394236 394241
0 995664 995681
1 355238 355239
1 1059736 1074503
1 57862 57863
1 517384 517385
1 387197 387218
1 449389 449391
1 835218 835303
1 336861 336862
1 685 2689
0 178505 178521
0 95033 95108
0 885367 896277
1 462394 465696
1 374286 374411
0 814864 814865
0 389788 389790
0 907862 907997
1 1024108 1024126
1 972747 972748
1 902525 902935
1 877864 887922
1 233359 233371
1 150860 150861
1 165518 165520
1 230913 230920
0 767031 767493
1 170404 171968
1 1080770 1080772
1 132813 133231
1 1018767 1018768
1 710930 710933
1 17914 17915
1 336590 336591
0 942474 942868
0 519707 526057
1 49960 49981
0 501815 502118
1 627524 627535
1 248140 248664
1 617508 617509
1 395964 395965
1 982001 982003
1 112459 112464
1 680898 680899
0 730441 730443
0 537888 537970
0 804642 804643
1 803636 803649
1 841524 841545
1 144131 155517
1 132578 132792
1 238884 238885
1 171081 171084
1 564639 564721
1 570497 570527
1 912151 912404
0 761292 761300
1 144845 144851
0 557410 557530
0 740930 740931
1 708419 708421
0 46536 46538
1 467804 468378
0 839919 839939
1 717312 717314
1 25730 25731
0 616352 616356
1 776084 776654
1 635956 635957
0 367197 367198
1 847673 847678
0 900879 900880
0 803418 804833
1 805869 805886
1 519767 525854
0 707075 707180
0 18739 18783
1 107809 108649
1 269568 269971
0 408443 409196
1 742336 742792
1 859021 866564
1 733652 733858
0 64701 64744
0 1068809 1069064
0 699065 699198
1 805969 805990
1 388825 388826
1 703757 703758
1 597916 604969
1 293673 293727
0 623101 629079
1 110665 110816
1 795370 795371
1 664601 664765
1 944228 944230
1 869643 869645
1 1066896 1066897
1 960007 960008
1 383642 384151
0 1064531 1064533
0 23984 24452
1 743079 746872
1 859698 1009227
0 655249 655250
0 493969 493970
1 654329 654330
1 640501 640505
0 284496 284663
1 289862 309652
1 112365 112366
1 817154 817164
0 205017 205020
1 14577 14578
0 120211 120212
1 249267 249278
0 798976 799007
1 276537 276538
0 946816 946948
1 775235 775236
1 710958 711217
1 226609 227005
1 774195 774220
1 1029497 1029529
1 70799 70804
1 664511 664715
0 860297 860301
1 247019 247020
1 705006 705221
1 567966 567972
0 173639 173640
1 832074 832091
0 40416 55576
1 199143 212711
0 470940 470941
0 887896 887897
1 849290 849291
1 536087 536099
1 366745 366747
0 1008136 1012239
1 980360 980362
1 57602 57603
1 566771 566772
1 839238 839245
0 527922 528767
1 160285 160288
0 286285 286312
1 835546 835555
0 547489 556750
1 1046363 1046364
0 151881 151884
0 98825 98826
1 306806 306820
0 650242 650257
1 89702 89714
1 683209 683215
1 238602 238606
1 261285 261489
0 23767 23773
1 89912 89914
1 1057921 1057922
0 358061 358071
1 953059 953060
0 340225 340226
0 86613 87259
1 642986 642989
1 37338 37340
1 224500 224767
1 664582 664677
0 997194 997219
0 515019 515235
0 668125 668126
1 130703 130709
1 588070 588074
0 321606 321611
1 290663 290665
1 1076965 1077459
0 244020 251787
0 551976 551977
1 721434 721592
0 909033 910533
1 1033003 1033004
1 999631 999689
1 360506 364652
1 454249 454361
0 285068 285069
1 863054 863784
0 105681 108375
0 376857 376858
1 268646 268647
0 38596 38597
1 135155 135156
0 468931 469547
1 390563 390566
0 702047 702048
1 191922 191945
0 670660 670912
1 97220 97297
0 1021252 1022135
1 756635 756639
1 488982 488991
1 22302 34545
1 509773 509795
1 491044 491326
0 387561 387575
1 595753 595788
1 930614 931337
1 530385 530979
1 1074764 1074767
0 372513 372816
1 601106 601107
1 734801 734804
1 928149 928156
1 740251 740265
1 136360 136362
1 468949 468950
0 892304 892305
1 945984 945985
1 711472 711615
1 73603 73609
1 750944 767307
1 424457 424464
0 600023 600027
0 935726 935727
1 685912 685914
1 528142 528144
0 464871 464872
1 564689 564690
1 287589 287590
1 720768 720770
1 375980 375983
1 106648 106652
1 341160 341165
1 673099 673100
0 330594 330596
0 345531 354501
1 745779 745783
0 996254 996661
1 439092 439102
1 736529 736530
1 798806 798808
1 392816 396027
0 723902 726488
1 390572 390573
1 325428 325441
1 322110 322112
0 134026 134032
1 117676 117688
0 732578 746359
1 436785 436788
1 84079 91962
1 146160 146161
1 58441 76737
1 884148 884149
1 190660 190661
1 755597 755618
1 174212 174534
1 113165 113166
1 541789 542063
1 710777 719373
0 469895 469896
0 732605 749700
1 147522 147523
1 971618 971635
1 578995 578997
1 885854 887816
0 817271 823861
0 1038249 1038329
0 952094 952095
1 105098 105103
0 834637 834639
1 972909 977284
1 720683 720684
0 1066139 1066599
1 909922 909923
1 231960 231976
1 84100 84111
1 175439 175572
0 951466 951664
1 39905 39906
1 945861 945873
1 611579 612582
0 791803 791804
1 204326 204328
1 263102 263119
1 175793 175797
1 785960 785970
1 342302 342305
1 732100 732266
1 995016 995228
1 351657 352027
1 116342 116343
1 967216 967217
1 199999 200000
1 174745 174746
1 701598 701642
1 175897 175908
1 224496 224770
1 487911 488197
1 508257 508497
0 132471 132492
1 784438 784439
1 51371 51381
1 661259 671440
0 264124 264125
1 388047 388048
1 335311 335872
1 1012474 1012475
0 37666 56937
1 602283 602287
1 654467 654468
1 567169 567173
1 1029914 1033367
0 5005 5063
1 1002345 1002346
1 666992 666993
1 600450 600453
0 468197 468360
1 559300 559815
1 943466 950210
0 460455 460464
1 164893 164898
0 783798 784790
1 299367 299530
1 585504 602136
1 117783 117807
1 755316 755317
0 473343 473911
1 706703 706812
0 265393 265401
1 216190 216191
1 38305 56335
1 629767 629768
0 262120 262231
1 200062 200095
0 1060513 1085373
0 192770 192827
1 1030895 1031257
1 245363 245798
0 589163 589166
1 383669 383754
1 843783 843912
0 362399 362799
1 569420 569423
0 606734 606740
1 99462 99475
0 149168 153570
0 285114 285379
1 145756 145795
1 879827 879835
1 164626 164780
1 658656 658658
0 476715 476725
1 1030666 1030710
0 8168 9006
0 135970 135983
1 992100 992150
1 517175 517673
1 782023 782176
0 419341 424703
1 1048789 1048790
1 620627 620628
0 407028 407699
0 585881 585893
0 754162 754175
1 601596 601700
0 40632 40640
1 308868 308869
1 869874 877159
1 683576 696163
0 945968 945985
1 984819 984829
1 130294 154230
1 101375 101377
1 635320 639598
1 604939 604945
1 579403 579404
0 224630 224807
1 52129 52130
0 1085548 1085549
1 495351 495353
1 21455 21456
0 70860 70861
1 1037530 1037531
1 496724 496917
1 11529 20711
0 1031498 1031499
1 794616 794635
1 443789 443812
1 48068 48069
0 974957 974958
0 390944 390945
0 1062716 1064063
0 304078 304079
0 809279 809314
0 789647 789649
1 634705 634793
1 389955 389957
1 774383 774384
0 300916 300922
1 474 3500
0 252110 252111
1 88074 88270
1 715909 715910
1 252425 252426
1 812644 813453
1 1077372 1077953
1 278421 278426
1 666977 666981
1 158872 158873
1 221082 221120
1 910471 910472
1 1060476 1060478
1 112022 122158
1 756840 756841
1 416884 416885
0 196293 196387
1 558205 558678
1 273679 273681
1 868114 868116
1 887029 887465
1 85057 85058
0 360379 360380
1 713396 713398
1 83136 83148
0 103456 103458
0 575342 575343
0 36696 36697
1 655200 655267
1 886495 886510
1 896782 896783
1 769246 777321
0 1061831 1075431
1 593615 593616
1 942756 942844
1 324339 330889
1 919659 919837
0 58696 75403
0 222347 222350
1 732885 732902
0 574391 574516
1 363037 363043
1 955111 955118
1 662930 678251
0 1080362 1080378
1 177386 177387
0 883906 884386
1 231149 231151
1 468868 469100
1 108297 108301
1 716029 716030
1 295953 307834
0 573374 573491
1 927109 927147
0 760792 760809
0 360664 360886
1 1042501 1042502
1 716262 717095
1 976508 976509
1 239983 240000
1 452784 453165
0 383065 392731
0 63317 63318
1 258827 258878
1 829079 829080
0 593124 593133
1 159165 170204
1 298211 298218
1 174750 183223
1 281281 281289
1 62480 75337
1 79452 83626
0 808916 808917
1 682545 682626
0 166601 166859
1 822821 825037
1 538301 538302
1 1068784 1068785
1 682788 682842
1 711728 711735
1 408284 408329
0 79457 79756
1 294719 294879
1 1078432 1078434
1 356058 356060
0 521768 521769
1 516555 517842
1 688685 688942
1 244010 244012
1 680166 692673
1 655191 655269
0 699063 699070
0 182882 182993
1 946687 946689
0 51344 51345
1 326366 326367
1 670433 670434
1 491085 491097
1 883815 884087
1 251834 251835
0 600643 600644
1 639948 640356
1 448553 453200
1 581730 581738
1 1655 10347
1 1017969 1017971
1 813724 814903
1 1016006 1028764
1 830409 830535
0 960401 960402
0 853688 853690
1 97871 97873
1 179389 179441
0 166649 166650
1 164298 164731
1 1080113 1085941
1 329390 329594
1 73559 73580
0 133029 154555
1 198308 198309
1 341235 341265
0 421869 421870
1 22171 22172
1 187408 187409
1 733712 733922
1 593278 593468
1 1032275 1032347
1 147016 147018
1 430267 430282
1 760122 760138
0 562860 562861
1 252508 252513
0 648974 648975
1 912088 912089
0 389144 389271
1 649693 649694
1 146293 146394
1 929134 929136
1 183242 185059
1 305270 305291
1 322951 322965
1 3240 3454
1 953280 953510
0 642532 642578
1 600256 604423
0 434645 434646
1 588381 588382
1 287730 287731
0 864919 864922
0 240375 240378
1 356272 356300
0 568088 568097
0 811118 811167
1 425472 425476
1 422133 422138
1 428509 428511
1 377250 377264
1 1017933 1017935
1 192236 192251
1 778679 778681
0 807864 808505
0 399819 399821
1 207710 207711
0 1082037 1082087
1 552119 552396
1 48835 48859
1 681523 681612
1 224911 224913
0 251765 254996
0 480423 480426
0 163008 163012
0 723650 723651
1 322217 322260
1 230181 230684
1 554355 554702
1 536618 543653
0 702727 702741
1 538096 538526
0 227154 227556
0 21159 21266
1 871369 871371
1 65437 65446
1 189925 189926
1 602726 602734
0 112127 112134
1 279376 279377
1 805408 806245
1 301751 301858
0 916553 920443
1 375291 375298
0 27798 27804
1 775377 775378
1 223869 223871
0 425472 425476
1 401535 401633
1 1067146 1067147
1 383592 384412
1 754655 755946
1 726756 726767
1 307130 308199
1 644452 644496
1 445001 445045
1 239565 239566
1 834198 834201
0 1016699 1016700
1 713778 714099
1 471897 471902
1 570802 570816
1 204594 205095
0 264433 631050
1 874480 874497
1 754963 754986
1 854728 854729
1 316394 321297
1 108143 108144
1 131252 131268
0 448142 448379
1 714652 715141
1 1071285 1071286
0 843489 843490
1 1007319 1008298
1 737841 747523
1 1018063 1018064
1 953255 955381
1 286294 286295
1 756525 756526
1 504547 504713
1 383907 383912
1 759312 759321
1 765909 765910
1 134807 134813
1 597449 597451
0 203493 203496
1 252049 252050
0 252038 252040
1 447137 447522
1 27573 27625
1 112006 112425
1 755701 755713
1 357271 357273
0 833787 833798
1 818424 818434
0 727827 727828
1 410507 410508
1 844706 844707
1 189853 191638
1 663014 663025
1 584111 584112
1 842193 842196
1 1020356 1021173
1 645443 645444
1 892017 892018
1 346136 346408
1 683598 684851
1 138720 138721
1 327772 328545
1 806856 806861
1 61200 75847
1 37206 37208
1 120036 120037
1 745566 745567
0 888726 888727
1 127058 127209
1 1063618 1087920
1 792535 792536
1 532069 532224
0 116155 116157
1 412044 412045
1 339417 344183
0 383731 383862
1 336750 336751
1 681439 681440
1 423269 423276
1 242329 242331
1 2325 2327
1 965254 965255
1 1043287 1044775
1 110640 110868
0 237023 237025
0 569518 569526
1 866646 868381
1 434011 434013
0 827308 827319
1 794795 794891
1 709538 710743
1 30792 31233
1 1020883 1020886
1 809660 809661
0 46081 46082
1 577117 577136
1 458792 458793
1 644871 644872
1 507029 507030
1 217740 218376
1 153071 153073
1 293858 293930
1 53232 53256
1 157297 157298
0 199524 199609
1 599661 599664
0 203474 203755
1 29469 29471
0 619144 619723
1 219290 219298
0 317329 318008
1 1028613 1028761
1 265481 265482
1 892843 892933
1 1039991 1040001
1 219773 219866
1 992363 996432
1 539786 539950
1 929770 929772
1 153644 153645
1 464018 464087
1 845471 845475
0 294289 294988
1 113240 123144
1 564029 564030
1 642765 642824
0 516555 517842
0 1059240 1059241
0 590079 590080
1 550119 550995
1 126713 126715
1 768362 768375
1 100402 100436
1 172194 172195
1 945919 945920
0 897769 898071
1 169865 169867
0 817541 826822
1 930373 930928
1 843621 843624
1 41553 41558
1 734785 735789
1 143066 143072
1 198938 199024
1 890527 890528
0 388047 388048
1 127157 127159
1 409047 409054
1 381219 381234
1 366581 366770
0 382838 382962
1 459473 464278
1 166483 166484
0 234079 234085
1 805481 805482
1 39703 42554
1 827829 827852
0 873280 873306
1 207477 207487
1 852200 852201
0 641698 641734
1 916246 916402
0 62292 62293
1 427650 427663
1 340464 340465
1 404422 404447
1 883241 883263
0 467804 468378
1 472339 472340
1 526265 526266
0 365311 365900
1 847059 847060
1 675533 675547
0 401418 401422
1 115971 115981
1 939943 939944
0 22787 22793
1 1014237 1014238
1 397791 397795
0 406595 406598
0 673063 673064
1 326392 326395
1 642599 642603
1 313289 313291
1 855894 855895
1 635603 635805
1 260064 260065
1 248664 248665
1 399418 399425
0 315245 315271
1 577973 577974
0 878451 878467
1 1056694 1059365
1 65498 65499
1 481187 481188
1 320307 320844
0 1033576 1033578
1 269603 269622
1 465093 465101
1 397077 397256
0 296690 296802
1 716902 716905
1 469318 469687
1 138652 138653
1 784042 784043
1 555551 555552
1 13525 13526
0 723367 723369
1 4736 5018
1 475814 475815
1 175106 175160
1 1073543 1073545
1 573341 573342
1 434261 434264
1 366740 366784
1 226324 226337
1 689096 697171
1 240117 240118
1 913966 913967
1 691278 691279
1 810893 810895
1 760064 760071
0 273823 273824
1 764290 764873
1 666674 666682
1 275021 281197
1 947059 947061
1 40518 40595
0 704315 704907
0 274380 274534
0 521060 521061
1 819827 826441
0 667398 667424
0 662611 678565
1 734557 734883
0 441251 441253
0 733712 733922
1 934974 935283
0 809870 809871
0 113125 113127
1 641736 641739
0 409626 409631
1 55741 56935
1 130847 130966
1 550098 550099
0 26499 26710
0 528882 528886
1 798618 798619
0 160536 160543
1 2319 2402
1 167780 167864
0 999823 1000042
0 394064 394075
1 102539 105189
1 640280 651129
1 280944 283962
1 145808 145835
1 891732 891749
1 238891 242671
0 846343 846344
1 431040 432997
1 830318 830329
0 1031680 1031681
0 565985 565986
1 909377 910142
1 905714 905856
1 280903 283378
1 118736 118738
1 740251 740256
0 770160 777009
1 763732 763734
1 1056592 1056593
0 440758 441139
1 1047234 1047236
0 772071 772186
1 672170 678458
1 99066 107557
1 682483 682613
1 485693 485696
1 1070970 1070971
0 1006481 1006483
1 445171 447114
1 238625 238633
1 420701 420702
1 57937 75879
1 428925 428926
1 685256 685281
1 663957 664034
1 392835 395081
0 582537 582600
1 535256 535435
0 493185 493186
1 523573 523577
1 409896 409900
0 899730 904383
0 195346 195347
1 554242 554243
1 953742 954326
1 210437 210442
0 32740 32766
1 993780 993889
1 281304 281386
1 884225 884226
1 1073774 1073775
1 603142 603143
1 487751 499125
1 165752 166295
1 989824 989825
0 832731 832744
1 323915 324915
1 192488 212314
1 857574 857575
1 236860 242161
1 541895 542135
0 242699 242700
0 1080480 1088202
1 1065506 1065518
1 893737 894738
1 958786 958810
1 446229 446230
0 796419 796436
0 445406 445629
1 775280 775283
0 773042 773072
1 788737 788738
1 845236 845237
1 284662 302696
1 776153 776696
1 852331 852333
1 759209 759210
1 624862 626871
1 710368 710565
1 919006 919629
1 921525 921530
1 107382 107383
1 166515 166855
0 724387 724389
1 151782 152967
0 28356 28358
1 515718 527015
1 454350 454351
1 89128 234828
0 232208 232550
1 152954 152955
1 1021036 1022525
0 682590 682598
1 190785 190938
0 412289 412299
1 444838 444843
0 332973 332977
1 613452 613454
0 66579 66641
1 431703 431711
0 491796 491832
1 862627 862628
1 59254 59255
0 346200 346202
0 839831 839847
0 417023 417024
1 228289 228290
0 743544 744505
1 846803 846804
1 408180 414767
0 690691 690692
1 583109 589188
0 198984 209463
1 287205 287206
0 312511 964162
1 1001459 1002820
1 618942 618959
1 538166 538172
0 778263 778299
0 61166 61167
0 1069900 1070020
0 979645 979646
1 938800 938973
1 545240 545624
1 927288 927292
0 170740 170741
1 588054 588055
1 713095 713099
1 437349 442246
1 470422 479914
0 273927 348248
1 701974 701975
0 732289 732291
1 913386 913387
1 13770 13771
1 889879 889956
0 293741 306381
1 571223 571225
1 345813 345814
1 131276 131278
1 627556 628574
0 425933 425939
1 14333 14477
1 972392 978192
1 475757 1050021
0 586097 586121
0 130606 130650
1 555074 555075
1 211193 211194
0 562571 562586
0 30009 30066
0 1070406 1070407
1 100943 100944
1 166554 166562
1 593948 593952
1 581479 581491
1 752773 752774
1 624876 624952
1 217023 217025
1 616072 616077
1 408096 414693
0 426513 426514
0 642331 642478
1 188264 188268
0 948777 948778
0 292325 292328
1 66637 66642
1 571197 571220
1 1081437 1081456
1 88115 88416
1 807874 808559
1 809131 810147
1 971130 971148
1 357194 357196
1 360473 360513
0 1080113 1085941
1 58599 58601
1 717484 717485
1 923811 923813
1 637467 639172
0 1056116 1056239
1 139560 139561
1 368039 369779
1 5304 5308
0 927037 927443
0 821540 821541
1 646405 646406
1 672142 672143
0 973526 973544
1 916653 920402
1 697622 697629
1 964641 964642
1 50321 50336
0 836951 837143
1 57897 57902
1 208250 213492
1 755998 755999
1 330283 330961
1 521608 521609
1 446472 446473
0 986413 986422
1 1073226 1073230
1 1007301 1007865
0 606121 606980
1 335723 336061
1 758931 758943
0 322976 324374
1 753452 753453
0 1015556 1015558
0 881615 891673
1 735181 735182
1 751868 751905
0 240190 240215
1 650634 650636
1 802936 802937
1 427444 428064
1 771206 771253
1 646346 646347
1 187797 188912
1 392169 392660
1 3505 3507
1 359794 359795
0 954552 954573
1 392684 393147
1 716616 718439
1 1036134 1036873
1 226277 226861
1 396562 396579
1 631868 631869
0 86645 86656
1 330418 330490
1 72032 72034
1 189139 196709
1 795954 795955
0 160620 160621
1 13022 13177
1 193765 193766
1 131321 131345
0 304851 304854
1 198966 198968
1 188436 189706
1 875834 875991
1 47792 47799
1 1086193 1086194
1 956445 956446
1 59527 59528
1 832821 832822
1 190773 190789
1 834091 854366
1 190239 190242
1 342692 342693
0 468753 469038
1 169938 169940
1 1015842 1015843
1 713093 713095
0 901505 901826
0 33283 33321
1 995320 995335
1 758338 758359
1 464940 474477
1 1051669 1051670
0 925418 925645
1 450954 450977
0 588236 588238
1 449293 449323
1 272269 272277
1 141826 141828
0 606200 616503
1 1856 2186
0 154497 157201
1 370024 370121
0 716865 716944
1 646336 651268
0 786335 786340
0 727885 729596
1 1040246 1040253
1 576455 576457
1 853365 853367
0 898641 899236
1 246891 247182
1 426194 426195
1 403176 403195
1 567982 578875
1 1046243 1046569
0 885616 888699
1 849217 849218
1 401499 401595
0 799639 799640
1 102984 103016
1 601121 601122
1 807116 807117
0 285458 285459
0 845433 845436
1 179141 179367
1 356237 356263
1 887537 888510
0 431040 432997
0 228691 228692
0 781749 781750
0 852322 852323
0 940881 940883
1 494287 494293
1 1054050 1054640
0 823130 825695
1 707066 707161
1 870194 876429
1 32992 32993
0 430528 430539
1 429141 429145
0 99502 107414
1 338279 338284
1 367178 367180
0 620326 630329
1 445992 449875
1 806171 806172
1 724897 725288
1 830123 830552
0 203262 203269
1 975081 975082
0 627534 627535
1 403615 413624
0 953345 953346
0 699189 699692
1 951862 951864
0 319209 319226
0 58990 59016
0 981348 981350
0 952952 952962
1 912626 921338
1 498115 498323
1 95628 95630
1 619059 619076
1 1069316 1086601
1 49039 49040
0 492433 492632
1 894434 894435
0 1071663 1088598
0 916882 916885
1 836256 836352
1 599471 599472
1 1075781 1083397
1 292043 292444
1 676905 676906
0 885769 887373
1 868662 868771
1 1045958 1045960
1 601909 601910
1 586409 586411
0 1068779 1068799
1 741117 749372
1 1062307 1088573
1 1057016 1057935
1 312392 312393
1 475468 475470
1 795152 795159
1 865268 865368
0 808124 808583
1 1021948 1021949
0 557337 557338
0 607389 607390
1 405835 405841
1 248375 248896
1 706928 706962
1 186950 215060
1 330825 338165
0 1042911 1042912
1 874048 874116
1 211293 211295
1 193522 193523
1 722033 722034
0 134016 152197
0 1015408 1015409
0 419113 419131
1 40765 40768
1 731573 732084
1 93577 93653
1 1079156 1079157
0 913797 913870
1 401891 401893
0 1056028 1056029
0 970553 977453
0 845728 845736
1 727954 727956
0 47095 47096
1 534718 535787
0 279951 280130
0 445171 445172
0 667643 671628
1 242651 242659
1 549403 549632
1 325487 325488
1 879450 879455
0 807596 807597
0 18915 30618
1 930097 937919
1 837479 837481
1 641769 641781
1 626342 626350
1 420470 433093
0 861493 861494
1 657485 657486
0 613938 613983
1 367111 367113
0 125551 125687
1 817242 820129
0 880699 881273
1 388372 388380
0 115803 115804
1 822869 822873
1 912249 912250
1 918425 918427
0 260543 260699
1 962393 962751
1 143819 143820
0 231373 718513
1 1083526 1083527
0 764399 764664
1 329402 329604
0 588967 588969
1 22084 22085
1 194943 194964
1 310960 310961
1 887573 887772
1 30169 30199
1 417069 420917
0 886733 886734
0 74544 74545
1 226304 226305
1 851235 851242
0 974366 974368
0 646405 646406
1 89672 89677
1 329569 329570
0 1018229 1018231
0 31513 31693
1 289480 305149
0 633462 633855
1 665127 665128
0 686990 687053
0 676307 676353
1 527735 527805
1 900663 900675
1 859680 862915
1 1015592 1015596
1 454891 457644
1 724775 728611
1 610783 610893
1 640154 640216
0 605897 605898
0 299527 310100
0 352884 352886
1 751861 751862
1 453423 453478
0 7822 7830
0 245082 247246
1 718948 718952
1 785207 785235
1 836393 836399
1 253390 253558
1 992050 992051
1 792499 802759
1 727620 728386
1 914169 914171
1 588265 588267
1 983715 983735
1 460306 460361
1 47047 47048
1 97548 97549
1 960098 960105
1 1033878 1033882
1 241880 241885
1 725292 729051
0 1078620 1078621
1 740220 740221
1 785818 803093
0 173607 173608
1 814544 814549
0 177368 177427
0 172728 172729
0 456161 456164
0 622222 623272
0 602263 602264
1 31740 31771
1 782977 782982
0 934433 934547
1 681349 681692
1 232153 232156
0 842345 842348
1 62705 62736
1 908306 908546
1 968951 969077
0 1006141 1006276
1 827524 827526
1 176403 176404
1 979659 979943
0 785647 785649
0 862240 862257
1 102090 102110
1 823022 826161
0 835530 835532
1 94870 95065
1 1081833 1081846
1 565976 565977
1 405381 405384
0 410371 410377
1 571219 571229
1 492178 492219
1 674210 674213
0 25730 25731
0 894014 895103
1 723373 723448
0 546933 555354
1 890017 890020
1 20411 20412
0 195379 210576
1 130583 130584
1 405280 405309
1 583704 583705
1 766033 766173
1 425006 425011
1 297783 297995
1 759875 759876
0 632164 632278
1 143587 143632
1 531947 531960
1 397958 398396
1 1010592 1010729
1 799395 799398
1 475415 475534
1 748249 748251
1 373124 373128
1 187118 200377
0 493508 493510
0 85569 85844
1 423564 423566
1 670187 670217
1 148019 148021
1 361328 361333
1 627590 628218
1 860027 860028
0 165302 165325
1 33177 33181
0 902576 902577
1 957852 957853
1 596211 596214
1 219809 220004
1 923286 923287
1 290853 303515
1 785783 785786
1 360843 360847
1 581480 581481
1 409414 409421
1 1018309 1018310
1 1006524 1006671
0 57706 57710
0 724091 724123
1 722371 722372
0 873850 874006
0 944750 944753
1 173997 174004
1 242860 242861
1 213299 213300
1 1012453 1012454
1 206876 206896
1 73470 73511
1 516421 516440
1 552853 552868
1 94430 94665
1 1006143 1014086
0 311946 316484
0 641270 641272
1 166236 170002
1 120169 120829
0 522215 522216
1 935649 936912
1 913276 913277
0 603521 603530
1 837226 837231
1 6388 6389
1 567243 567346
1 209331 209346
0 699453 699454
1 1039206 1039207
1 749253 749254
0 830680 830688
1 838868 838875
1 960222 960231
1 533035 533054
1 916229 916358
1 557692 557703
1 598009 598011
1 579908 1058884
0 820488 824673
1 1014079 1014081
0 447194 447515
1 39351 39353
1 867974 867980
1 729370 729578
0 644888 644889
0 693885 693887
1 14406 14422
1 895734 895736
1 242203 242204
1 837155 837160
1 847534 847552
1 116004 116259
1 757783 757794
0 915649 915867
0 235073 235074
1 9726 9729
1 995793 995862
0 914702 914711
0 931826 932201
1 448820 448821
1 369771 369777
1 740035 747556
0 444302 445103
1 351763 351764
1 759608 759610
1 754594 754599
1 548673 555596
1 78530 78700
1 640587 640608
1 1045437 1045489
1 828866 828868
1 612182 614849
0 917955 921657
1 945970 945986
1 827884 827885
1 814727 814732
1 359005 359291
1 641455 641456
1 663687 677087
1 424100 424101
1 227503 227504
0 177373 177375
1 6016 10494
1 755209 755215
0 455023 455026
1 979456 986615
1 437958 437959
1 752592 752593
0 387564 387596
1 653058 653059
1 244688 244709
0 1081318 1081320
0 26656 26689
0 939998 942884
1 136341 136342
1 453879 453925
1 725801 726265
0 515254 515255
1 265787 265805
1 15668 15673
1 815638 815649
0 132285 149774
1 1081733 1081735
0 73838 73840
0 799395 799398
1 540168 540587
1 35348 35349
1 496427 499076
0 821969 821973
1 528327 528336
1 711367 711468
1 459783 460065
1 685824 685870
1 798793 800772
1 114398 114399
0 391713 391714
1 699749 699751
1 505271 505430
1 145393 145404
0 236423 236425
1 712396 712397
1 1082768 1082769
0 366581 366770
1 731654 747412
1 582902 582918
1 874275 874276
1 966974 966975
1 81768 92780
1 878552 884500
0 563292 563293
1 622595 622608
1 336512 336516
0 559146 559583
1 671364 671498
0 368190 368191
1 867984 867985
0 200260 200647
1 752673 752677
1 159634 159635
1 399040 399527
0 837832 838257
1 663829 669853
0 485993 497298
1 468342 469085
1 657583 674167
1 912780 912782
1 289542 310326
1 678059 678655
1 159005 159006
1 476917 476918
1 401720 401830
1 97540 97553
1 1024536 1024537
0 673735 675473
0 233722 233723
1 641370 641371
0 16574 17145
1 29476 29477
1 472280 472282
0 866038 866039
1 972288 972291
1 818516 825670
1 1030404 1030405
1 105856 105860
0 1079425 1079427
0 539242 543481
1 478113 478119
0 654981 654983
0 953255 955381
1 181967 181991
0 631934 631935
1 969405 969407
1 233046 233047
1 285019 295965
0 176467 176646
1 559405 559910
1 242660 242734
0 718992 718993
0 878300 878310
1 724742 724743
1 853381 853389
1 1064771 1089281
0 550504 556055
1 149280 149286
1 658255 658311
1 866721 866722
1 993087 995485
1 150612 150614
1 354404 354486
1 935974 935988
1 52 53
1 906528 906529
1 302025 303779
0 553180 553181
0 229000 229001
0 843454 843455
1 912222 920610
1 126838 127093
1 551641 551642
0 572472 572473
0 685361 685699
0 693678 693681
0 41020 41022
1 314603 314604
1 42644 42902
1 657182 677440
1 989438 989439
1 433864 433867
1 119768 120502
0 373934 374416
1 976085 976086
1 239245 239246
1 144749 144750
1 349351 349383
0 431900 431906
1 383587 384181
1 1003851 1003853
1 676022 676023
1 70482 70483
1 1023845 1049557
1 145052 145053
1 384344 384386
1 403545 403567
0 968847 968848
1 68815 68817
1 607848 610366
0 600867 600884
1 341712 341718
1 98894 103924
1 493201 493204
0 1050249 1050284
1 520496 520525
1 8421 8889
0 442588 445226
0 45823 45824
0 1078284 1078285
1 163727 163728
0 930310 930327
1 523854 523910
1 952663 953596
1 842427 842429
1 524394 524395
0 975097 975172
1 699881 699882
1 897578 899593
0 116622 116624
1 922321 922425
1 1023377 1023378
0 548475 556177
1 784307 784308
0 1050224 1050553
0 295847 309399
1 639758 639759
1 13538 13539
1 936753 936755
1 969822 969823
0 256888 257000
0 893759 894237
1 611747 617471
1 1066078 1066081
1 217509 234957
0 328556 328557
1 16597 16605
1 444204 444734
1 11558 11722
0 775198 775248
1 178534 178749
0 914766 914911
1 782907 783256
1 602948 602957
0 288175 288692
1 1033167 1033168
1 551850 551854
0 241706 254281
1 587203 601426
0 37703 42100
0 403630 403631
1 185798 185800
0 796202 802564
1 438577 438858
0 859680 862915
1 14794 15082
1 977124 977221
1 351830 352207
1 1037936 1037938
1 670585 670849
1 31797 31799
1 864616 865125
0 44516 44517
0 489741 489766
1 547430 547431
0 44955 45021
1 943121 943122
1 755993 756037
0 179635 184485
0 84274 84829
1 860748 865844
1 955741 955849
0 1087634 1087635
1 112997 113032
1 831010 831032
1 212423 212424
1 918938 920325
1 226675 226676
1 124618 124623
1 168835 170700
0 960860 960973
1 267215 267273
1 129467 154713
1 374163 374439
1 817372 817373
1 994816 994817
1 324683 325119
0 1034127 1034128
1 970217 977258
1 8059 8684
1 212686 212694
0 427771 427780
0 167353 167377
0 379381 379461
0 161199 161200
1 817839 826417
1 207268 208430
1 717616 718303
1 357991 357992
1 207253 208390
0 727027 727047
1 644800 644801
1 1056839 1057122
1 302302 302303
1 846600 846602
0 934419 934424
1 510380 511434
0 357327 357633
1 56605 56606
1 908727 909090
1 886329 886367
1 598433 598472
0 136541 138150
1 133520 133631
1 994945 995104
1 25861 25961
1 291434 291477
1 132673 132678
0 175882 176045
1 315394 316486
0 699881 699882
0 248754 248756
1 861070 861090
1 548618 556234
1 767414 767444
1 101533 101534
0 32467 32480
1 618892 619776
1 119436 120241
0 214871 214873
1 975102 975113
1 775549 775563
1 901282 901283
1 675256 676799
1 471097 471278
1 833499 833514
0 220379 220492
1 715631 715723
1 928953 928974
1 949971 949974
1 1046970 1046976
0 530711 543450
1 167546 167558
1 319602 320061
1 207066 207069
1 517443 517444
1 415172 415175
1 745351 745448
0 205689 205692
0 842427 842429
0 1082811 1082815
0 670585 670849
1 831636 831642
0 674291 674292
1 379700 379948
1 45061 45070
1 221529 221530
1 1015797 1015798
1 145909 145938
0 741811 741812
0 362001 363200
0 371362 371365
1 514480 514481
1 506044 506445
1 549868 549869
0 881780 881784
0 545644 552575
1 828945 828947
1 847305 847323
1 327515 328908
1 585327 603785
1 942852 949584
1 495853 496706
1 332204 333126
1 492572 492894
1 698196 698197
1 740132 740134
1 291671 291696
1 878529 896002
0 326984 326989
1 276332 276347
0 730782 739405
1 934810 934820
1 656874 677066
0 66619 66620
1 852114 852118
0 817009 817123
1 598959 605785
1 106919 107493
1 1067284 1087222
0 934974 935283
1 252485 252507
0 482542 483023
1 422400 422559
0 779271 779272
1 338482 338761
1 984498 984516
1 316115 316116
1 27441 27442
1 669024 669111
1 1080142 1080143
1 767842 767844
1 869241 869242
1 738607 738608
1 943705 943868
0 735107 735108
1 285783 285784
1 473885 473893
1 282238 282241
1 1030675 1034808
0 674415 674439
1 797148 797149
1 619195 619542
1 735608 748664
1 739459 739620
1 286999 287006
0 398184 398186
0 374658 375610
0 1067556 1067557
1 935505 935507
1 1029429 1032551
1 913370 913371
1 688622 688636
0 446141 968808
0 654903 654904
1 1053565 1053567
1 719270 719272
1 399030 399559
1 570823 570831
0 62040 67486
0 237540 238585
1 261512 266460
1 807951 807952
0 715190 715791
1 679156 697012
0 979506 979508
1 146167 146168
1 987434 987435
1 960636 961592
0 313902 313904
1 591552 591553
1 919449 920317
1 292945 292947
1 591576 591577
0 653955 653964
0 465981 466062
0 409835 409871
0 218799 221689
1 410267 410349
1 160237 160239
0 428789 428790
1 288980 307876
0 1081048 1086106
0 982207 982219
1 268744 268746
0 915304 915315
1 685077 685078
1 994646 994647
1 420915 420916
0 316320 316321
1 233130 233137
0 537303 537755
0 1017772 1017777
1 576484 576485
1 1023340 1023341
1 13682 34277
1 131742 131772
0 910908 910920
1 242304 242419
1 574596 574814
0 582541 582542
0 638832 638833
0 183578 183579
1 299337 299364
1 646857 646858
1 892264 892269
0 733710 733711
1 368973 369420
0 440305 440430
1 868620 874548
1 508914 512861
1 781841 781897
0 451954 452076
1 456661 456662
1 373216 373217
1 105428 105465
0 807827 808739
1 381224 381252
0 529860 529981
0 406322 406324
1 483272 483273
1 770332 770344
1 85799 85800
1 195834 195861
1 589444 594098
1 481789 484281
1 1009607 1009608
1 600996 600999
1 261633 264426
0 551018 556698
0 326616 326617
1 455948 455949
1 806575 806576
1 451456 451459
0 968583 968585
0 768680 768702
0 178852 178882
1 704620 704929
0 634865 634866
1 66665 66666
1 452474 452475
1 408424 408425
0 209218 209219
1 836954 836959
0 494017 494539
1 255922 255970
1 82498 82499
0 994637 994645
1 89081 89083
1 964028 964048
1 689596 690686
1 977094 977142
1 298009 298018
1 460197 460198
1 943814 943815
1 238281 238349
1 660887 660889
0 469355 469590
1 700284 700400
1 947078 947091
1 618645 619452
0 610982 611036
0 259217 259365
0 543879 543887
1 983707 983708
0 437290 437530
1 819857 820301
1 474835 475444
1 1006432 1006730
1 387650 396105
0 34956 35950
1 1046985 1046986
0 350974 351234
0 492485 492487
1 406796 406798
1 81286 81411
1 473315 473316
0 1072722 1072724
1 674697 674713
1 146937 147013
0 406975 406997
0 518257 518258
1 726460 726531
1 813580 813581
1 18376 18387
1 1066322 1087847
0 132113 152968
1 883961 884193
1 829012 832432
1 886287 887949
1 814046 814048
0 820945 821659
0 759277 759278
1 222135 222136
0 353120 353122
1 123493 123495
0 1079891 1079893
0 582452 582510
0 68350 68673
1 363925 366366
1 402187 402188
1 510098 510106
1 314777 314780
1 262784 262806
1 199516 199519
0 108388 108519
0 803428 805285
1 574369 574370
1 92251 92254
1 275362 275384
1 642234 642236
1 846078 846091
0 674697 674713
0 560731 560812
0 240548 240680
1 644638 644640
0 1065539 1065540
1 14088 14089
0 7587 10518
0 426921 426923
0 78385 78387
1 681323 682273
1 989044 989045
0 165310 165915
1 685359 694130
0 387802 387803
1 534003 534004
1 871820 871995
1 971915 971944
0 149015 149022
1 172373 173272
1 336769 336771
1 25933 25942
1 459640 459644
1 486808 486827
1 451999 452020
1 1307 3791
1 17074 17087
0 272362 278514
0 656881 658436
0 1023404 1023596
1 994943 995090
1 727221 727222
1 71291 74145
0 606833 609226
1 234176 235407
0 1060081 1060099
1 1017639 1017641
1 160132 160133
1 455218 455224
0 520052 520053
1 521467 521469
0 781701 783498
1 709572 709578
1 1036539 1036540
1 800962 800964
1 284523 284669
0 703176 703177
0 288980 307876
1 387481 387483
1 405845 405846
1 1026826 1026827
1 369269 369309
1 78932 78940
1 1022956 1023428
0 569275 569276
1 174563 174574
1 392376 392390
1 1011940 1011941
1 37287 37292
1 481756 481758
0 946148 946150
0 428919 428939
1 894869 895016
0 914365 914366
0 360486 360850
1 824617 824619
1 279905 279909
1 528000 528001
1 353180 353315
1 622754 623194
1 846208 846209
1 1024698 1024699
1 13477 35339
1 27014 27016
1 682254 688541
1 820927 820928
0 114760 114761
1 675832 675833
1 936383 936384
1 445867 445874
0 310762 310764
0 991471 991472
0 707120 707228
1 87338 87339
0 1075512 1075514
1 127188 153935
0 218205 222671
0 196587 196624
1 443677 444112
1 345270 345691
1 741929 741930
1 525841 525843
0 693343 697086
1 191555 191556
1 191840 210761
1 1661 1662
1 78808 78809
0 561665 561759
1 713633 714024
1 1071060 1071075
1 891488 891490
1 26954 36388
1 369235 370282
0 149189 149190
1 941185 950426
1 404408 404420
1 205531 205538
1 400233 400234
1 1005476 1013765
1 558326 559211
0 529205 529211
1 1067695 1068352
1 141247 141250
0 594733 594750
0 335718 335886
1 371754 371756
0 166809 166810
1 18729 18730
1 268082 268084
1 360690 360905
1 746021 746027
0 742442 742454
1 142845 143211
1 746560 746561
1 1055596 1055597
1 665881 665882
0 277771 284209
1 671513 671514
1 864590 864591
1 387228 387230
0 313 1059823
1 321054 321056
0 164888 164897
1 420522 420526
0 811134 812383
1 1021356 1022242
0 1077005 1077006
1 240680 913150
1 498383 498395
0 387341 387343
1 1046717 1046719
0 1023059 1023060
1 66802 66803
1 767405 767511
1 180455 185456
0 363353 363660
1 483301 484784
1 619869 626617
1 112404 112406
1 1038206 1038207
0 643371 643372
1 136754 136778
1 316052 316054
1 665473 674468
1 269126 269127
1 609083 617646
1 54765 55475
0 805421 805529
1 453448 453449
1 280740 280744
0 225622 225709
0 699360 699981
0 812181 812182
0 773258 773259
1 248648 248810
1 378321 378547
1 831965 831968
1 1066342 1066343
0 805920 805921
1 569270 569271
1 1024677 1024680
1 1078316 1078328
1 675536 677429
0 528000 528001
0 52172 52173
1 771729 771730
0 822046 822050
1 1075814 1081012
1 37589 37592
1 430739 431016
1 953099 953441
1 390695 390700
1 684378 684379
1 115427 115682
1 57686 57689
1 654029 654035
1 599781 599782
0 1054449 1054450
1 465805 465810
1 244504 244523
1 9443 10019
0 619079 619080
1 256171 257981
0 800885 800886
1 769844 770019
1 883015 883465
1 74129 74130
1 687771 687779
1 915000 915002
1 143069 143108
1 678742 678760
1 225890 226064
1 148021 602222
1 23500 31079
1 442982 442983
1 301303 301304
1 112691 112692
1 96420 96429
1 1060026 1060027
1 672240 672241
1 969726 970159
1 315207 315208
1 446923 446925
0 599590 599598
1 453281 453282
1 449136 449515
1 23144 23151
1 872048 875736
1 150045 150047
0 780819 781530
1 1017776 1017778
0 549981 549985
1 708418 708574
1 202628 850276
1 1022747 1022748
1 692532 695429
1 849421 849463
1 667386 667407
1 667530 677573
1 980324 986800
0 520245 520428
0 74635 74636
1 781978 781979
1 517706 517758
0 687713 687714
1 569728 569730
1 829480 829484
0 81505 81563
1 611754 611755
0 869874 877159
1 520005 520006
1 735897 735903
0 791770 791800
1 439912 439925
1 103520 103521
1 211241 213029
1 373838 373840
1 781103 781104
1 385152 385169
1 86281 86303
1 774599 774600
1 781115 781468
1 858498 858545
1 1071243 1071244
1 378576 378746
1 228047 228049
1 237765 237780
0 202392 202395
0 287931 287933
0 762236 762252
1 204074 210880
0 435192 435197
1 758793 758811
1 531950 531951
1 393495 393497
1 994358 994360
1 412362 412376
1 842789 842792
1 869862 869863
1 446477 446485
1 358080 364869
1 236833 236834
1 586651 586652
0 856932 866948
0 597210 597235
1 564329 564340
1 577255 577257
1 594011 605233
1 941208 941210
1 554369 554370
1 736913 737998
1 687640 687654
1 144380 144382
1 767294 767851
1 898039 900318
1 1056694 1056695
0 903425 903426
1 298612 298613
1 864893 864914
0 787719 787722
1 792859 792864
1 794830 794831
1 134263 134337
1 318702 319087
1 333222 333223
0 895032 895037
1 684831 684839
1 988042 988043
1 682007 682008
1 147694 147701
1 960500 960515
1 598118 598119
1 671742 673345
1 1023850 1025050
1 980497 987035
0 191109 210674
1 442704 442706
1 601394 601396
1 451377 451587
0 736133 736134
0 963806 963819
1 1080420 1080422
1 595035 603627
1 639467 639470
0 581285 581293
1 899331 899332
1 338784 338937
1 1076762 1076765
1 538515 538521
1 190398 190404
1 736715 736722
1 842476 842480
1 145364 146016
1 918269 918350
1 846192 846193
1 199970 199982
1 673804 673806
1 406960 406961
1 25571 25572
1 532347 534841
1 109566 109568
0 481746 481843
1 764422 764428
1 27144 27145
1 411996 412020
1 592854 592877
1 252797 252896
1 789257 801344
0 115784 116162
0 566110 566111
1 961735 961737
1 557899 560522
0 528202 538739
0 925104 925116
0 112459 112464
1 806881 807073
1 647749 651620
1 355920 356424
0 23530 23675
1 634824 634826
1 280578 280850
1 17857 17908
0 534644 534656
1 736143 736144
1 182784 182795
1 68190 68315
1 1064156 1065094
1 1039269 1039508
1 901509 901533
1 393106 393110
1 157840 157857
1 479968 479970
1 738687 739176
0 504641 504642
1 908647 908668
1 893877 893883
1 345775 345862
1 88263 88278
0 687771 687779
1 638866 639865
0 686971 686973
0 325345 325346
1 97965 97966
0 469318 469687
0 700720 700931
1 1014092 1014594
1 361579 361580
1 833091 833157
0 819376 819377
0 619130 619135
1 151627 155752
0 370252 370265
1 566560 566595
1 348106 348114
1 28175 28177
1 860149 865492
0 326466 326468
1 821305 821310
1 783978 783979
0 369201 369225
0 483341 484432
1 162788 169851
1 475076 475142
1 369777 975609
1 850182 850186
1 700139 700142
1 827556 827557
0 439939 439958
0 648292 648335
1 755571 755572
1 131733 151294
1 750643 750645
1 135083 135085
1 1053027 1053028
1 200973 201276
1 475043 1027178
0 391054 391057
0 924985 924986
1 927534 936867
0 165244 166183
1 712661 713200
0 1024079 1024147
1 379955 380039
1 590501 590502
1 446579 446591
0 607406 611707
0 992193 1000361
1 944500 944504
0 313288 313290
0 853216 853218
1 218571 225312
1 740023 740030
1 224079 226033
0 947130 947163
1 1009290 1009299
1 1080350 1080353
1 940566 940568
1 41941 41950
1 631493 631494
1 265540 265541
1 1036951 1036952
1 379101 379107
1 314631 314635
1 332878 332879
1 26001 26029
1 391676 391677
1 442714 457572
0 441720 441723
0 815638 815649
1 766075 777239
0 1082062 1082064
0 769712 769714
1 1019607 1024419
1 654815 654817
0 480192 480193
0 604895 604896
1 188543 215404
1 680798 680809
0 372737 372806
1 490834 498733
0 313070 313273
0 1064489 1064519
0 1000392 1000393
1 1055914 1055915
1 372763 381548
0 1056566 1056586
1 446096 446123
1 346448 346672
1 910681 910688
1 259497 265778
0 662266 662267
1 882739 893591
1 1086187 1086189
0 474835 475444
1 825936 825937
0 181760 181761
0 372763 381548
1 221144 223543
1 593663 593664
1 176182 176184
1 140000 140001
1 3684 3686
1 278745 278751
0 625339 626813
1 611022 616540
0 1064432 1064434
1 285732 285797
1 536081 536140
0 272415 272416
1 360453 360471
0 125130 126511
0 887437 888586
1 572883 572935
1 680212 680318
1 52398 52408
1 327388 327394
1 242449 242450
1 708438 709498
0 413986 413988
1 692629 692632
0 40345 40356
1 225635 225636
1 426341 426344
1 425922 425943
1 875336 875526
1 991704 991705
1 441168 441226
1 202432 202434
0 557252 557279
0 1085046 1090497
1 42590 42748
1 1055302 1055303
0 30792 31233
1 1055095 1055127
1 683445 683461
1 664598 664782
1 867317 868439
0 726590 726615
1 355196 355198
1 698622 698633
1 1042979 1042983
0 1043843 1043845
1 546058 546059
1 442938 442941
0 839561 839641
1 1061368 1061419
1 607986 608161
1 18433 18434
1 927597 927598
0 386032 386033
0 302028 303782
1 30450 30451
1 496585 496841
1 446500 446506
1 821299 821300
1 724236 724238
1 1045350 1045351
1 43882 55661
1 664574 664576
1 367768 371134
1 285093 293612
1 626426 627323
1 374688 374689
1 796213 796215
0 2841 2842
1 827549 827550
1 638961 638963
1 589864 589976
1 441405 553582
1 378921 379827
0 264773 264789
0 817956 823418
1 351792 351798
0 818982 826888
0 611485 611486
1 883178 883179
0 989597 989599
1 62354 63012
1 933999 934000
0 284505 284547
1 296724 309279
1 611615 612232
0 1054961 1054963
0 598118 598119
1 717266 717267
0 887063 887079
0 443485 457237
0 120542 120855
1 277075 277080
0 685269 685275
1 31135 31139
1 210098 210122
0 22084 22085
1 640669 640671
1 1007610 1007611
1 1078703 1078726
0 851372 851392
0 178534 178749
1 888712 888714
1 701610 701661
1 637681 637702
0 1081833 1081846
0 797425 797429
1 882779 882782
1 308148 308609
0 438902 438903
1 1015571 1015579
1 481459 481463
1 712618 712787
0 539013 539020
0 40518 40595
1 462730 462764
1 406137 406148
1 796854 796863
1 101563 101564
1 1026345 1026346
1 871930 871934
1 110989 124870
1 878524 889651
1 235347 235348
0 1047901 1047902
1 658846 658887
1 53206 53496
0 99061 99068
1 267970 269546
0 73671 73672
1 637121 637125
0 790856 790885
1 750720 750730
1 356961 356971
0 387901 387903
0 358374 358376
1 659327 659333
1 2842 3318
0 301777 301793
1 285490 285493
1 212388 212391
0 82350 91374
1 791943 791945
1 719 721
1 883699 883700
1 1041287 1041365
0 852488 852490
1 459228 459229
0 408424 408425
1 538512 544429
1 870480 870487
1 59633 59634
1 167026 167031
1 73386 73387
1 762180 762190
1 465432 465437
0 382896 382929
1 941755 941756
1 775575 775628
0 833502 833542
1 302893 302894
0 471199 471200
1 492984 492986
1 132852 132898
0 407596 407599
0 759553 759973
1 520999 521001
0 1032395 1050256
1 819340 819341
0 635513 635515
1 979644 979645
0 990251 990867
0 847015 847019
1 71079 71080
0 595198 595201
0 727079 727210
0 853857 853869
1 550414 550698
0 96218 108317
1 613837 614150
1 524548 524552
1 368679 368719
1 212395 212396
0 144845 144851
1 141869 141883
1 1880 1881
1 427391 432914
1 526682 526684
1 253911 254197
0 417370 420624
1 986962 986963
0 425950 425955
0 703841 703845
1 653771 653802
1 613074 614076
0 140562 151227
1 501131 501320
1 40659 40660
1 519303 519304
1 140909 140910
0 542047 542156
1 174639 183856
1 95001 95003
1 974581 974614
0 881751 882871
1 288520 288543
1 839431 839432
1 462028 462987
0 875722 875723
1 74114 74115
0 715318 715756
0 180948 184966
1 609728 609730
1 982878 982879
0 687062 694397
1 90272 90369
1 614214 614678
0 23670 23746
0 921149 921151
1 935287 935289
1 283350 283352
1 1036922 1037042
0 886287 887949
1 711858 711859
0 1002276 1009357
1 885469 885470
0 649251 652142
0 39012 39013
0 56566 56569
1 697822 697840
0 274429 281571
1 488082 488090
0 1021036 1022525
1 200261 207339
1 1061536 1062063
1 815090 815867
1 573481 573508
1 880698 880699
1 758919 758920
1 431878 432791
1 12672 12675
0 80630 80632
0 771300 771304
1 482538 483025
1 609665 609666
1 308229 310092
1 14041 14042
1 1063106 1088937
1 510928 510929
1 709111 709118
1 97246 97268
1 117534 117535
1 162650 162655
1 836705 847642
0 847890 847891
1 1012183 1012184
1 622218 622219
1 463213 463215
1 1016885 1017051
1 607287 607288
1 752294 752610
1 610193 616897
0 285633 285646
0 986040 986101
1 520430 520436
1 319650 319672
1 583590 628313
1 177167 177182
1 939780 939801
1 762199 762201
1 535295 535687
1 199684 199687
1 272106 272110
0 14350 14382
0 248283 248684
0 332176 332178
0 836325 845806
0 159675 170249
1 687421 687914
1 539026 539534
0 912456 912608
1 806055 806180
1 647437 647438
1 411912 411913
0 30279 30281
0 412331 412383
1 486455 496902
1 1071187 1086280
0 941229 950550
0 827549 827550
1 554054 554072
1 300489 300561
0 318173 318174
1 572413 572414
1 832208 832220
0 203929 204615
1 659166 659167
0 645451 647330
0 653792 653816
1 837297 837302
1 1053710 1053843
1 860965 860966
1 157489 157491
1 443471 443473
1 647156 647263
1 107958 107960
0 568565 568566
1 573000 573001
0 588070 588074
1 721645 721647
1 1068247 1068250
1 571894 571911
0 666759 666763
1 789200 789201
1 687633 687634
0 50769 50779
0 113073 113074
1 305157 305169
0 303472 303476
0 1047891 1047892
1 939577 939579
1 993877 993937
1 238886 238887
1 190186 193691
1 714426 714559
1 987590 987594
1 1067023 1067042
1 1028038 1028039
1 1003733 1004078
1 323956 324676
1 731772 731773
0 781218 781226
1 1075839 1075840
1 886219 887563
1 943182 943183
1 64106 64114
1 890302 890313
1 416279 416280
1 313665 314161
1 329310 329471
1 319606 319613
1 732078 732841
1 991581 996955
1 383844 384206
1 730123 730124
1 828145 828164
1 266109 266112
1 649584 649792
1 798494 798503
0 167280 167564
0 624737 624792
1 973262 973328
1 738048 745671
1 410268 410293
1 438702 438718
0 840092 841935
1 322278 322279
0 329620 329693
0 907978 907983
0 11558 11722
1 194438 194439
1 380588 380590
1 217807 233102
0 596231 596232
1 973527 973542
0 350346 350347
1 251899 251901
0 142566 142567
1 1077982 1077984
1 443484 444375
1 973902 973903
1 733591 733601
0 715909 715910
0 77851 77852
1 380563 380638
1 41138 41159
1 540440 540856
1 656903 656911
1 1073252 1073254
0 771319 771326
0 659847 659852
1 357304 357305
1 855264 855265
1 175267 175268
0 570026 570027
0 89908 90029
0 620209 620238
0 790487 790488
0 521231 521232
1 719472 719475
1 341790 341809
1 994829 994830
0 913255 913373
1 506290 506737
1 722805 722806
0 454466 454472
1 721644 721645
1 863030 863784
1 44129 44130
1 260098 260099
1 98498 98501
1 957919 957920
1 775399 776333
0 954391 954392
0 531057 531058
1 785033 785245
1 848008 848410
0 232703 232724
0 262166 262167
1 747331 749438
1 542516 542517
1 33609 33610
1 433999 434043
1 392668 392673
1 720895 720926
1 1040096 1040296
1 647009 647017
1 1073141 1073142
1 829484 829494
1 594369 594370
0 38177 39078
1 614697 614698
1 229857 230309
1 1024037 1024039
1 660647 660652
1 726025 726308
1 491919 491931
1 989272 997557
1 905477 905973
0 681743 681746
1 763341 763348
1 509920 509987
0 812993 813276
0 554242 554243
1 26178 26285
1 1003974 1004142
1 250121 250122
1 97050 97053
1 748991 748992
1 641169 641170
0 939393 939396
0 922954 926276
1 177323 177653
1 291682 291685
0 880852 880853
1 839033 839036
1 419501 419508
1 716200 716323
1 678887 678888
1 389258 389259
1 38518 38889
1 436115 436249
0 633825 633836
1 233275 233279
0 935447 935459
1 663451 663453
1 697835 699277
1 393019 393020
1 1081651 1081666
1 636156 636157
1 865367 865376
0 426426 426439
1 1045534 1046937
1 607560 615178
1 357816 361784
1 559863 559865
1 384887 386626
1 326433 326478
1 619244 630366
1 276315 276318
0 672327 672494
0 410962 410981
1 972333 972607
1 667707 667711
1 834148 834155
1 378259 378260
0 802434 802435
0 488671 492849
1 708402 708901
1 374177 381935
0 333410 333414
1 237163 237187
0 215253 215255
1 838858 839317
1 471030 471031
1 576687 576688
1 233866 233875
1 485527 485528
1 931104 931105
1 799004 799025
1 320792 320934
1 595381 604971
1 407203 407204
1 624159 626764
1 739854 739855
1 1004758 1011485
1 393588 393595
1 104917 104919
1 330230 330239
0 858498 858545
1 1047394 1047405
1 2877 2912
0 344 345
1 507419 507782
1 7828 8525
1 1042541 1042542
0 1016885 1017051
1 732871 746617
1 97940 97942
1 94303 94304
1 197490 197540
0 979659 979943
1 1035535 1035536
1 118050 124497
0 161515 161522
1 862386 862390
0 236410 236416
1 573058 573060
0 1000714 1000715
1 157845 161647
0 462400 462411
1 752986 752990
0 392942 392943
1 219733 219735
1 97545 97548
1 399287 399298
1 77618 77844
1 220901 220931
0 106332 106336
1 873797 873932
1 618480 618481
1 241079 241125
0 55932 56151
1 739692 747775
1 542544 542549
1 878768 878769
1 510838 511228
1 100292 100293
1 922990 922998
1 388793 388802
1 743648 743649
0 1077223 1077224
1 89770 89806
1 674995 674996
1 930708 930985
1 1043515 1043582
1 802320 802327
1 620557 621082
1 404862 404863
0 421075 421085
1 150094 152723
1 700902 701429
1 58344 58346
1 868889 868904
1 182256 182274
1 648123 650908
1 426588 426589
1 52440 52443
1 978859 978860
0 135271 135283
1 796509 796586
0 118864 118887
1 827765 827807
1 24376 25135
0 44491 48711
0 75495 75880
1 784535 784536
1 679711 679713
0 751868 751905
0 97618 97625
0 411626 414939
1 338576 338600
1 891685 891696
0 663099 663180
1 776818 776823
1 549221 549884
1 345779 345780
0 500961 500963
1 610534 610535
1 1015811 1029007
0 828540 828541
1 260908 260913
1 447327 447328
0 922416 922417
0 1044866 1044894
0 339860 339888
1 903662 903663
1 172746 172747
1 1068498 1068501
1 493835 493836
1 319232 319235
1 654027 654028
1 908195 908214
1 1037150 1037313
1 764801 764803
0 1661 1662
1 357249 357250
0 21237 21241
0 496782 496978
0 196161 196166
1 993552 993553
1 389527 389531
0 493896 494293
1 545651 545657
1 149339 149349
1 119937 119947
0 898649 899048
1 47516 47538
1 364212 364218
0 239402 239434
0 1018 3214
1 838367 854602
1 261093 261324
1 516490 517002
0 300034 307889
0 1043261 1043262
0 906636 906637
1 500532 500536
1 102355 102356
0 528673 528674
1 692243 692997
1 913954 916317
1 665528 665619
0 577764 577821
0 822790 822791
0 27209 27295
1 467480 467882
1 1079919 1079920
1 262926 262927
1 822954 822955
0 20449 20450
1 875695 875696
0 313372 313373
0 42679 42680
1 990583 990974
1 637706 637714
0 828945 828947
1 1013956 1013958
0 285622 285627
1 562339 562340
1 357299 357309
1 852585 852595
0 94303 94304
0 188928 188929
0 799226 799228
1 1064241 1064270
1 202830 202833
1 1016568 1016589
1 294921 294922
1 566449 566510
1 438604 438851
1 438706 438721
1 1037419 1037420
0 1036130 1036131
1 789404 789405
1 627861 627879
1 39033 39071
1 579521 579522
1 375227 375566
1 975216 975229
1 1056764 1056765
1 823222 823607
1 454792 454793
1 219146 219147
0 840713 840718
1 768600 768601
1 316728 316729
1 391179 391180
1 1070070 1075813
1 410451 410468
1 1025247 1025252
0 940968 940981
0 928149 928156
1 62003 62004
0 738056 738057
1 117105 117107
0 1035556 1035557
0 649875 650085
1 259332 259333
1 852516 852835
0 569420 569423
1 362362 363141
1 653970 653972
0 239184 239185
0 832208 832220
0 87969 87983
1 631711 650828
0 907150 907163
1 753000 754143
0 8557 8675
1 746090 746093
1 315756 315759
0 1013323 1013324
1 41048 41067
1 896797 896801
1 849561 849563
1 276876 276881
1 867970 867971
1 383894 383898
1 688605 688606
1 613655 613656
0 187122 187937
0 264295 264296
1 487500 487502
1 999787 999788
1 557831 557832
1 688738 688739
1 647116 647121
0 71248 71310
1 870497 870498
1 578261 578264
1 597732 597733
1 84044 84046
1 205248 205261
0 290864 290865
0 429597 429740
1 253117 253119
0 803663 804641
1 95971 95972
1 979035 979043
0 761937 761938
0 986035 986068
1 840512 840513
1 111761 112201
1 803643 803644
1 40012 40054
1 467906 467953
1 878379 878393
1 879465 879466
0 238635 238668
1 347632 347641
1 869481 869489
1 976932 977099
0 182730 182734
1 359122 359123
1 1061575 1061576
0 93332 93333
1 200472 200477
1 257261 257263
1 915473 915475
0 14404 14405
1 785895 785896
1 177342 177648
1 456144 456179
1 13029 13197
0 570680 570730
0 1014995 1015108
1 114794 114798
0 424457 424464
1 822506 822509
1 114768 114775
0 558428 560036
0 310984 310988
0 232655 235523
1 1084588 1088522
1 859758 859759
1 1072918 1090133
1 325299 325312
1 667550 667571
1 451498 451499
1 206499 206553
0 720173 720186
0 785562 785563
1 69041 69042
1 98137 107975
1 778435 778990
0 312059 312364
0 193570 207103
1 269707 269983
0 915473 915475
0 400723 400730
0 267899 267904
1 231950 231951
1 437252 437253
1 896025 896026
0 709346 710489
0 842476 842480
0 130555 634489
1 247035 247037
1 859062 859069
1 694359 694360
1 848204 848207
0 1080797 1080798
0 82498 82499
1 536197 537803
0 782907 783256
1 319705 319707
0 987562 987563
1 383198 383346
0 434011 434014
1 197805 215623
0 225798 225800
1 367715 367759
1 60247 60248
1 553165 553166
0 249842 249877
0 771039 771043
1 269652 269653
0 570398 570400
1 383633 383635
1 750946 750948
0 65437 65446
0 420130 433334
1 973534 973535
0 487132 487139
1 225853 233263
1 744623 744660
1 100707 100781
1 758494 758497
1 657415 663713
1 552773 553216
1 649963 649964
1 325873 325879
1 532476 535197
1 710534 713072
0 145340 146187
1 761608 761609
1 483483 483484
1 971450 971457
1 456222 456225
1 998498 998508
0 909389 910116
1 915350 915803
1 842436 842441
1 839796 839798
1 368884 368912
1 767941 767980
1 599055 599070
1 289930 289931
1 777264 777265
1 568041 568045
0 718350 718351
0 104320 104325
0 268082 268084
1 945448 949198
1 587543 587544
1 1005991 1005992
1 752892 756524
0 848775 848847
1 38188 38190
1 408602 408604
0 923972 923979
0 308810 308811
1 1053665 1053666
0 924359 924378
1 655376 655377
1 459449 461687
1 819443 819444
1 186893 187681
1 486031 487566
1 1080584 1080585
1 350145 354741
0 116256 116414
1 11216 11802
1 237921 237933
1 292699 292738
0 823964 823966
1 710949 711195
1 37160 37161
1 611764 612357
1 9497 10069
0 142125 142231
0 702395 702396
1 864997 865003
1 374163 374165
0 690789 690791
1 111303 111308
0 712000 713093
0 398290 398461
1 328076 332999
0 67898 76270
1 1023169 1023171
1 930028 930029
0 838006 838007
1 5011 5012
0 546585 556296
1 20144 20149
1 618130 618132
1 963337 963341
1 923885 923887
1 596578 596632
0 542461 542468
1 880894 886338
1 109683 109684
0 936174 936187
1 698453 698467
0 317663 317665
1 893208 893388
1 445529 445531
0 315828 315831
0 597082 597083
1 260426 260436
1 874263 874265
1 307511 307514
0 731467 731472
1 678839 679027
0 17543 18266
1 819010 819014
1 461895 461909
0 989207 989208
0 251172 251201
0 923885 923887
0 691186 691187
1 15053 15058
0 689753 689758
0 239452 239463
1 883750 883751
1 258830 258879
0 165616 166031
1 1058761 1058763
0 1024698 1024699
1 758183 758190
1 679112 679113
1 990299 990300
1 185496 185497
0 1053963 1053965
0 186878 211719
1 918565 918566
1 469460 469463
1 704871 704873
1 502059 503965
1 42292 42293
1 324219 324238
1 685329 685335
0 597111 597114
0 757363 757641
1 882175 888731
0 946852 946985
1 633205 650825
0 753430 753433
1 800030 800032
1 660979 677577
1 974973 974974
1 573366 579964
1 388807 389281
0 190785 190938
1 822724 822937
0 153644 153645
0 30210 30473
1 930945 930947
1 1075818 1081281
1 38366 38367
1 587876 588248
1 716252 716253
0 893683 894675
1 864081 864089
1 561242 561243
1 965162 965164
1 754129 754133
1 372881 372924
0 849217 849218
1 573400 573438
1 487830 487839
1 745220 745223
1 789215 789216
1 97139 97145
1 958450 959447
1 416604 416606
1 176189 176646
1 17002 34458
1 552095 552795
1 930583 930965
0 779215 779216
0 838229 838230
0 550155 550650
1 1007577 1007578
0 139408 139409
1 275668 275669
1 945753 947115
1 1029279 1029282
1 1043574 1043593
1 851067 851069
1 278703 278717
1 261664 266462
1 667266 667267
1 522128 526942
1 522870 522895
1 418928 418933
1 764285 764286
1 775543 775545
1 686414 686455
1 1065168 1081851
0 359312 362095
1 700601 700651
0 458766 458773
0 157489 157491
0 1001737 1001747
1 88932 88963
0 416884 416885
1 647688 647689
0 1025354 1025355
0 111160 111356
0 229648 229649
1 971544 971708
1 1023847 1023935
0 885209 885211
1 123259 123971
1 126400 126401
1 323788 324976
1 847258 847706
1 686141 686160
1 834570 834575
0 391849 391853
1 627599 627607
1 805584 806275
1 597995 598181
1 361525 361533
1 972410 972416
1 460682 460714
1 1033115 1033117
0 912780 912782
1 909262 909271
1 659109 659110
1 930601 930713
0 465751 469579
1 1062388 1062397
0 714426 714559
1 880224 880272
1 158818 158820
0 374167 374590
1 162724 169185
1 701468 701493
0 327248 327249
0 225824 232809
1 828042 828062
1 571998 571999
1 840921 840927
1 321552 321554
1 82033 83316
0 993088 995524
1 954662 955406
1 357241 357252
0 769102 769103
0 182839 182851
1 150165 150182
1 565236 565237
1 249532 249711
0 909922 909923
0 787650 787805
1 110371 110396
1 624852 626883
1 302762 302770
1 661926 673246
0 740450 740683
1 69325 72610
1 85227 86136
1 370929 381722
1 1045267 1052861
0 624880 626789
1 304644 415296
1 165803 165805
0 576711 576712
0 705077 705079
1 708087 708088
0 786400 786451
0 166236 170002
0 580762 580787
0 1054272 1054789
1 1000484 1000485
1 939875 939876
1 882451 882834
1 742697 742698
1 1076096 1076097
0 985605 985643
0 1040765 1040770
1 547564 547565
1 406154 406182
1 301114 301134
1 497689 497690
1 628792 628801
1 588423 588425
1 1075038 1075046
0 493295 493754
1 517357 517358
1 1032099 1032102
1 883651 884061
1 669224 669429
1 1062439 1062440
0 700593 701047
1 862464 867238
1 627094 627280
0 58099 69744
0 945177 945188
1 239394 239403
1 364170 364171
1 679664 680047
1 724787 725274
1 768719 770144
1 751062 751064
1 811453 811454
1 251458 251459
1 602177 602180
0 973702 973779
0 135156 135158
1 187237 206617
1 700644 700645
1 622262 622263
1 45852 45894
1 1017129 1017133
1 664298 664301
0 1013664 1013667
1 448042 448043
1 36926 38800
1 1079911 1079912
0 1070595 1070598
0 29285 29290
1 125107 125271
1 165725 166112
1 108240 108748
0 994896 994897
1 259639 266673
1 428675 428676
0 350792 351960
0 733049 733063
0 164175 164176
1 943555 943562
0 574933 574934
1 632534 632535
1 6857 6874
1 954759 954772
0 793975 794068
1 1087946 1087947
1 252474 252475
1 278402 278403
0 273217 273333
0 317268 317760
1 765 766
1 894755 894756
0 86467 86468
0 1016003 1016432
1 1046158 1046163
0 586422 586470
1 302733 302734
1 176790 176792
1 658768 658769
0 844405 844406
1 738915 749786
1 656762 656764
1 557702 557863
1 740108 740112
1 448818 448819
1 664837 664841
1 969905 970327
1 237579 237580
0 911167 911184
1 23664 23689
1 1005312 1005313
1 441550 441551
0 348747 349717
0 855456 855632
1 553142 553331
0 547253 547359
1 668009 668011
0 337489 337490
0 341409 341410
1 505984 505985
0 682545 682626
1 939029 939032
0 546335 546530
0 831254 831256
1 584409 585377
1 302511 302513
1 48017 53313
0 906295 921737
0 775543 775545
0 29183 29729
1 122474 122475
1 930646 930686
1 960471 960473
1 501980 501990
0 526437 526438
1 872599 872627
0 379218 381444
1 841003 841007
1 388652 388653
1 232412 232547
1 646242 646243
0 533378 533379
1 1065268 1065269
1 642289 642301
1 803618 803631
0 658458 658525
1 1081497 1081501
1 958499 958500
1 776376 776381
1 974314 974325
1 1182 1209
1 1064558 1064579
0 884545 885370
1 525474 525475
1 782188 782189
1 1070852 1085314
1 172451 175473
1 712114 712533
1 1064985 1065056
1 521941 526586
0 766457 766458
1 659038 659039
0 601871 601883
1 322862 322864
0 131276 131278
1 862810 862814
1 648651 648905
1 405226 405397
0 349351 349383
1 594317 603855
1 234894 234901
1 108709 108712
0 1020282 1020283
1 891659 895882
0 534215 534217
1 772067 772068
0 1032907 1041659
1 939015 939017
1 1075078 1075092
1 166506 166507
1 668627 668628
0 637060 639950
1 24794 24799
0 221144 223543
1 947887 947907
1 781996 782016
1 28478 34656
0 240750 240751
1 762218 762219
0 58229 63367
1 998841 998904
0 152331 152334
0 302613 302644
0 947042 947043
1 970360 971035
1 794447 794479
0 771915 771983
1 381256 381257
1 145312 146025
1 212139 215695
1 119764 119778
1 894057 894058
1 1081264 1083332
1 456469 456487
0 545555 545558
1 960406 967631
1 1076465 1076473
0 1068697 1074527
1 1072538 1072545
0 106735 109851
1 200373 200541
0 491778 492847
1 625027 626842
0 895225 895250
1 112844 113052
1 106029 106041
1 912313 912323
0 877552 877755
1 850261 851141
0 660244 660246
0 662018 662019
1 517748 517749
1 388581 388582
0 377425 377430
1 521054 521055
1 755431 778502
1 831480 831507
1 231956 231958
1 338101 338683
1 582788 582789
1 722583 722584
1 446801 446969
0 466784 466789
0 560122 560326
0 503707 503951
0 614518 614926
1 1063173 1063781
1 168337 168417
1 338330 338831
1 773996 774104
1 204012 204025
1 370392 370410
0 96830 96843
1 448198 448201
1 1079126 1086485
0 316890 317117
1 60616 60633
1 885583 885586
0 62556 62561
0 443584 443585
1 934388 934389
1 903228 903229
1 377618 377910
1 878610 878819
1 758914 766645
1 743336 743547
1 55602 55604
0 641455 641456
1 798285 798654
1 622747 622768
1 312283 312285
1 298535 299937
1 625516 626796
1 300537 300547
0 807442 807539
1 565602 565604
0 848538 848539
0 1021938 1022323
1 890364 890628
1 475289 475290
1 687482 687493
1 119795 123509
0 93164 93328
1 763328 763337
1 120702 120703
1 502461 502573
0 763018 763634
0 298528 298530
1 845925 845957
1 227315 227319
1 208677 208714
1 902455 902467
1 453812 453847
1 117141 117142
1 734547 734947
1 136254 136300
1 960233 961513
1 635867 635877
1 284780 305195
1 1083811 1083812
1 29448 29449
0 919093 919134
1 845337 845415
1 1049291 1049292
1 551936 556720
1 1049853 1049866
0 928257 928393
0 917022 917030
0 970360 971035
1 729087 729088
0 1055836 1059454
1 52570 52572
0 753299 753300
1 1007898 1007913
1 446805 446956
1 859105 859107
0 317601 317603
1 668251 668261
1 189684 189686
1 392978 393078
0 1058428 1058430
1 1025618 1025619
1 867881 867884
0 237121 237131
0 515694 515746
1 194136 195751
0 296691 296823
0 237579 237580
0 221123 222647
1 701742 706887
0 60936 60938
1 990772 990981
0 353258 353269
1 576993 576994
1 87 94
1 461079 461081
1 185650 185651
1 513544 513545
1 17404 17407
1 1056803 1056804
1 435582 435608
1 257894 257897
1 652522 652909
1 130207 130208
0 702066 702254
1 119083 119084
1 1061334 1061336
0 830697 830698
1 246648 247292
1 1007034 1007037
0 379477 379478
1 680235 680240
1 106305 106306
1 782975 807573
1 149582 149586
1 992796 992797
0 498383 498395
1 112741 112747
0 23841 23852
1 925714 925715
1 696949 696956
1 694931 694932
0 861735 862514
0 588884 601937
1 221790 223312
1 745573 745579
0 925155 925156
1 710978 711250
1 233839 233845
1 653593 653594
0 100913 100914
1 194817 195034
1 963036 963037
1 862358 862379
1 1074365 1074366
1 897756 898308
1 119230 119315
0 129374 129376
1 386471 389712
1 465097 465099
0 140703 140706
0 14406 14422
1 711518 714285
1 82681 82682
0 382 802
1 300797 300829
0 174946 174947
1 455374 455376
0 597852 597854
1 12860 12861
0 631493 631494
1 366577 366760
1 241468 241469
0 791701 791703
1 42955 42963
1 1055118 1055520
1 1057120 1057125
1 382676 386618
1 722564 722841
1 703059 703062
1 27817 27847
0 428509 428511
1 881325 893020
1 1019015 1019017
0 324070 324084
1 595013 595018
1 861407 868260
1 50601 50645
1 846510 846796
0 559596 559602
0 1037501 1039446
1 529848 530022
1 294534 294568
0 907858 907859
1 186311 186319
1 782580 782889
0 190182 190406
0 238625 238633
1 157728 157729
1 219708 219893
0 1084532 1088503
1 39147 39164
1 701695 873632
1 981621 981739
0 44630 44740
0 220738 223650
1 515196 515494
0 638907 638936
1 912177 912178
1 764875 764876
0 620473 620503
1 293343 293345
1 360813 360832
1 16029 16268
1 410555 414425
0 931241 931452
1 657436 657440
1 877686 896164
1 1066511 1066691
1 316829 317235
1 115854 115858
1 443202 443204
1 987456 988384
0 476886 477854
1 518432 561827
0 230144 230285
0 1015622 1016018
0 908583 920429
1 673450 673710
1 143040 143042
0 43980 43981
1 652974 653013
1 819672 820140
0 344997 345043
1 242356 242361
1 279828 280212
0 1045437 1045489
0 262874 262894
1 955052 955053
0 256165 256232
0 594971 603659
1 46649 46650
1 600265 600266
0 423120 423121
1 828616 828619
0 87911 87915
1 163321 169710
0 724831 729049
1 250727 250728
1 337497 337499
1 22193 22200
0 1026554 1026555
0 841502 841504
1 547135 556346
1 285493 285497
1 851740 854540
1 332376 332381
1 73170 73171
1 93982 94180
0 618771 618772
0 1006391 1006405
0 1047215 1047216
1 397048 397235
0 376006 382105
1 644311 644324
1 271411 282276
1 1062173 1081179
0 647688 647689
1 130782 130783
0 755316 755317
1 869002 869013
1 601984 605581
0 69335 69336
0 904428 904430
0 24207 24217
1 218529 218530
0 413025 413026
1 640905 640913
0 461631 462432
1 7004 7005
1 383643 383645
1 736590 736591
1 257579 257580
1 763393 780275
1 278153 281547
1 564018 564030
1 551844 552523
0 864053 864054
0 963498 967772
0 350480 350660
0 62380 62391
0 832505 832513
1 376381 376850
0 1081963 1081965
1 391267 391400
1 646820 646823
0 289996 299603
1 68709 68710
0 514873 515796
1 776221 776229
0 228516 228568
0 494948 495629
0 259888 263803
0 686825 686826
0 300806 300808
1 581032 581048
1 402130 411199
1 564886 564887
1 609492 609493
1 735433 735643
0 180605 180606
1 890370 897044
1 72367 76895
1 125756 125757
1 691544 691546
1 518785 518787
0 554301 554302
1 504597 504598
1 638996 638999
1 886521 886556
1 52855 52885
1 587818 587828
1 441138 441139
1 96185 96197
1 286683 286684
0 1001351 1001354
1 804218 805069
1 879997 880108
0 227060 234261
1 700482 700810
1 322359 323088
1 1083880 1083884
1 176769 177603
1 467911 467919
0 272496 272690
1 521691 521692
0 810412 810414
1 725335 725336
1 778012 778154
1 50492 50556
1 199589 199878
1 688773 688777
0 635029 635062
1 363341 363343
0 190217 190220
0 623028 623030
1 207751 207761
1 945884 945886
0 658846 658887
1 158189 158190
1 818183 818186
0 61164 61165
1 539167 539168
0 878851 892678
1 940673 940817
1 484285 484287
1 31062 31063
0 432096 432097
0 983679 983682
0 648225 649071
1 686568 693214
0 673571 673572
1 112954 113439
1 608370 608371
1 772986 772994
1 704667 704698
1 377237 381644
1 974908 974929
1 355910 355919
0 558608 558794
0 512067 512115
0 760773 760774
1 886245 886265
0 624901 624902
1 819108 819111
0 7076 7077
0 570549 570559
1 482081 484998
1 324113 324130
1 668927 668929
0 200856 200859
1 743469 744057
1 771664 771665
1 782507 783182
0 864992 864993
1 206538 206649
1 980538 993968
1 612531 612594
1 13638 13641
1 615503 617055
1 600787 600856
1 622306 623256
0 658764 658770
1 163501 163502
1 444744 444747
1 68111 68553
0 958786 958810
1 165664 165665
1 699699 699700
0 689385 696034
1 573909 579163
1 758261 758314
1 270708 270887
0 383319 383364
0 756074 756090
1 47273 47274
1 643508 643515
1 634959 634964
1 585172 585175
1 359172 359437
1 1035107 1035108
1 65406 65407
0 968971 968972
1 796225 796226
1 832279 832283
1 520033 520296
1 991462 991463
0 1023847 1023935
1 887240 887246
0 883592 883601
0 689297 689300
0 362360 362373
1 176753 177293
0 293872 293877
1 724180 724181
0 70799 70804
1 284298 301444
0 608671 608675
1 157443 157444
1 883949 883963
0 24892 24897
1 119754 119755
1 724987 724989
1 319587 319588
0 330097 330099
1 272591 272596
0 231950 231951
1 172202 175140
1 958476 958480
1 954413 954425
1 906092 914792
1 1025947 1026154
1 244562 244563
1 618638 618639
1 477480 477484
1 174128 174222
1 699312 699313
1 275451 283267
0 232737 232749
1 576044 576045
0 725992 725993
1 620151 620176
0 995933 995934
1 675385 675386
1 95587 98365
1 566866 566867
1 219543 219544
0 517384 517385
1 417031 417054
0 509142 509412
0 7004 7005
0 731336 731337
1 167206 167223
1 1035788 1036734
1 748871 748873
0 83060 83061
0 285163 285753
1 796745 796759
1 811128 811166
1 954706 954716
0 810331 810353
1 190506 191054
1 578916 578917
0 334274 334277
1 1089166 1089169
1 324415 325154
1 1080130 1080131
1 579136 579141
1 497863 497865
1 467114 467276
1 655834 678500
1 12671 12673
1 856760 865628
1 120659 120767
1 1018324 1018325
1 509967 510026
0 1063068 1063557
1 435775 435891
1 894892 895099
0 996045 996047
1 770220 770240
1 984583 984595
1 1009339 1009340
0 755952 755953
1 158500 158623
1 269701 269703
1 194275 213373
0 67160 67162
1 698171 699178
1 1033208 1050868
1 903287 903294
1 24864 24935
1 198706 198707
1 351811 352072
0 268555 268852
1 406684 406685
0 389087 389104
1 527925 527926
1 6130 10593
1 675364 675365
1 18643 18662
0 931743 932352
1 278265 278294
1 498641 498642
1 1070633 1070640
1 473809 479132
1 1058184 1058194
1 687260 687277
0 356342 356350
1 285248 285277
0 206045 206046
0 624955 624977
1 412760 413146
1 396404 396410
1 539733 539734
1 172936 172939
1 500536 500721
1 537602 537836
1 1044331 1044356
0 900789 900804
0 731981 737119
0 687421 687914
0 391888 391892
0 25487 25508
1 147519 147520
0 521608 521609
1 221278 223593
0 546893 546895
0 1034431 1034437
1 669013 669022
0 100966 100967
0 228563 229664
0 474857 475165
1 956754 956763
1 400164 400165
0 1068778 1069237
1 482910 482911
0 1038377 1038914
0 719679 719680
1 490715 490716
1 473400 1030983
1 343946 343948
0 724965 727062
0 958450 959447
1 923479 923494
0 632795 633312
0 732269 733188
0 391359 393904
1 942534 949271
1 954883 954906
1 717280 718213
1 1018664 1018665
1 10943 10944
1 165064 165066
1 819868 820320
1 327694 328409
0 706928 706962
1 159319 159493
1 1055198 1055202
1 333787 344965
1 546145 546258
1 245689 245691
1 648686 648687
1 1023715 1023716
1 500038 500041
1 608071 608181
1 500939 501237
1 999903 999941
1 652223 652224
1 319353 319358
0 960620 960621
0 692243 692997
1 231423 231424
0 1063106 1088937
1 179123 179142
1 61189 61219
1 931784 931785
1 256541 256549
1 137814 137841
0 593278 593468
1 765345 765346
1 144217 144218
1 872921 876562
1 86427 89229
0 427304 427630
1 930675 930982
1 373727 373749
0 175928 176071
1 397659 407215
1 19796 20123
1 289527 289600
0 539838 539843
0 278084 278085
0 45170 45171
0 536979 536980
0 228719 231680
1 351349 351350
1 422795 422796
0 859153 859306
0 558442 558444
1 732650 732663
1 933995 934063
1 89669 91078
1 19504 19515
0 940404 951011
0 792107 798753
0 907951 907958
1 427917 427918
0 583704 583705
1 12405 12429
0 21930 21932
1 844792 854940
0 212239 213304
1 329996 329998
1 174325 174326
0 631113 631114
1 545450 545451
0 731713 731958
0 332883 333206
1 1040842 1040843
1 508766 508768
0 717280 718213
1 952968 953717
1 829358 829359
1 489546 489566
1 1063432 1085094
1 1078088 1078097
1 697439 697440
1 1070035 1089971
1 781464 781465
1 864847 867518
0 739786 740863
1 1015593 1015594
0 789663 789666
0 899793 899816
0 148353 154299
1 59463 59466
1 199744 199745
0 381549 382352
1 899305 905214
1 618478 618488
1 732765 732768
1 885078 885193
1 844288 844316
0 748303 748309
1 596379 596386
1 848978 848983
0 732942 732983
1 413697 413698
1 915249 915591
1 269569 269572
1 1078956 1078957
1 891388 891883
1 502633 502634
0 768939 768941
1 1084012 1084015
1 657144 657145
0 566090 566091
1 9745 9762
1 568501 568502
0 390021 390027
1 944419 944420
1 565616 565688
0 793716 793717
1 895680 897186
1 52598 52602
1 121202 121728
1 267933 280072
1 998460 998462
1 575660 579290
0 233282 233292
0 522128 526942
1 670603 670619
1 51810 51811
1 890061 897301
1 434713 434717
0 1079752 1079753
1 1056825 1056833
0 676080 676081
1 568111 571725
0 563680 563681
0 487751 499125
1 191038 191039
1 585869 586566
1 536910 537084
1 743699 743707
1 416356 431229
1 672207 672208
1 460421 460422
1 53310 53463
1 804349 804382
1 622347 623335
1 529154 529183
1 72874 72934
0 873875 874315
1 307418 308651
1 182762 182853
0 126842 126899
1 424622 424624
1 20509 20516
1 813568 813665
1 772984 773378
0 492502 492505
1 1005981 1011629
1 376262 376269
1 1040384 1040385
0 374688 374689
1 406251 408252
0 165518 165520
1 477880 477882
0 712480 714556
1 613299 613301
0 218783 221002
0 776229 776234
1 916354 916514
1 120155 120830
1 503164 503182
1 827252 827253
0 804779 804781
1 258330 258823
1 790051 790052
1 567029 567846
1 63144 63146
1 51678 51807
0 858331 858332
1 475873 475879
0 564333 564370
1 840147 840149
1 317169 318000
1 492564 492605
1 253251 253252
0 131435 152156
1 78543 78569
1 973567 973577
0 1042373 1042374
1 581200 599751
0 461656 461666
0 396422 396429
1 221208 235247
1 15582 15741
1 18989 18990
1 441163 441570
1 40027 40039
1 23986 23993
1 994830 994857
1 1017410 1017411
0 209704 209705
1 699559 699570
1 222281 222282
1 631519 631525
1 217802 218876
1 187299 187301
1 766852 766860
1 725943 725944
1 945519 945522
0 655212 655341
0 958898 958899
0 971478 971760
1 290631 290632
1 393321 393322
0 794387 794546
1 42819 42821
0 287353 287354
1 290680 290684
1 880117 880125
0 301383 301384
0 1023715 1023716
1 990346 990373
1 526245 526247
1 32694 32698
0 728985 729252
0 825936 825937
1 478504 478845
1 319667 319668
0 849088 849089
1 420543 420548
1 636270 636271
0 1044797 1044798
1 219980 220011
0 795370 795371
1 404685 404686
0 836134 836137
0 472885 473831
1 436841 436853
1 568379 568384
1 84819 84991
1 453862 454222
0 202535 202539
1 1076873 1076874
1 313244 313245
1 484395 484399
1 866081 866082
1 67017 67046
1 308591 308794
1 792948 792949
1 271842 271843
1 849353 849359
1 264515 264524
1 157611 159672
1 111047 111283
1 700281 708165
0 421943 770299
0 477365 477368
1 643653 643654
0 672345 672348
0 1083878 1085101
1 925368 926144
0 1044903 1044930
1 526229 526258
1 520392 520400
1 848950 848951
1 598636 598638
1 8701 8702
1 863496 863733
0 658428 658429
1 429613 429621
1 486791 486792
1 160637 160645
1 771737 771751
1 861669 861674
0 41292 41293
1 697788 699016
1 223129 224872
1 688503 693834
1 891730 891745
1 167104 170472
0 239786 240373
0 954017 954018
0 724934 725244
1 37610 37611
1 789265 789266
1 217413 217414
1 684088 684089
0 266258 266259
1 276766 276788
1 147467 147469
1 299038 299044
0 691037 694304
1 284309 284455
1 61843 61844
1 713578 714157
0 571396 571522
1 468619 468621
0 299111 299122
1 582985 588834
1 551160 556843
1 252738 252962
1 248134 248135
0 863068 863607
1 1036057 1036058
1 61691 61692
1 26936 27417
1 12826 23446
0 48828 48902
1 132049 132050
0 774244 774245
1 851763 851764
1 410266 414077
0 1012853 1012854
1 770774 770797
1 421844 421858
1 340932 340933
0 599201 599205
0 721348 721349
1 508597 508600
0 955062 957118
0 522870 522895
1 286889 286901
1 646259 646268
1 735022 735839
0 244879 244880
0 968754 968755
1 197747 197749
0 577608 578368
1 551575 551689
0 325895 326017
1 636677 636877
0 637142 637144
0 804376 804390
1 302123 302124
1 136204 136208
1 71646 71649
1 523543 523544
1 751675 751676
1 805614 805624
1 432110 432112
1 216281 216283
1 1065647 1084789
1 916041 916055
1 455572 455579
1 426645 426646
1 768624 768628
0 267418 267419
1 304822 304835
1 939900 940182
1 410339 410341
1 1054605 1054606
1 647494 651274
1 711872 712318
0 712995 713023
1 973894 974288
0 742247 742936
0 1047106 1047107
1 975615 978288
1 912892 912895
1 188670 188707
1 248447 248448
1 603799 604298
1 841678 841685
1 47499 47515
0 302842 302845
1 569868 576931
0 844202 844206
1 851911 851912
1 828676 828678
1 466966 467217
1 380746 382425
0 701468 701493
1 1025105 1025106
1 998187 998869
1 1069463 1070493
1 548797 548798
1 719613 719616
0 173785 173794
1 165480 170229
0 883930 884232
1 931357 931663
1 65640 65642
0 385884 385888
1 506362 506673
1 391342 391343
0 429257 429276
1 201770 201772
0 489631 491458
1 94037 94038
0 363600 363628
1 903391 903393
1 228792 229237
0 312376 312380
0 30169 30199
1 310702 310704
0 166527 166528
1 332060 332061
1 607512 607614
1 1001985 1012172
0 847126 847127
1 24958 24959
1 90528 91314
0 571305 571311
1 579363 579368
0 768362 768375
1 376362 376664
1 1083763 1083817
0 575604 575606
1 35889 35895
1 875504 875505
1 790480 802923
1 106982 109855
0 152955 154500
1 54912 54913
0 832701 832771
1 764231 764247
1 809443 810036
0 147970 147971
1 815133 815138
1 643339 643343
0 927674 927776
1 127348 127371
1 985099 985100
1 1069894 1069995
1 498005 498006
0 485274 485995
1 831966 831967
1 46010 56839
1 1061849 1061861
1 439076 439079
1 313160 313363
1 384740 385761
1 208415 208421
1 851390 851398
0 496282 496284
1 500119 500120
0 843820 843821
1 421457 421458
1 122908 122909
0 609728 609730
1 669614 669652
1 222315 222316
1 623961 624005
0 554369 554370
1 743927 743933
1 132729 132734
0 603442 603443
1 57146 57192
1 572216 572217
1 1054285 1054934
1 643642 643650
0 955111 955118
1 622915 622916
1 36950 36953
0 579136 579141
0 954522 954524
1 1067229 1087624
1 401752 401753
1 597335 597336
1 712920 718359
1 81163 81389
1 41506 41561
1 208438 208442
0 889879 889956
1 342947 343006
1 504291 504356
1 84665 84956
1 491056 491198
1 268664 282762
1 52725 52726
1 483068 483161
0 982648 982650
0 279899 279908
1 570266 570270
0 758379 758442
0 546145 546258
1 974775 975104
0 359794 359795
0 229649 229650
1 1074224 1074254
0 1006423 1006600
1 2666 2702
0 850669 850670
1 442622 443521
0 239003 239006
1 476737 476738
1 792542 792581
1 192348 192350
1 563343 563344
1 134845 134849
1 287671 287678
1 625156 627170
1 849113 849133
0 1039382 1039383
1 315849 315919
0 322110 322112
0 889299 890131
1 113022 113025
1 406293 406295
1 45899 45900
1 16265 35601
1 1048897 1048898
0 568095 568096
1 756342 756357
1 158402 158403
1 620816 620817
1 814678 814801
0 256081 257991
1 585354 597171
0 149569 149575
1 576305 576440
1 143681 143684
1 1074523 1090606
1 1059723 1060347
1 755472 755476
1 1059807 1060454
0 329580 329582
1 813854 813855
1 114952 124755
0 916246 916402
1 516478 516479
0 627590 628218
0 56544 56917
1 57520 57521
0 89824 92350
0 551986 551987
1 582994 582995
1 235936 235950
1 492653 492944
1 323607 337961
1 719685 719699
1 939032 950873
0 496211 496224
1 824296 824297
1 160258 160276
1 941368 941370
1 306576 306604
0 786056 786057
1 120948 120963
0 898252 898254
1 858129 858563
1 1002499 1002501
1 923806 923830
1 818830 819151
1 920729 920731
1 312746 312747
1 1074053 1074286
0 1081651 1081666
0 276766 276788
1 722177 722277
0 613837 614150
0 165563 165572
1 840160 840187
1 140386 140391
1 489136 489329
0 4948 5143
1 646471 646477
1 955512 955646
1 885986 888151
1 245541 245863
1 116938 117167
1 233454 233457
1 660930 660952
1 40290 40294
1 475587 479723
0 286912 286935
1 583969 628808
1 761770 761771
1 662725 662802
1 617976 619326
1 1035981 1035982
1 861468 861504
1 855576 855910
1 759119 759122
1 1039516 1039756
1 228310 228416
1 833430 833470
0 513575 513746
0 797400 798067
1 268139 268151
1 246868 246870
1 107148 107156
0 553367 553507
1 771738 771756
1 186936 215061
1 805446 807560
1 941558 941559
1 553732 553733
1 732531 732665
1 1042591 1042731
1 318705 319120
0 444195 444210
1 762852 776954
1 778028 778030
1 83145 83147
1 840345 840449
0 742306 742964
1 800289 800291
1 985915 985933
1 232554 232557
1 1003729 1003730
1 507432 507433
1 424070 424073
1 660042 660114
1 944206 950598
1 182732 182797
1 45000 45001
1 286353 306098
0 234297 234301
1 159799 159804
1 121033 121624
1 268939 268969
0 278675 279041
1 960008 960048
1 486003 486298
1 752804 752805
0 487500 487502
1 436871 437413
1 391341 391344
0 15053 15058
1 761375 761537
1 729994 731327
1 356889 356934
0 957443 957444
1 863989 863997
1 218162 218163
1 817998 817999
1 279632 279633
1 458597 458610
1 749742 749743
1 85010 90147
1 490157 491031
1 571635 571636
1 261550 261567
1 246520 246522
1 580281 581241
0 951443 951444
1 357983 357986
1 1078174 1078175
0 240117 240118
0 1011072 1012024
1 676167 676168
1 251562 251760
0 776644 776645
1 676000 676113
1 742229 742784
0 358905 358906
0 63212 74728
0 377676 377975
1 550003 550004
0 172194 172195
1 972497 972814
1 101637 101640
1 375103 376079
1 613926 613929
1 782329 783082
1 467050 467490
1 93973 95134
1 87665 87666
0 853365 853367
1 106576 106597
1 437155 437159
1 504843 504844
0 459772 460083
1 248344 248345
0 332878 332879
0 782366 783190
0 820159 826522
0 450476 457783
1 259391 259392
1 759642 759643
0 669705 669712
1 848979 848980
1 289240 293224
1 61408 61410
1 578334 578335
1 264512 264515
0 398116 398123
1 212982 212986
0 233046 233047
1 1068807 1068884
1 56135 981008
1 474678 474679
0 657415 663713
1 934068 934358
1 643527 643528
0 526404 526405
1 190509 190511
0 946180 946181
1 985009 985010
1 379336 379774
0 929770 929772
1 201053 213698
1 782562 782572
1 54396 54397
1 674311 674312
1 699899 699901
1 393595 393615
1 499582 499583
1 861860 861861
1 521038 521121
1 104299 104303
1 145105 145106
1 456891 457072
1 989930 989931
1 529317 529481
0 25174 25189
1 72762 72779
1 536959 536963
0 578663 578665
0 733838 733839
0 175052 175054
1 486452 497163
1 201501 201502
1 576237 576238
1 701301 701655
1 263997 266292
0 381922 381923
1 359275 363885
0 12860 12861
1 270502 270503
1 288965 310238
1 609165 609166
0 392575 396181
1 330949 343428
1 345093 345094
0 987580 988435
0 196305 196308
1 390558 390561
1 541768 542063
0 107674 110034
1 946068 948361
1 1036417 1036717
1 125843 125846
0 1089166 1089169
0 586448 586628
0 475468 475470
1 932575 932780
0 244504 244523
1 87947 88443
0 508217 508218
1 756520 780212
0 801275 801276
1 426429 426432
0 600062 600063
1 26198 26271
1 40186 40187
0 1004814 1005087
1 632760 632761
1 958724 958725
0 995016 995228
1 674762 674766
1 389847 389890
0 909334 909338
1 807596 810156
0 820970 821072
1 849592 849596
0 179279 179422
1 324082 325345
0 616960 616962
1 23745 23747
1 147959 152658
1 63526 63527
1 201895 201898
1 879368 879369
1 841790 841800
1 364172 364340
1 725698 725700
0 669222 669223
1 632929 632936
0 162811 162922
1 981209 981219
1 227109 227146
0 536081 536140
1 562044 562045
1 225296 225297
0 833653 854938
1 723772 723774
1 131334 155819
1 551533 551535
1 875827 875967
1 1032820 1033466
0 501676 503903
1 955333 955334
1 164962 164963
1 803605 805090
1 334147 334148
1 908585 920868
0 340297 340324
1 208729 208840
1 769440 769454
1 218441 218445
0 354116 354118
1 753603 753606
0 684242 685918
1 969030 969034
0 38518 38889
1 918510 918858
1 856606 866453
1 1082403 1082544
1 872324 872338
0 682318 682323
1 220217 220533
1 819640 819645
1 241774 241775
1 59615 59616
1 532974 533015
1 482798 483071
1 519115 519116
1 459814 473935
0 125645 125646
1 834196 854673
1 393173 393276
1 506132 506232
1 591993 591996
1 1065794 1065813
1 639253 639254
0 689890 689892
1 470606 470704
1 141867 141868
1 803819 803835
1 378350 378351
1 493309 493315
1 64006 64007
1 892431 892504
0 792542 792581
1 3357 3596
1 685818 694217
1 160078 160109
0 411646 411656
0 1035550 1035551
1 236529 236667
0 420732 433261
1 231669 231670
1 887326 887328
0 219837 227557
0 318054 319943
0 903150 904531
1 795835 796010
1 356812 357005
0 998810 998831
1 164284 170764
1 200277 212797
0 125897 134731
1 208334 211639
0 450547 450549
1 233470 233471
1 710994 711043
1 6852 7498
1 685275 692054
0 753643 753645
1 78279 91170
1 353230 353306
0 238062 238084
1 640148 641103
1 110155 110160
1 566050 566783
0 514328 514337
0 306603 307779
0 942463 942469
1 1000595 1000616
1 572535 572553
1 180627 180629
1 9688 9691
1 804132 804173
1 301481 309984
0 258898 259203
1 629794 629795
1 1011103 1011112
1 116203 116389
1 764789 764841
1 83292 84754
0 642002 642023
1 1007363 1009177
1 326933 327000
1 855874 866010
1 837276 837283
1 1050034 1050035
1 363399 363520
0 209699 209701
0 595824 595837
1 664577 664578
0 799545 799561
1 315353 315354
1 25687 25688
1 610896 611113
1 259726 259737
1 1084210 1084223
0 944404 944407
1 278168 278173
1 1046692 1046693
0 41892 55663
0 142943 142944
1 277438 277444
1 735007 735734
1 575858 575859
1 297456 297457
1 50937 57029
0 527602 527603
1 632021 633397
1 93702 93896
1 844037 844043
0 647316 647570
1 894531 894649
1 144131 152344
0 902455 902467
0 992050 992051
0 403990 403991
1 530657 530658
0 600438 600440
0 440018 440019
0 201336 201340
1 74303 74304
1 810966 811024
1 183624 183764
1 104854 104897
1 592967 592968
0 700601 700651
1 442904 447093
1 1074404 1074406
1 243621 243631
0 379525 379538
1 808186 808200
0 58313 76712
1 601659 601660
1 863392 863720
1 38236 38260
0 404534 404536
1 761241 767377
1 639227 639229
1 863830 863832
1 74944 74945
0 907029 911202
0 97385 97389
1 699593 699595
1 503239 503242
1 483794 483795
1 53439 53443
1 734342 750148
0 190440 190451
0 589102 589104
1 546754 546971
1 37229 37236
1 281016 281018
1 792275 792276
1 160631 160632
0 724084 724087
1 757318 757345
0 440280 440288
0 1053697 1053807
1 692464 696374
1 139016 139042
1 814626 814792
1 334124 334142
1 734370 749943
1 799864 799865
1 91855 91856
1 33947 33948
1 1068515 1068522
1 360812 360944
1 559597 559786
1 622495 622508
0 674269 674287
0 1037806 1037808
1 293028 293031
1 322717 323105
1 409260 409262
0 606516 606517
0 405117 405118
1 1057335 1057362
1 163038 163039
1 126685 153660
0 759015 759016
1 143794 143799
1 573993 580174
1 619271 621933
1 487795 487796
1 141698 141699
1 223988 224655
0 93789 616497
0 721579 721580
1 1082937 1086657
1 398859 400262
0 322999 323212
1 624330 626991
0 444 445
1 20852 22797
1 930566 930568
1 326544 326595
0 292454 292455
1 762078 762265
1 537849 537977
0 587602 592094
0 890278 890609
1 869210 869304
1 560934 561301
0 396792 397485
1 1038676 1038677
0 156170 156193
1 766049 766052
1 935227 935238
1 102705 102706
1 577977 579898
1 883396 883400
1 568699 568805
1 708278 708284
1 217508 218335
1 699401 699985
1 477321 477323
1 953156 953169
1 952958 952978
0 392534 392536
1 325852 326984
1 522308 522309
1 182277 924928
1 178805 178817
1 771684 771700
1 289413 289414
1 19468 34182
0 648453 648454
1 175423 175610
1 23073 23074
1 295801 295939
1 35591 35592
1 872565 872566
1 551640 551643
0 533302 533337
1 138817 150209
1 659849 659850
1 17475 17477
0 1089439 1089441
1 735622 748176
0 753132 753133
1 211694 211698
1 841179 841258
1 68755 68756
0 238859 238870
1 588888 588955
1 106184 106185
1 926427 926686
1 716739 716741
0 66637 66642
1 761197 779377
1 340158 340171
0 496724 496917
1 191277 191278
0 226783 226785
1 232884 232886
1 84151 84153
1 1058921 1058922
0 127348 127371
0 128840 129978
0 136846 136847
1 851311 851336
0 294082 294083
0 484953 484955
0 93789 93791
0 581261 581276
1 813208 813209
1 773348 773355
1 1060814 1060880
0 8062 8075
1 80118 80120
1 942986 942987
0 731754 731756
1 125433 127937
0 114952 124755
1 655039 655040
1 463641 464043
0 731309 731312
0 847201 847229
0 379178 379892
0 84044 84046
1 1056014 1056016
1 618406 618408
1 332460 332468
1 981483 981638
1 446782 447374
1 1045707 1045716
1 711909 712609
0 795321 795322
1 291935 291950
1 382596 382638
1 243685 243686
0 55240 55314
1 793748 793749
1 756666 756679
1 266640 267069
1 725844 725845
1 567680 567682
1 980635 980638
0 366678 366682
0 502633 502634
1 570080 570081
1 642843 642845
1 771017 771018
0 445653 445667
0 2045 2066
1 600211 600221
0 829511 829528
1 162671 163079
0 226763 227001
1 989234 989258
1 534161 534489
1 298315 298316
1 470309 470340
0 148019 148021
1 229198 229200
1 137394 137395
1 740016 741560
0 908231 908233
1 884351 890449
1 292275 292286
1 130239 130557
1 1020091 1020092
0 914576 914578
1 857153 859029
1 607954 609606
1 347307 353014
1 458805 458807
1 541130 541141
0 449962 449963
1 417412 417413
0 314955 315872
1 430071 430079
0 236859 242160
1 667605 667606
1 647027 647035
1 350717 350774
1 62052 62054
1 987435 987437
1 730983 730984
1 485508 485691
1 221132 221167
1 57882 57921
0 590546 590548
1 125232 134790
1 884507 885119
1 960067 961178
1 477661 477681
0 356264 356409
1 340257 340259
1 374680 375539
0 248685 248758
1 406499 406509
0 435261 435262
1 1014961 1014966
0 560051 560258
1 914239 914251
1 958687 958688
1 17228 17230
1 1036479 1036480
0 327450 327461
0 489669 491248
0 782777 783078
1 760587 760588
1 884557 884559
0 159799 159804
1 716868 721560
0 13525 13526
1 102896 102903
1 1058504 1058511
0 692313 692317
1 280202 280204
1 416889 417039
1 305375 305376
1 835801 835812
0 59021 76925
1 315152 316028
0 700644 700645
1 39215 55752
0 476647 476650
1 665648 665652
1 601392 601395
0 137132 137133
1 356602 356603
1 645441 645669
0 1034134 1034187
1 714076 714077
0 787428 787430
1 808115 808116
1 943691 943692
1 980196 980197
0 473264 473266
1 903386 904305
1 756370 759945
1 889045 889086
1 530673 530674
1 244605 244608
1 166185 166229
1 566496 566499
1 90289 90299
1 856650 859186
1 1067036 1067487
1 446247 446248
1 55938 57020
1 1069447 1070089
1 326096 340566
0 284474 284475
1 100235 100270
0 495168 495169
0 963901 963902
1 798924 798930
1 83021 83055
0 298535 299937
1 12935 13001
1 682093 682094
1 92688 92689
0 718111 718367
1 251571 251742
1 573849 573852
0 942841 942842
1 887850 887858
1 765632 765655
1 459040 459041
1 67489 67490
1 571368 571369
0 357904 361200
1 317590 317917
1 877465 877467
1 722179 722183
1 417047 433519
1 21827 21831
1 219354 219397
1 731184 731962
1 236705 236708
0 776084 776654
1 818421 818422
1 82726 83518
1 892933 892935
1 557289 563059
1 18561 18562
1 851246 851257
1 1064734 1072134
1 398469 398474
1 106781 106797
1 515569 515570
1 277113 277217
1 501426 503322
1 122045 122047
1 644462 644479
1 293000 306825
1 884778 884787
1 175395 175615
1 542212 542213
1 41087 41088
0 312283 312285
1 729981 729996
0 167780 167864
1 430962 430968
1 1005985 1006365
1 529713 529902
1 677814 677820
0 1006432 1006730
0 359734 364053
0 456661 456662
0 633069 633070
0 88207 88307
0 425576 425584
0 147061 147067
0 357248 357249
1 1031643 1031647
1 624007 626468
1 973265 973290
1 848737 848740
1 149021 149023
1 135241 135258
1 12314 12315
1 238227 238238
0 975349 975355
1 203465 203468
1 849251 849256
0 635867 635877
1 992510 992511
0 469362 469363
1 679046 679060
1 260666 260693
1 429899 429961
0 774400 774430
0 52474 52490
1 1057887 1057888
1 670759 670761
1 848118 848121
1 526464 526466
1 131346 131349
1 590793 603983
0 534333 534334
1 652674 924419
0 22761 22842
1 647715 647716
1 148093 148094
0 886967 886968
1 1079334 1079338
1 428015 428628
0 877585 896134
1 916196 921155
1 1349 10436
1 785534 785536
0 293108 305275
1 215428 215429
1 792200 792215
1 177142 177143
1 144281 144304
1 1072393 1072400
0 279050 283575
1 120547 120549
0 929089 929264
1 768964 768968
1 177451 177456
1 285151 293193
1 836175 836176
1 332718 333078
0 114615 114635
0 273896 281775
1 190412 190413
1 498863 498866
1 828511 828512
0 443263 443268
0 118758 119160
1 222590 222592
0 1003729 1003730
1 570440 578868
1 469999 470000
1 145907 145908
1 602243 602293
0 916354 916514
1 287831 292531
1 3170 3189
0 574958 579270
1 751180 751182
1 321192 321193
1 26667 26955
0 611725 612828
1 1084614 1084618
0 95544 99669
0 966608 966609
1 712635 712853
1 199624 199678
1 338306 338308
1 181977 182021
1 623886 623910
1 238152 238153
1 891108 891109
1 139066 139067
0 482477 482478
1 812833 813362
0 57937 75879
1 1038636 1038643
0 629141 630103
1 472798 473687
1 105621 105623
1 599501 599573
1 414763 414764
0 972396 972640
1 726799 727433
1 680879 680884
0 925927 925929
1 167032 172032
1 42755 42756
1 877924 877926
1 1036538 1036572
1 598965 598996
1 166001 166003
1 131324 131421
1 428961 428967
1 939005 939147
1 675004 675005
0 904179 904181
1 576479 576480
1 35409 35410
1 194393 208853
1 201292 201313
1 197157 197158
0 383974 383985
1 112962 112967
1 818127 818128
1 129430 129432
0 329983 330037
1 756391 756392
0 753655 753664
1 1015343 1016214
0 712635 712853
1 874706 877357
1 1061363 1061385
1 435043 435333
1 83831 83832
1 158419 158420
1 927552 927554
1 300663 300666
1 519043 519553
1 297936 298198
0 989224 989798
0 149574 152668
1 652022 652023
0 360581 365393
1 771278 771298
0 818518 818677
1 1070926 1070931
0 386471 389712
1 1877 1878
1 709494 709959
1 186618 186621
1 802058 802084
1 1072523 1072539
0 922191 922197
1 694770 694771
1 933034 933462
1 201674 201677
0 1069582 1069587
0 472312 472314
1 489121 489123
1 944927 944937
1 136850 136860
1 1017208 1017209
1 382554 383762
1 1018639 1018640
1 334256 334258
1 2496 10509
0 446577 446981
0 663163 663164
1 119177 119325
1 140385 140389
1 325678 325685
1 327262 342161
1 398133 398135
1 890042 890043
1 190094 211064
0 722068 729456
0 575488 575489
1 719399 719400
0 981331 981422
1 552864 553223
1 368478 381558
0 133453 133465
0 361521 361666
1 1038431 1038475
1 509280 509497
0 713848 713851
0 1031911 1031945
1 49063 49196
1 997391 997837
0 942249 942367
1 289612 291378
0 603824 603826
1 660004 660005
1 696598 696599
1 476760 479420
1 660040 660045
1 388172 388621
1 462340 462862
0 552146 552815
1 320255 320902
0 114733 114734
0 687730 687732
1 243391 243396
0 832252 832253
1 224203 230005
1 217496 222101
1 200245 200246
0 1027939 1027940
1 101338 101339
1 27993 27994
1 152962 152965
0 812936 812940
0 294882 294883
1 245845 253387
1 674650 674673
1 67084 67505
1 870865 870869
0 1075982 1075991
0 117073 117268
1 376177 376178
0 901604 902837
0 706145 706164
0 689840 693839
1 418198 418199
1 768626 768651
1 115083 115102
1 77993 91614
1 570009 570011
1 1083405 1083465
0 412952 412953
1 450316 458476
0 346440 346441
0 368603 368606
0 166882 166883
1 623803 623805
0 224715 226550
0 663907 677616
1 968385 968386
1 681302 685924
0 919006 919629
0 27954 27956
0 556958 556960
1 631648 631649
0 1036866 1051123
1 633689 633695
0 577761 577825
1 1014126 1014150
0 14994 14995
